task_id,task_title,task_description,priority,deadline,assigned_to,status,category,estimated_hours,created_at
1,Opportunity item indicate.,"Property agreement position. Decide hundred claim phone represent somebody building.
Point way whom.",Medium,2025-11-04,Shan,Pending,Documentation,9.7,2025-10-06 02:08:13
2,Wish article hand.,Listen forward young common nice image. Yeah vote admit or all. Weight way change station task guy.,Medium,2025-11-24,Dia,In Progress,Documentation,1.3,2025-10-22 13:50:40
3,Dinner system.,Require friend here back project accept party large.,High,2025-11-26,Dia,On Hold,Bug Fix,7.5,2025-10-03 15:11:00
4,Sort right parent.,"Director service kid want.
Third fish hospital hand not.
Tree sit well standard center term father return.",High,2025-11-21,Shan,In Progress,Feature,3.2,2025-10-05 05:23:17
5,Type knowledge question there drive.,Question difficult professor plan southern. My defense special soldier. Ago scene food first child.,High,2025-11-02,Shan,Completed,UI/UX,5.8,2025-10-11 19:53:32
6,Hundred fly morning billion.,Paper power fund first thousand. Sport head participant than.,Critical,2025-11-25,Dia,On Hold,UI/UX,6.9,2025-10-09 19:09:01
7,Language pass break.,Language how animal same. Across born maybe four across site worry. Affect information career.,Critical,2025-11-26,Akin,Completed,Bug Fix,9.7,2025-10-27 15:46:39
8,Minute management follow.,Material more build contain. Close century across after agent power energy. Explain life people skill.,Medium,2025-11-08,Jane,In Progress,Feature,2.7,2025-10-29 18:29:13
9,Study help.,Eye cut artist middle all establish.,Critical,2025-11-01,Jo,In Progress,UI/UX,2.6,2025-10-27 10:49:12
10,Tend national base.,Machine enter although these. Sign according when state various what building. Industry upon institution enter very.,High,2025-11-11,Jane,Completed,Documentation,4.4,2025-10-23 01:34:49
11,Marriage stock third late you.,Understand tree back make magazine believe difficult. Himself western design me measure production more cell.,Medium,2025-11-01,Shan,In Progress,Feature,4.7,2025-10-05 14:19:42
12,Deep their it.,Despite eight structure minute two attention hit area. By really fish guess election image build.,Low,2025-11-22,Akin,Pending,UI/UX,1.9,2025-10-18 02:25:42
13,Put value event.,"Day would understand. Such time raise plan position to on.
Play son significant current less.",Low,2025-11-01,Dia,Completed,Feature,6.6,2025-10-27 20:39:27
14,White any.,Role down what laugh everything laugh. Speech across consider watch matter.,Medium,2025-11-26,Jo,On Hold,UI/UX,5.6,2025-10-26 05:40:18
15,Talk box body southern.,Science who thing me maybe. Think region class attack picture soon.,High,2025-11-10,Akin,Pending,UI/UX,4.5,2025-10-25 18:07:00
16,View half role ahead.,Course major certain candidate a listen hit. Difficult responsibility region blood trade.,Medium,2025-11-05,Dia,Pending,Bug Fix,4.6,2025-10-20 12:43:27
17,Local eye personal.,Sit recognize meet. Certainly well should thank follow bank raise. Middle behavior through staff age.,Low,2025-11-01,Dia,Pending,Feature,3.5,2025-10-06 05:08:58
18,These doctor.,Leader it join provide. None true impact approach. Ready plan food quickly generation.,Low,2025-11-09,Akin,In Progress,UI/UX,6.8,2025-10-12 19:40:50
19,Including turn stand maybe.,Goal ago item others bit bit enjoy. Everyone it determine life simple.,Critical,2025-11-12,Akin,In Progress,Bug Fix,4.8,2025-10-09 17:44:15
20,Look here question important.,Include cut bad country. Too floor glass little research star else.,High,2025-11-06,Akin,Pending,Bug Fix,4.8,2025-10-17 08:33:20
21,Light five human.,Same he involve look. Employee sport still during likely strategy notice. Must forget rather.,Critical,2025-11-27,Akin,In Progress,Testing,5.0,2025-10-21 03:44:26
22,But who fear occur.,Management process sort until benefit. See suffer research suddenly husband season.,High,2025-11-06,Shan,In Progress,UI/UX,8.1,2025-10-17 18:04:26
23,Fast sense head month.,Voice everything nearly happen. Member choice end want. Two production next value.,High,2025-11-18,Akin,Pending,Feature,1.2,2025-10-02 09:42:13
24,Yourself hundred ahead.,Where knowledge nice. Could huge street media wish just drug.,Critical,2025-11-09,Akin,On Hold,Bug Fix,1.1,2025-10-13 22:33:57
25,Bad fish agency.,Take actually know receive her unit.,Critical,2025-11-25,Jane,In Progress,Documentation,2.7,2025-10-07 11:38:50
26,Where ball standard.,Plant cell free morning technology. Interesting new good any water arrive cell.,Critical,2025-11-15,Akin,On Hold,UI/UX,5.5,2025-10-03 04:25:34
27,Star edge car floor.,Personal citizen will president. Response money score business million thought. Outside want anyone produce view.,Critical,2025-11-22,Jo,Pending,Testing,2.5,2025-10-27 05:54:16
28,Old may staff.,"President Mr movement operation.
Language low create recognize second late activity.",Low,2025-11-24,Dia,In Progress,Bug Fix,6.2,2025-10-11 11:39:13
29,Anything entire sense Republican increase.,Arrive lawyer tough kitchen class low. Work at let court.,Low,2025-11-12,Jane,Pending,Feature,5.4,2025-10-07 12:24:44
30,Political white even.,Radio person good far where glass law. Place alone financial why police large defense.,Medium,2025-11-21,Dia,In Progress,Feature,1.1,2025-10-17 11:29:16
31,Woman yes.,"Network need skin mean.
World bed tax season experience. Stop consider the necessary boy least.",Medium,2025-11-27,Jane,Completed,Testing,4.3,2025-10-23 10:28:00
32,Deep film.,Grow product value move face however power. Reason action including between concern or campaign toward.,Medium,2025-10-31,Akin,Completed,Testing,7.2,2025-10-29 03:36:02
33,Agree night.,Heavy moment their lead prove data end. Speak late agree church result.,Low,2025-11-14,Akin,In Progress,Bug Fix,7.6,2025-10-01 02:31:54
34,Attack peace yeah.,Wide its commercial while force. Weight single manager leader design water. Home their minute new toward.,Medium,2025-11-16,Shan,In Progress,Testing,9.9,2025-10-17 14:21:40
35,Most term wind.,Hold kid real hand key. Explain sort sit site whatever lot.,High,2025-11-06,Akin,On Hold,Feature,6.3,2025-10-10 16:06:36
36,Write free wait whose rise.,Bag eye charge pick physical past. Guess personal deep institution side. Western prepare understand later amount.,High,2025-11-26,Akin,In Progress,Documentation,3.5,2025-10-16 10:35:35
37,Career right.,Audience prevent memory drop hotel. Respond turn each Republican.,Medium,2025-11-08,Dia,Completed,UI/UX,2.8,2025-10-14 22:41:51
38,Range well.,Two Democrat chair daughter hear. Their stay fact describe.,Critical,2025-11-18,Akin,Completed,Bug Fix,5.2,2025-10-24 20:32:19
39,Of employee sign discover.,Someone country take my.,Medium,2025-11-09,Dia,Pending,Testing,2.0,2025-10-07 11:38:52
40,College if environmental action story.,More can break blood even. Organization imagine future sign must entire six.,Medium,2025-11-27,Akin,In Progress,Documentation,8.2,2025-10-28 16:22:13
41,Way role house candidate table.,Sometimes new realize budget. Right attorney nor son into.,Low,2025-11-02,Jane,In Progress,Bug Fix,5.7,2025-10-06 13:09:50
42,Into tree boy.,Meet tax far can leader. Only only brother prevent raise seven.,High,2025-11-10,Jane,Completed,Bug Fix,6.7,2025-10-10 13:29:25
43,Ten brother audience view name.,Personal forward share recognize thus. Green effort give serve here husband decide hospital.,High,2025-10-31,Dia,Completed,Documentation,9.4,2025-10-13 16:14:27
44,Size send safe if.,Everyone may boy laugh onto church send. Test bill our room. Present sound television possible rise walk risk cultural.,Critical,2025-11-25,Jane,On Hold,Testing,3.2,2025-10-28 00:45:03
45,Player agreement loss decade look.,"Something degree however voice.
Write whose know station. Wrong sure news can.",Low,2025-11-05,Dia,Pending,Bug Fix,2.2,2025-10-06 10:44:53
46,No hold down style everyone.,Light check late position town bring its. Maintain avoid candidate. Draw unit gun determine apply identify in.,High,2025-11-14,Dia,Completed,Documentation,5.6,2025-10-17 08:20:27
47,Field middle individual.,Soon fast leave wonder human happy. Enjoy well far reach decade theory. Hot once majority statement threat.,Low,2025-11-18,Shan,In Progress,Documentation,8.2,2025-10-06 10:52:26
48,Particularly go.,Model hair environment allow. Since run who feel.,High,2025-11-01,Jane,On Hold,Documentation,2.7,2025-10-25 06:31:44
49,Future develop system suggest.,Positive machine least fact law skill kitchen. Impact without level free soldier during.,Medium,2025-11-23,Akin,On Hold,Bug Fix,4.0,2025-10-11 21:43:40
50,Right morning energy.,Full about else support. Plant sign front may mind establish report.,Critical,2025-11-21,Akin,In Progress,Feature,1.2,2025-10-26 09:11:48
51,Part rate season present.,Live add computer late part study hour. Old clearly why back industry radio second.,High,2025-11-12,Shan,Pending,Documentation,9.8,2025-10-19 19:56:25
52,Offer give.,Economy hope direction loss. Pressure physical surface southern kind.,Critical,2025-11-06,Jane,Completed,Testing,1.8,2025-10-30 04:02:47
53,Performance history what hope.,Since bag a anyone have coach. Size everybody sort door travel kitchen sort.,Low,2025-11-12,Dia,On Hold,Testing,3.4,2025-10-07 20:33:05
54,Baby pattern hand low.,Agency region bad case purpose father budget board. Beat actually current near. Hair center strategy.,Medium,2025-11-23,Jane,On Hold,Feature,5.1,2025-10-28 17:04:52
55,Western whether.,Join drive federal charge. Feel the project different. Quality radio trial final can stay. Score sit much.,Low,2025-11-24,Jo,Pending,Bug Fix,9.0,2025-10-12 20:44:46
56,Create including.,Quickly let do situation ahead. Mouth character middle care want.,Medium,2025-11-16,Dia,Pending,Documentation,5.1,2025-10-19 12:20:06
57,Yourself kid interesting.,"For age dog charge design matter defense. Fish idea kind message past.
Then build value born enter structure sell.",Medium,2025-11-07,Dia,Completed,Bug Fix,4.4,2025-10-27 03:43:38
58,Day performance.,Will prevent thank coach tough front imagine ready. Religious success bank trade themselves director line.,High,2025-11-25,Jo,On Hold,Documentation,9.1,2025-10-01 07:26:32
59,Product American center.,Nothing which describe media only model. Media at science third suggest material.,Critical,2025-11-03,Dia,On Hold,Documentation,6.8,2025-10-28 18:04:38
60,Structure only.,Hot seven way be course media nearly. Them direction scene.,Low,2025-11-02,Jo,Pending,UI/UX,7.7,2025-10-22 20:28:22
61,Young value white thousand whole.,Chance once business send green listen. East group mission soldier some medical.,Critical,2025-11-28,Shan,Pending,Documentation,6.4,2025-10-17 10:32:30
62,Performance two source people.,Unit interesting control six. Face movie religious let sport. Two high kitchen rock first buy six.,Medium,2025-11-13,Jane,Completed,UI/UX,5.7,2025-10-23 13:20:20
63,Relate none space employee.,Trouble role left soon top item. Part mission cell want. Major letter seven clear pick particularly gun.,Low,2025-11-23,Dia,Pending,Documentation,5.1,2025-10-05 11:05:11
64,Experience just Mrs.,Statement lose sister include. Win factor rise very vote young TV then.,Low,2025-11-06,Jo,Pending,Bug Fix,2.1,2025-10-10 17:01:16
65,New person husband.,Soldier customer city to just community. Society fine team reflect. Heavy new land million.,Low,2025-11-24,Akin,Completed,Testing,3.8,2025-10-10 15:14:39
66,Still something within.,"You dog artist have fly expert.
Democrat lawyer think top population. Rock his realize reflect collection fund.",High,2025-11-07,Jane,On Hold,Bug Fix,9.4,2025-10-20 17:11:27
67,Then article table customer.,Professional if direction economic animal thing. Process total kid already sure. Last consumer project three.,Critical,2025-11-22,Shan,On Hold,Testing,7.8,2025-10-17 05:15:41
68,Upon effect plant detail.,Outside mention subject pretty sense. Design list impact white.,Low,2025-11-16,Jane,On Hold,Bug Fix,1.2,2025-10-13 13:54:42
69,Voice rule.,Bank raise activity tree build thank. Small indeed since maybe professional our.,Medium,2025-11-03,Jo,Pending,Documentation,3.6,2025-10-28 08:55:32
70,There scientist green interview thank.,Little office visit to. Ago eat baby recently customer how phone. Image like candidate.,Low,2025-11-12,Jane,In Progress,Feature,3.3,2025-10-20 07:33:36
71,Church window wish.,Executive smile media college military answer. Relationship deal dog author strategy.,Low,2025-11-10,Dia,On Hold,Documentation,3.1,2025-10-12 00:03:27
72,Administration fine write TV apply.,Next join drop. Seat need inside lay letter continue recognize. Happy for window up consider would may.,Low,2025-11-25,Jo,In Progress,Bug Fix,3.8,2025-10-15 19:09:32
73,Style later allow language.,"Congress represent already image something.
Blood operation thing relate media Mrs. Blood win question father.",High,2025-11-05,Akin,Completed,Documentation,3.4,2025-10-11 01:46:12
74,Recently identify until.,West in thousand dog though best. Behavior agree there idea today our business group.,Critical,2025-11-06,Dia,In Progress,Bug Fix,4.4,2025-10-01 09:02:47
75,Information many fine daughter.,He approach enjoy article. Building pull before improve the. Push environmental war three.,Medium,2025-11-16,Dia,Pending,Documentation,5.0,2025-10-04 09:20:10
76,Themselves artist data.,City likely arm read management politics. Little fact scientist strong. Gas resource rule fund.,Low,2025-11-24,Dia,On Hold,Documentation,4.4,2025-10-02 10:09:28
77,Soldier bill second.,Say detail area player either. Despite light building line month month brother. When family miss drug option other.,Critical,2025-11-04,Shan,Completed,Bug Fix,4.5,2025-10-09 08:25:53
78,Include think special.,Table increase budget bed son. System federal score fall stop right store include. Fine hold interview.,Medium,2025-11-13,Dia,Completed,UI/UX,8.4,2025-10-24 20:53:19
79,Garden rate minute white.,Simply ball quickly energy. Sister such tough.,Critical,2025-11-02,Shan,Completed,Bug Fix,6.8,2025-10-16 00:10:01
80,Those program want.,Often character law. Bag rate option voice soon cut. Recently finally whatever record ever environment for.,High,2025-11-22,Dia,On Hold,Bug Fix,2.2,2025-10-06 13:22:12
81,Film machine this take.,Forward why back throw how when good. Maybe point charge bad far control participant.,Critical,2025-11-05,Jane,Completed,UI/UX,2.9,2025-10-16 18:08:54
82,Interest voice.,What explain answer. Campaign court wish term person financial. Data parent blood six most degree look.,Low,2025-11-06,Shan,In Progress,UI/UX,6.3,2025-10-21 04:55:45
83,Themselves example so air.,"Single involve decide read. Fast more law start suddenly. There soon gas.
Let ready hit point.",Medium,2025-11-14,Jo,Pending,Testing,1.4,2025-10-22 15:56:24
84,Perhaps focus per money.,Science because finally force call activity war weight. Significant he son continue.,Critical,2025-11-05,Dia,Pending,Bug Fix,3.8,2025-10-16 20:42:57
85,Republican picture citizen.,Have work dinner woman newspaper bed. Prevent tell trip may she.,Low,2025-11-23,Shan,In Progress,Testing,4.4,2025-10-22 11:48:24
86,Watch sing employee seem.,Industry company main Mrs up while performance.,Low,2025-11-27,Dia,Pending,UI/UX,5.4,2025-10-24 06:21:38
87,Much vote I garden fall.,Project base as. Both its big small recognize compare all central.,Critical,2025-11-06,Jane,In Progress,UI/UX,9.9,2025-10-20 11:41:48
88,City concern skill option court.,Interest step agreement process approach party history. Sound long bar who population. Door leave sign.,Critical,2025-11-27,Akin,Completed,UI/UX,6.7,2025-10-12 18:50:07
89,Sound face toward.,You owner industry heavy state. Building son best hundred while our mention.,Medium,2025-11-16,Akin,Completed,UI/UX,6.0,2025-10-15 20:59:28
90,Last list account.,Road back brother official expert. History industry machine operation voice per authority nearly.,Medium,2025-11-20,Jo,On Hold,UI/UX,9.8,2025-10-03 10:33:22
91,Fire such woman now.,However staff catch according simple follow question.,Low,2025-11-08,Akin,Completed,Testing,1.1,2025-10-04 17:22:13
92,Role ok model and.,Sport speech article write statement. Who sort make usually stay. Population drive style politics heavy himself.,Critical,2025-11-14,Dia,In Progress,Bug Fix,5.8,2025-10-11 19:37:52
93,Success real.,Member nearly certainly produce whatever suffer. Build wait box again each senior film explain.,High,2025-10-31,Dia,In Progress,UI/UX,8.9,2025-10-20 05:47:48
94,Stage in national technology pick.,Bad many western occur eye less structure. Seem road analysis.,Low,2025-11-07,Akin,On Hold,Testing,1.4,2025-10-13 14:29:40
95,Possible along.,Become vote treatment speech. Where strong drop action agree whom name. To entire floor production.,Critical,2025-11-21,Jo,In Progress,Feature,6.5,2025-10-10 00:09:45
96,Job maybe building color.,Detail election inside group pick land few. Concern tree once shake option.,High,2025-10-31,Jo,On Hold,Documentation,9.5,2025-10-28 03:06:19
97,Vote indeed avoid draw herself.,Any recent standard for deep wish. Get wide the compare.,Low,2025-11-27,Jo,On Hold,Testing,5.6,2025-10-24 23:48:31
98,Never artist impact dream music.,Building able pay. Seem campaign wide else.,Medium,2025-11-24,Jo,On Hold,UI/UX,4.6,2025-10-27 17:26:04
99,Need truth low paper clearly.,Capital system they get region himself. Despite spend other. Music hundred describe not change.,High,2025-11-22,Jo,Completed,UI/UX,7.5,2025-10-24 11:05:43
100,Traditional owner security.,"Here alone fish close get billion trouble.
Send can successful opportunity.",High,2025-11-01,Shan,On Hold,Feature,5.1,2025-10-15 04:12:14
101,To enjoy note ready.,Participant real practice administration role letter opportunity administration. Allow hand public argue middle seek.,High,2025-11-17,Shan,On Hold,Testing,2.0,2025-10-22 17:51:11
102,Music clearly exist statement citizen.,How idea television place church difference. Security baby turn our social.,Critical,2025-11-17,Shan,Completed,Testing,3.5,2025-10-29 17:52:49
103,Yard message.,"Sort often pay send heavy garden attack. Address adult run at.
Environmental better tonight wonder. It food stock five.",Low,2025-11-07,Dia,In Progress,UI/UX,6.4,2025-10-08 02:58:21
104,No writer bed leader.,Fast society race government others. Election against seven order.,Medium,2025-11-01,Dia,Completed,Feature,3.9,2025-10-29 05:44:18
105,Everything herself husband.,Good similar owner south treat better have. Not billion consumer officer just benefit push.,High,2025-11-05,Akin,Completed,Bug Fix,3.8,2025-10-25 00:53:14
106,What off ok doctor.,Together situation however five. Trade play conference individual sea same answer. Talk task federal seat time.,Low,2025-11-19,Shan,Pending,Documentation,5.6,2025-10-16 12:49:35
107,Nearly pick.,About money whether away television half road happy. Tonight national certain and east degree worker.,Low,2025-10-31,Dia,Completed,Bug Fix,8.8,2025-10-04 23:31:53
108,Majority program soldier.,Bar yeah letter create though likely. Good soon painting make nature look. Phone perhaps between yet.,High,2025-11-12,Jo,In Progress,Feature,7.8,2025-10-09 14:47:24
109,Cold fine total without human.,Create production unit entire turn. Position thousand difference ball camera. Room remember animal main.,High,2025-11-28,Dia,Pending,UI/UX,7.2,2025-10-20 13:34:58
110,Us board lead.,Last write order offer anything degree issue. History staff baby star rather spend risk.,Low,2025-11-03,Dia,Completed,UI/UX,2.2,2025-10-22 01:20:39
111,Institution left personal glass.,Art boy picture natural light all many sing. Lawyer when fly why even.,Medium,2025-11-15,Shan,On Hold,Documentation,7.7,2025-10-16 00:48:11
112,Mother never painting.,"Month let player open they pattern. Edge woman member.
Thought skill tonight though. House minute prove authority.",Critical,2025-11-09,Jane,Pending,UI/UX,2.0,2025-10-15 02:03:17
113,Example center drop significant.,"Year camera change agency finally western. Result yeah street focus.
Consider eat bed. Son business hold and.",Low,2025-11-21,Shan,On Hold,Feature,2.3,2025-10-07 10:35:36
114,Investment usually receive.,Account order energy fine others use. Air child company today. Raise old mother check your usually.,Low,2025-11-07,Jane,Pending,Feature,5.6,2025-10-17 00:29:55
115,Establish daughter away.,Include eye also major value east consumer put. Him public east material assume music.,Medium,2025-11-17,Dia,Pending,Feature,5.2,2025-10-29 18:10:30
116,Education need you.,His per conference local. Himself half major different.,Medium,2025-11-13,Dia,On Hold,Testing,8.8,2025-10-26 03:42:28
117,Bring computer draw speak recent.,Always campaign with visit argue ground notice.,Low,2025-11-12,Dia,Completed,Documentation,3.9,2025-10-29 04:26:09
118,Coach ability exactly trouble thank.,Teach article teach. Where she site air author pass mother suffer. Information point operation poor fight.,High,2025-11-15,Jo,Completed,Bug Fix,3.5,2025-10-18 08:33:43
119,Citizen ability else modern.,Themselves she upon nation church range offer. Those first best leave.,High,2025-11-12,Shan,In Progress,UI/UX,3.0,2025-10-11 01:26:54
120,After people head he feel.,We something before blue. Economy news gas individual hit.,Critical,2025-11-19,Jane,Pending,UI/UX,3.3,2025-10-03 10:28:39
121,Agree structure director sea.,Kitchen still plan. Whatever want clearly myself couple player friend. Kid decade Mrs general.,Low,2025-11-01,Jane,Completed,Testing,4.0,2025-10-10 22:58:37
122,Ball age exist which.,"Mrs run again go. Myself thing south technology whom avoid drop. Industry travel firm last.
Maybe fish region grow.",Critical,2025-11-16,Dia,On Hold,Bug Fix,2.9,2025-10-29 06:17:17
123,Management card company everybody doctor.,Kid down page remain action drug. Term subject official account enjoy person letter.,Critical,2025-11-06,Akin,In Progress,Feature,2.3,2025-10-25 09:23:45
124,Would sign always.,View may matter case sister TV moment. Hour per sometimes decision fast phone.,Medium,2025-11-22,Dia,In Progress,Testing,6.7,2025-10-11 04:31:23
125,Year side professor claim.,Help right clear defense push though nearly both. Would nearly paper she.,High,2025-11-25,Shan,Completed,Bug Fix,7.1,2025-10-24 07:08:47
126,Table little difference.,Set worker study institution certain. Rule within thousand player.,Medium,2025-11-21,Jo,In Progress,Testing,1.6,2025-10-01 20:25:42
127,Wide chair.,Claim eight front audience. Stage increase pressure must medical. Bring environment thought.,Low,2025-11-03,Akin,In Progress,Testing,9.2,2025-10-11 17:52:46
128,Force military chair.,Argue grow myself during one different. Sell him dinner point area forget television. Begin interview music until.,Critical,2025-11-28,Dia,In Progress,Bug Fix,6.1,2025-10-03 05:35:41
129,Rule that allow enjoy control.,Lawyer consider stuff first along happy national. She ok his always church.,Medium,2025-11-26,Shan,In Progress,Testing,1.2,2025-10-24 06:51:28
130,Off rise they name.,Center assume education instead middle single. Mrs history support news husband ready instead everybody.,Medium,2025-11-20,Akin,Completed,UI/UX,8.4,2025-10-27 12:36:45
131,Upon relationship his compare while.,Finish coach woman. Guess democratic machine protect pattern commercial.,High,2025-11-26,Jane,In Progress,Testing,2.2,2025-10-27 17:57:04
132,Peace gas rock huge now.,Black a per bit when age believe. Picture suddenly success risk.,Medium,2025-11-23,Jo,Pending,Documentation,8.9,2025-10-18 20:44:21
133,Themselves dog challenge about practice.,Pm relationship country strong color especially let member. Image miss hour vote.,Low,2025-11-28,Akin,In Progress,Documentation,5.2,2025-10-22 19:32:29
134,Sing teacher.,Green fly when increase among. Industry nor degree defense.,Medium,2025-11-27,Akin,On Hold,Testing,5.9,2025-10-06 01:10:10
135,Return peace nation.,Office number most environment. Suddenly some create nothing suffer. Total business card.,Low,2025-10-31,Jo,On Hold,Bug Fix,2.1,2025-10-14 17:06:04
136,Behind threat.,Assume whose table society course whose. Audience black financial around.,Critical,2025-11-26,Shan,In Progress,Bug Fix,4.3,2025-10-28 10:26:16
137,Cultural executive improve security.,Probably employee growth former identify fine rise. Name expert fast street evening go something. Method leave spend.,Critical,2025-11-06,Jane,Pending,Bug Fix,1.4,2025-10-27 23:40:49
138,Speak understand.,Stay create reach nature. Though contain whom ask. Person into actually interesting.,Critical,2025-11-27,Jane,On Hold,UI/UX,3.0,2025-10-13 21:48:18
139,Ahead month man.,Trouble view and. Nature simple upon believe seat focus bad. Population door scientist end consider election.,Low,2025-11-06,Dia,Completed,Testing,3.1,2025-10-10 12:44:22
140,Term behind western.,Popular long economy great decade than. Imagine write practice discussion anyone without meeting. Fund recognize dark.,Low,2025-11-26,Dia,Completed,Bug Fix,8.2,2025-10-14 03:07:44
141,Wife defense recently.,Western me gas best because then describe open. Blue ability baby garden responsibility and.,Low,2025-11-26,Shan,In Progress,Bug Fix,9.2,2025-10-16 15:47:03
142,Career over wife too often.,"Would difficult discuss fact girl. Throughout life believe.
Western matter feel experience almost per use.",Low,2025-11-13,Shan,In Progress,Bug Fix,5.8,2025-10-20 21:16:30
143,Recognize book third thus sit.,Student lead consumer assume throughout concern federal. However level space ask. Whose base late enter sure campaign.,Critical,2025-11-03,Jo,Pending,UI/UX,9.2,2025-10-23 13:12:59
144,Measure institution yes all.,Cultural loss positive million. Movie people catch past information.,High,2025-11-22,Shan,In Progress,Documentation,4.4,2025-10-09 04:28:54
145,Understand design save.,Agreement you recently board. Dinner space right woman. Her common letter. Such draw deal major.,High,2025-11-14,Dia,Completed,Documentation,9.3,2025-10-19 03:48:08
146,Avoid discover.,Some tree group visit nearly. Amount dog education behind. Nearly alone American notice huge it.,Medium,2025-11-27,Jo,Completed,Documentation,4.9,2025-10-25 14:01:26
147,Girl join send thank next.,Base water save which such fill responsibility. Defense mind prove through him yet by.,Low,2025-11-18,Dia,Pending,Documentation,1.3,2025-10-22 19:26:58
148,Them ability detail offer must.,"Individual need join alone serve.
Writer recognize direction return old recently. Continue score sister.",Medium,2025-11-01,Jo,In Progress,Documentation,4.6,2025-10-15 18:54:51
149,This between win.,"Up page reduce lay practice could break. Find try reveal.
Throw prove consider result parent.",High,2025-11-14,Shan,Pending,Feature,2.6,2025-10-09 08:40:40
150,Son serve.,"Career time onto sell before figure impact.
Situation live visit about. Feel natural speech hand artist city.",Critical,2025-11-14,Dia,On Hold,UI/UX,4.9,2025-10-09 07:41:33
151,Adult picture.,Seat different that.,Low,2025-11-06,Dia,On Hold,Documentation,4.0,2025-10-26 17:14:38
152,Ahead require international improve.,Yourself Mr walk happy perform. Same door population whether method international.,High,2025-11-14,Jo,In Progress,Feature,8.4,2025-10-15 12:25:53
153,Arrive play fund.,Station news start. Probably eat top rock treat Mrs later staff.,Low,2025-11-18,Jane,Pending,Documentation,2.7,2025-10-03 08:01:41
154,Head always capital song.,Sister manage or at sit huge wife. Military join break mouth too financial entire.,Low,2025-11-24,Jo,Pending,Feature,5.8,2025-10-01 00:16:04
155,Wish attorney eat.,Official shoulder eye century. Stand southern without such.,Low,2025-11-06,Akin,On Hold,Feature,6.5,2025-10-01 14:24:43
156,Term author everyone.,Interesting beyond figure these. Raise memory individual nearly price. System wear value war.,Critical,2025-11-20,Dia,On Hold,UI/UX,3.7,2025-10-22 01:45:34
157,Wish laugh until according.,Fire miss evening oil teach way general card. Different natural sign same line. Continue plant when.,Critical,2025-11-03,Akin,In Progress,Documentation,8.2,2025-10-28 03:01:59
158,Project great such.,Degree several themselves wear spend investment. Less language somebody once imagine ago simply cup.,High,2025-11-28,Shan,In Progress,Feature,5.6,2025-10-20 21:23:44
159,Similar money rather expert say.,Pull expect weight walk news much success interesting. Only spring yard agree provide goal structure.,Critical,2025-11-15,Jane,In Progress,Bug Fix,9.1,2025-10-29 08:08:31
160,Treat school most.,Miss certainly late director. It anything establish among. Relationship four professional public evidence visit born.,Low,2025-11-24,Jane,On Hold,Documentation,4.4,2025-10-08 10:13:09
161,Daughter according.,Office American across feeling author role. Writer ten environment tough long use nice. Hour grow begin.,Critical,2025-11-18,Jane,On Hold,UI/UX,7.4,2025-10-04 17:26:22
162,Store business.,Total true international several for attack. Indeed foreign often boy popular account news. Coach quality look type.,Critical,2025-11-18,Jane,Pending,Bug Fix,3.5,2025-10-29 09:30:54
163,However reflect unit respond.,Idea best imagine treatment two or. Data sea whom letter. Under hour realize push instead media help.,Low,2025-11-04,Akin,Completed,Testing,2.6,2025-10-02 07:52:02
164,Along get.,Various red cover black whose. Better mission mind floor.,Critical,2025-11-17,Dia,On Hold,Feature,4.6,2025-10-22 20:55:12
165,Own her development.,Share suffer impact realize. Computer picture activity.,High,2025-11-14,Akin,Completed,UI/UX,8.3,2025-10-13 21:45:11
166,So night.,Story officer themselves sort clearly rule head. Hour my live yourself human officer.,Critical,2025-11-19,Shan,In Progress,Documentation,7.1,2025-10-07 00:08:34
167,Well than lawyer.,Hand name raise better. Beat open cell friend research. Goal view shake quality.,Critical,2025-11-21,Jane,On Hold,Documentation,2.6,2025-10-21 16:57:46
168,Mind sport.,Yard instead trouble suddenly. Finally themselves very those street let. North coach none enough.,High,2025-11-13,Jo,In Progress,Feature,4.7,2025-10-22 15:50:40
169,Sign election certain step western.,Door benefit heavy energy tax give near. Few cell both simple stay.,Low,2025-11-28,Shan,Pending,Bug Fix,8.9,2025-10-29 14:12:20
170,Recently front certain voice.,Article people hospital. Pick common learn entire subject beat drug. Every free possible we pick street.,High,2025-11-21,Akin,In Progress,UI/UX,7.8,2025-10-11 22:01:53
171,Attorney often anything scientist special.,Save I news eye bed. Inside job walk director deal act side. North air training hard challenge once artist.,High,2025-11-06,Dia,On Hold,Documentation,1.6,2025-10-14 08:11:58
172,Real life collection focus.,Analysis focus special reveal computer. Ground author late ever quite if.,Medium,2025-11-22,Akin,On Hold,Bug Fix,9.4,2025-10-23 08:25:14
173,Whatever kid trade three.,Peace our nation occur. Improve public recent power discuss there. Race those consider own Mr hold teacher.,Low,2025-11-08,Dia,In Progress,Documentation,2.0,2025-10-10 16:54:51
174,Area standard.,Whose wish economic site kitchen point. Pretty never sister personal population.,Low,2025-11-03,Jane,Pending,Feature,6.2,2025-10-15 07:55:04
175,Stop mention thought contain dark.,Yes whole voice story history Republican. Population throw these camera. Until hundred certain each minute law.,High,2025-11-11,Akin,Pending,Bug Fix,3.6,2025-10-16 08:24:32
176,Wait activity special response.,However improve kid purpose allow. Everybody Democrat detail bad. Mouth situation hour draw agreement.,High,2025-11-06,Shan,On Hold,UI/UX,9.1,2025-10-17 03:05:34
177,Physical talk cost war through.,Behavior organization market own. Career bill program city. Down look possible hope drop almost teacher.,Medium,2025-11-12,Dia,On Hold,Bug Fix,8.2,2025-10-18 15:57:40
178,Strategy identify north high product.,Here computer box meeting recently once. Family must long eat now skill within. Environmental pass whose.,High,2025-11-02,Akin,Completed,Feature,8.4,2025-10-21 18:42:22
179,Size local collection career mention.,Threat hot better. Affect picture they same democratic crime. Success maintain whether.,High,2025-11-01,Dia,In Progress,UI/UX,5.2,2025-10-16 22:02:51
180,Director degree.,Conference situation number race color economy. Information recognize thus parent page national other.,Critical,2025-11-20,Dia,On Hold,Feature,2.9,2025-10-21 13:48:24
181,Lose heart tree.,Rather candidate sister body. Special most design still protect reduce. News leader star reduce.,Medium,2025-11-15,Akin,In Progress,Bug Fix,5.0,2025-10-10 05:49:44
182,Media today father.,"Should for skin discuss.
Economic cold amount. Camera only partner minute.",Critical,2025-11-05,Dia,Pending,Feature,9.5,2025-10-11 07:21:04
183,Goal short feel green able.,Law employee dinner town north better model. Work could institution pick lay. Fast degree hand step reach want again.,High,2025-11-07,Dia,On Hold,Feature,5.9,2025-10-10 02:20:10
184,Hundred than heart.,Push small voice central sea. Continue bill development exist truth magazine. Give energy concern first create end.,Medium,2025-11-23,Shan,Completed,Bug Fix,8.5,2025-10-29 16:14:31
185,Either particularly parent nothing yard.,Thank order player method each source career. True history window peace why room find.,Critical,2025-11-16,Shan,Pending,UI/UX,4.9,2025-10-01 08:31:39
186,Bag reflect forward hope.,Area hear though production hospital. Case stand eat opportunity prepare. Care least Democrat individual.,Medium,2025-11-20,Jo,Completed,Feature,5.3,2025-10-17 17:33:17
187,Security front.,Best still organization surface mother which now already.,High,2025-11-05,Jo,On Hold,Bug Fix,7.9,2025-10-06 18:29:05
188,Fly account.,Growth agency book serious. He contain number bring imagine crime interview. Ago house news.,Critical,2025-11-08,Jo,Pending,UI/UX,3.7,2025-10-16 04:06:38
189,Dog letter.,Card film black Republican campaign. Thing once often accept laugh. Firm toward citizen after.,Low,2025-11-14,Jane,In Progress,UI/UX,4.5,2025-10-19 20:18:35
190,Generation just attorney.,"Computer beautiful look. Various send build light of ok.
As doctor film. Make goal have pass.",Low,2025-10-31,Dia,In Progress,Testing,1.9,2025-10-29 16:19:32
191,Peace moment.,Employee study condition instead four teacher will. Create recent ever feel though maintain.,Low,2025-11-27,Jane,Pending,UI/UX,6.6,2025-10-01 15:40:49
192,Myself wonder four along.,Know wait drop girl man after. Book perform close letter do amount take.,Critical,2025-11-22,Jane,In Progress,Documentation,4.6,2025-10-19 05:24:49
193,Option never stock cold.,Room instead kitchen environmental respond why often.,High,2025-11-10,Akin,Pending,Feature,9.0,2025-10-21 12:39:45
194,Next company western.,Amount build share. Front eye heart seem total firm. Least employee yourself magazine total still foreign choose.,Medium,2025-11-11,Dia,Completed,Documentation,9.5,2025-10-11 20:47:56
195,Kid road ago new.,Policy phone future along recognize. Themselves thing behavior. Attorney actually PM.,Medium,2025-11-14,Jane,On Hold,Bug Fix,7.5,2025-10-21 01:44:22
196,Ground special cultural hospital.,Professor throw have. Score student wide field away upon.,Medium,2025-11-10,Jo,In Progress,Documentation,7.4,2025-10-22 07:34:56
197,Success sister lay card.,"Born tax more mean crime fight window.
Town live analysis add interview person.",Medium,2025-11-06,Shan,Completed,Bug Fix,2.7,2025-10-23 03:35:57
198,Affect send assume many east.,Challenge thing several maybe edge school.,Medium,2025-11-27,Akin,Pending,Documentation,9.7,2025-10-29 21:14:44
199,Mrs worry just community.,Trip case human after central. World life development give task. College result sign where.,Low,2025-11-13,Dia,Completed,Feature,5.2,2025-10-17 23:34:28
200,Her thought attention them compare.,Feel degree stock responsibility. Rule rest break. That administration gas stage pull anything.,Low,2025-11-20,Dia,Completed,Documentation,3.1,2025-10-10 20:27:16
201,Movie more movie.,Difference along although national.,Critical,2025-11-04,Shan,In Progress,Feature,9.3,2025-10-25 13:22:01
202,Member baby trip.,Event whether science western such sit. What summer individual discover painting teach machine throw.,Low,2025-11-16,Akin,In Progress,Documentation,7.2,2025-10-10 06:52:04
203,Much conference institution on.,Raise east business television worker place. Quite good officer own less.,Critical,2025-11-16,Shan,On Hold,Documentation,2.0,2025-10-23 10:53:50
204,Hundred herself more.,Show happy trial low gun. Future various maybe if factor. Hand issue become human week forget.,High,2025-11-26,Jane,On Hold,Testing,6.2,2025-10-23 14:27:12
205,National age.,Light give court deal recognize today. Study surface ball. City various similar. Hospital special off bed.,Critical,2025-11-20,Jo,Completed,Testing,1.9,2025-10-23 02:15:14
206,Defense despite big between.,Late perform hear mean seven. That top however education argue. Live sign reason deal.,Medium,2025-11-09,Akin,Completed,Documentation,5.6,2025-10-15 18:16:10
207,Have land teacher.,Movement adult water decision grow goal. Job add including.,Critical,2025-11-16,Jane,On Hold,UI/UX,6.0,2025-10-11 13:57:27
208,For contain news think long.,Test significant add. Factor town clear suffer. Budget physical rest moment yeah.,Medium,2025-11-17,Shan,In Progress,Feature,5.8,2025-10-06 15:09:15
209,Movement current.,Until language black than begin. Explain partner today that enjoy only again physical. Simply important book large yes.,High,2025-11-08,Akin,In Progress,Feature,1.7,2025-10-20 12:47:59
210,Pass collection see.,Early scene heart hear toward career. Build heavy do year structure price follow.,Critical,2025-11-18,Dia,Completed,Bug Fix,1.9,2025-10-03 01:21:11
211,Woman education.,Want enough realize soldier could. Control head federal.,High,2025-11-04,Shan,Pending,Documentation,9.7,2025-10-18 18:10:55
212,Quickly fall west.,Coach board across style stock. Simply land change lose write week first debate.,High,2025-11-02,Dia,In Progress,UI/UX,3.7,2025-10-21 12:17:25
213,Stay wide off.,Movement morning officer baby point. Effect out true action. Knowledge wrong south way.,Low,2025-11-25,Jo,Completed,Testing,1.3,2025-10-19 03:27:44
214,Outside on identify window.,Whole if him whole throughout. Person recent dark firm.,Low,2025-11-07,Jo,On Hold,Bug Fix,3.8,2025-10-02 20:49:26
215,Mind power a pass.,Game make both. Who task such while. All recently exist short.,Medium,2025-11-22,Akin,Completed,UI/UX,3.1,2025-10-17 17:37:45
216,Office personal five.,East necessary reveal economy. Evidence build admit American heavy subject crime.,Critical,2025-11-20,Shan,In Progress,Testing,9.6,2025-10-23 22:37:19
217,Inside use agency character financial.,"What next specific save reality. Decision require nature learn.
Treatment help American.",Low,2025-11-06,Shan,On Hold,Feature,7.6,2025-10-09 14:32:02
218,Position leader under figure serious.,Admit behavior seem occur someone about. Land prove month society moment general. Campaign resource maybe question.,Medium,2025-11-19,Akin,Pending,Documentation,9.4,2025-10-29 23:19:06
219,Fill like factor then.,South resource skill. Sit see view at car population idea. Maintain level letter network toward.,Low,2025-11-16,Jo,In Progress,Bug Fix,4.5,2025-10-01 05:24:34
220,Top artist because.,Argue build drive type fire. Heart check remember entire industry trouble.,Low,2025-11-18,Dia,In Progress,UI/UX,5.3,2025-10-16 18:38:22
221,Heart management door.,Thank short single organization international. Present her care though start media. When wrong add professional ask.,Medium,2025-11-13,Jane,In Progress,Testing,1.5,2025-10-09 11:18:19
222,Case scientist nor.,Research prove safe indicate two level decade family. Actually green home whatever.,High,2025-11-10,Jo,Pending,UI/UX,2.7,2025-10-14 21:17:54
223,Business development where.,Myself company move near subject someone consider. Side total just sister wind hear. Spring evening today cultural say.,High,2025-11-06,Jo,In Progress,Bug Fix,4.2,2025-10-10 16:52:30
224,Better message meeting eye weight.,Particularly long without billion dinner chance. Bill role born wonder.,Medium,2025-11-24,Jo,On Hold,Documentation,4.2,2025-10-27 20:05:39
225,Voice only strategy.,Reach finish feeling table.,Medium,2025-11-01,Jo,Pending,Testing,8.6,2025-10-17 11:50:58
226,Health task too federal voice.,"Involve teach least material.
Main present car now. Others task simply film herself pay.",Critical,2025-11-20,Dia,Completed,Documentation,4.6,2025-10-06 21:34:06
227,Charge take.,Share media mission table and house. Challenge girl movement long central in own.,High,2025-10-31,Dia,Completed,Testing,3.7,2025-10-14 12:26:04
228,Turn growth.,Door imagine officer less beautiful school head. Choose again business rate walk.,High,2025-11-18,Jane,Pending,UI/UX,1.6,2025-10-24 18:19:54
229,Author occur available fish.,Single second thousand spring back all. Play forward stop key.,Low,2025-11-17,Jo,On Hold,Feature,5.8,2025-10-22 17:15:31
230,Picture through even.,Down value significant network son level resource start. Effect car computer you simple cost half interview.,Medium,2025-11-13,Dia,On Hold,UI/UX,6.2,2025-10-08 21:25:34
231,Population system sound culture.,Theory human soldier trouble low. Stand try others paper.,Medium,2025-10-31,Jane,Pending,UI/UX,1.9,2025-10-21 03:27:31
232,Thus avoid born interview somebody.,Worker or ability adult tree. Law discover six expert where image. Option method involve their past guy western.,Critical,2025-11-02,Akin,Pending,Feature,4.8,2025-10-16 09:31:58
233,Along including down interest.,Democratic which everything on. Organization whose know ready season. Be perform whose technology oil focus personal.,Medium,2025-11-16,Jo,On Hold,UI/UX,2.8,2025-10-29 23:42:54
234,Wait move campaign agree during.,Deal security short question. Indeed within share also evidence early article. Wonder want fish.,High,2025-11-10,Dia,Completed,Documentation,6.5,2025-10-20 17:41:53
235,Less everybody become.,Indeed draw vote everything room much. Civil position speech each sister. Girl item these discussion.,High,2025-11-22,Shan,Pending,UI/UX,3.1,2025-10-11 01:56:05
236,You pretty able others research.,Speak likely can fly. Put edge expect. Source remember serious late subject.,Critical,2025-11-22,Dia,In Progress,Documentation,6.9,2025-10-05 00:17:15
237,Clearly stock else or.,Democratic significant enjoy great. Adult light eat civil home seem eye.,Medium,2025-11-07,Shan,Completed,Testing,1.4,2025-10-10 07:20:42
238,Everyone southern its.,Include beyond over feel tough laugh. Everything once expect statement small quality bit.,Medium,2025-11-08,Jo,Pending,Feature,9.5,2025-10-19 03:24:01
239,Clear medical while spring.,Public offer war own build candidate bit. Help forward tree face few positive PM.,High,2025-11-10,Akin,In Progress,Testing,5.2,2025-10-06 08:25:02
240,Major table represent nation.,Consumer improve standard. Positive how stop enjoy. Six leg church color. Mr catch result action fish range.,Medium,2025-11-10,Dia,Pending,UI/UX,8.7,2025-10-02 11:25:21
241,Consumer concern candidate far.,Heavy material per lawyer even article upon.,Critical,2025-11-22,Shan,On Hold,Documentation,4.6,2025-10-16 00:36:11
242,Wait through pattern.,Resource loss parent high. Magazine instead somebody future wife professor happy seven.,Medium,2025-11-06,Jane,In Progress,Testing,7.1,2025-10-10 07:14:59
243,Decide create firm.,Follow response do without. News ready despite consider. Officer low face north might ten federal.,Low,2025-11-19,Akin,In Progress,Feature,9.6,2025-10-05 21:14:59
244,Economic true.,Serve determine issue put product instead cell. Future leave friend eye certain administration street.,Critical,2025-11-02,Dia,In Progress,Testing,4.1,2025-10-06 07:07:29
245,International not sell north current.,Spring popular involve. Show significant yourself bed window. The child establish part glass mouth nearly hot.,Critical,2025-11-15,Dia,Pending,Bug Fix,8.1,2025-10-12 19:29:05
246,Power attention.,Charge nature leader always cell cut. Arrive economic picture edge these short.,Critical,2025-11-19,Shan,Pending,Documentation,9.7,2025-10-28 16:46:18
247,Both record today.,Ball war member budget soon thus. Leave tax over light hair.,High,2025-11-17,Dia,On Hold,Documentation,3.6,2025-10-24 08:06:35
248,Born when eye education quickly.,Effort war bad too. Popular window watch popular pressure ground office. Cause rock modern be food whom.,Low,2025-11-22,Dia,Completed,Bug Fix,9.2,2025-10-09 06:24:28
249,Poor heart floor sport floor.,Improve election raise effort. Budget your fast cold step across.,Medium,2025-11-02,Jo,On Hold,UI/UX,9.2,2025-10-03 03:08:07
250,Institution society purpose beautiful.,Newspaper reason from arm four. Dark himself common. Art only management remain defense.,Medium,2025-11-23,Jo,On Hold,UI/UX,2.0,2025-10-27 12:13:43
251,Thing mother old discuss.,Enter doctor edge. Goal task economic writer bag. Skill American laugh detail west.,High,2025-11-07,Jo,Pending,Testing,8.4,2025-10-23 04:00:48
252,Support color teacher cup those.,Parent clearly particularly.,Critical,2025-11-15,Jane,In Progress,Documentation,6.0,2025-10-26 15:19:33
253,Third its explain.,Local still weight so feeling social. State risk purpose million sound. Market experience special address.,Critical,2025-11-13,Shan,Pending,Bug Fix,8.4,2025-10-07 14:46:21
254,Case his probably government.,Shake way recognize. Site seek television hard force reduce.,Critical,2025-11-02,Dia,In Progress,Testing,6.7,2025-10-16 19:33:52
255,Law tend similar.,Top what material hotel young main somebody our. Into purpose data man defense. Career laugh could.,Low,2025-10-31,Shan,Pending,Testing,5.3,2025-10-08 08:42:58
256,Name bit.,Season instead someone around enough population. Fish all project same reflect. Wide identify fall break.,Low,2025-11-03,Akin,On Hold,Feature,8.2,2025-10-08 12:09:38
257,Work find indicate believe agree.,Short easy recognize throw. Almost nature notice throw from table make.,Low,2025-11-09,Dia,On Hold,Documentation,8.1,2025-10-17 23:12:32
258,Quality another customer identify.,Knowledge tell performance collection write. Own theory heavy feeling successful green.,Critical,2025-11-14,Jo,Completed,UI/UX,6.4,2025-10-10 01:36:24
259,Executive eye understand necessary commercial.,Although test these every difficult. Together interest present interest. Water work relate letter least.,Medium,2025-11-01,Akin,Completed,UI/UX,3.9,2025-10-01 03:58:31
260,Traditional its we number red.,Exactly man wait reveal deep kitchen. International manager age middle government send street.,Critical,2025-11-15,Jane,Completed,Documentation,7.7,2025-10-11 05:51:19
261,Political data child statement raise.,Body thought situation thing. Necessary meeting need chance. Message physical can forget use someone.,Low,2025-11-15,Jane,Completed,UI/UX,5.4,2025-10-29 05:42:43
262,Seat message.,Wind evidence office sign without. Activity during student experience. Letter perhaps shake become teacher.,Critical,2025-11-25,Jane,Completed,Documentation,3.3,2025-10-29 21:02:01
263,Age man rock.,Heavy mean manage above. Public town high throughout. If hand economy magazine now office information.,Critical,2025-11-26,Shan,In Progress,Feature,7.3,2025-10-08 07:02:43
264,Nice avoid growth full.,Would commercial each tell. Way bill because wind performance visit true.,High,2025-11-18,Shan,In Progress,UI/UX,7.9,2025-10-24 19:05:33
265,Wide meeting.,Nature like range mention measure spring. Top raise remember those cost full.,Low,2025-11-06,Jo,Pending,Documentation,9.6,2025-10-30 00:41:27
266,Accept town score.,Dinner relate western look near. Left explain good soon choose where.,Medium,2025-11-19,Jane,Completed,Bug Fix,2.5,2025-10-05 20:20:57
267,Exist hit dog year attack.,Blood firm ago run expert boy do smile. Because system result through law total.,Low,2025-11-03,Dia,In Progress,Documentation,4.9,2025-10-12 10:42:43
268,Recently phone throughout anyone president.,Deep hear seek moment class. Final avoid interesting Democrat. Less upon set both source.,Low,2025-11-02,Shan,On Hold,Feature,1.9,2025-10-05 10:33:35
269,Me whatever travel.,Positive cold hope serve official understand to. Task section choice. Two score size.,Low,2025-11-01,Jo,In Progress,Bug Fix,8.7,2025-10-23 06:51:38
270,Under detail around.,Worry kind speech. Religious until outside political skin effort per.,High,2025-11-20,Akin,In Progress,Documentation,9.4,2025-10-16 03:40:22
271,Him good season.,Prove region generation must. Reach seem consider practice. Through spend his very human law recognize.,Critical,2025-11-28,Shan,Completed,Bug Fix,9.5,2025-10-29 01:45:18
272,General Congress design strong TV.,Class use always pass game. Tough everybody smile trip serious yet. Player per consider yes stay believe.,Low,2025-11-10,Akin,Completed,Testing,1.8,2025-10-26 18:09:50
273,To arm sure eye challenge.,"I wish student finish. Provide room arm since.
Anything off serve bad simple cup. Authority finish her career.",Critical,2025-11-06,Dia,On Hold,Feature,7.2,2025-10-01 21:32:22
274,Write factor live.,Maintain health lead. Woman claim describe movie. Street major fund help.,Medium,2025-11-23,Jane,Completed,Documentation,5.1,2025-10-24 07:02:20
275,Best be quite.,Nice care mention order. Move style scientist challenge adult general.,Low,2025-11-27,Shan,Pending,Bug Fix,8.9,2025-10-01 05:24:09
276,Reveal forget indicate card.,Population factor treatment might attention source gas data. Choice well sort three space.,Medium,2025-11-25,Dia,On Hold,UI/UX,9.0,2025-10-18 01:03:10
277,Smile debate important organization.,Shake travel mother by. Age along despite party subject give major father.,High,2025-11-18,Akin,Completed,Feature,2.7,2025-10-03 06:26:38
278,Apply page figure off work.,Cup price how main if year soldier feel. Former we front. Beyond professor organization prove newspaper voice citizen.,Low,2025-11-15,Shan,In Progress,UI/UX,1.3,2025-10-28 16:52:29
279,Dark start.,Analysis trip cost. Evidence money fact. Field deep room hotel section.,Critical,2025-11-22,Jo,On Hold,UI/UX,6.7,2025-10-11 17:36:26
280,Everyone accept rule.,Nor become move not. School section skin different. Set blue change really.,Critical,2025-11-06,Dia,On Hold,Feature,1.1,2025-10-03 09:57:16
281,Different save forget hold.,"At else table there.
Interest boy though finish this. Mind act stuff type.",High,2025-11-03,Shan,On Hold,Bug Fix,3.2,2025-10-23 07:37:51
282,Official total away network.,Similar chair size. Economy avoid include.,Medium,2025-11-24,Jane,On Hold,Feature,8.4,2025-10-06 08:49:44
283,Operation simple structure big.,Pressure option campaign news year. Me buy store level produce art tax require.,Critical,2025-11-20,Shan,In Progress,Feature,3.7,2025-10-28 17:41:36
284,Process impact response from arrive.,Fly loss stock truth treatment happy. Clearly be question cause. Seven successful major.,Medium,2025-10-31,Shan,In Progress,Documentation,1.7,2025-10-16 04:19:59
285,Before fine morning market machine.,Lose later Mrs week. Traditional decade official degree increase accept on these. Recognize sure voice you.,Low,2025-11-24,Shan,Pending,UI/UX,7.3,2025-10-29 23:19:51
286,Certain seek.,Discover accept federal education. Both believe civil.,Critical,2025-11-12,Dia,Pending,Feature,8.9,2025-10-21 20:38:22
287,Imagine something bed.,Themselves whether from. Rich history area modern opportunity wife.,Medium,2025-11-20,Jo,On Hold,UI/UX,3.1,2025-10-09 20:10:26
288,Society with.,Tend call could sea. Minute majority smile arrive study situation. Next three property style everything apply.,High,2025-11-19,Jo,On Hold,Testing,7.6,2025-10-26 10:01:45
289,Chair sometimes really performance.,Sort window work such. Believe girl too in.,Low,2025-11-12,Akin,On Hold,Documentation,3.0,2025-10-17 04:59:35
290,Join return air.,Sell future teach remember. Create any expert face government not party.,Low,2025-11-13,Dia,Completed,Bug Fix,2.9,2025-10-15 02:05:37
291,Against suffer guy.,Very big pick court happen but. They develop choose out job. Ability source why among.,Critical,2025-11-13,Akin,On Hold,UI/UX,5.6,2025-10-20 22:31:24
292,Test difference.,Born source ten least including capital. Office know not development in police day. Light agreement service hand.,Medium,2025-11-23,Dia,Completed,Testing,2.0,2025-10-05 16:52:29
293,Identify small international institution in.,Travel identify second drive role business member. Check thank throw which. East economic big stay put similar over.,High,2025-11-06,Jo,Pending,Testing,5.3,2025-10-03 03:56:36
294,Religious seek hour change.,Relate very risk return another trial. Ball his she candidate method little walk. Suggest office natural nation piece.,Medium,2025-11-25,Akin,Pending,Testing,9.7,2025-10-03 12:16:09
295,Player else role mouth.,People point try defense next manager Mrs. Just would part wear attack building pull.,Medium,2025-11-09,Jo,Completed,Documentation,8.6,2025-10-19 22:55:07
296,Glass level put among.,Once serious stand theory. Common stage already necessary.,Medium,2025-11-11,Jane,On Hold,Bug Fix,2.0,2025-10-19 17:58:39
297,Office structure name special.,Free wide eight perform participant. Offer down expert machine friend agreement white. High enough either still.,Low,2025-11-05,Jo,In Progress,Testing,7.7,2025-10-26 20:33:56
298,Seven hour describe arm.,Finally total place hear number true production. Instead improve billion maybe. Color newspaper care term.,High,2025-11-13,Dia,Pending,Feature,8.9,2025-10-22 05:21:24
299,Happy lose as product.,Society operation lay son beautiful. Trade win reduce push.,Low,2025-11-16,Jane,Pending,Bug Fix,9.8,2025-10-30 09:27:43
300,Attention put or.,Beautiful likely once rock improve single how customer. East guess ground speak church more. Customer me various.,High,2025-11-23,Jo,On Hold,Documentation,4.8,2025-10-11 21:58:41
301,Wear benefit yourself.,Research smile break eye. Down consider environment special over not.,Critical,2025-11-13,Dia,Pending,Feature,8.0,2025-10-14 08:40:08
302,Away computer true guess.,Table crime past lawyer American sell believe college. Send very glass information. Might network message still become.,Medium,2025-11-27,Shan,Completed,Documentation,5.9,2025-10-08 02:38:14
303,Month big apply hundred.,Moment special anyone final baby. Face above drug eye glass. Well class authority institution career.,Low,2025-11-20,Akin,On Hold,Feature,3.6,2025-10-07 21:11:26
304,Do find improve.,Range both region expect. Already easy material Republican any up.,High,2025-11-08,Jane,In Progress,Bug Fix,3.5,2025-10-16 09:00:32
305,Popular service herself measure.,Mean amount whom both. Media school student away challenge son.,Critical,2025-11-27,Jo,Pending,Documentation,9.4,2025-10-21 00:22:57
306,Lose TV.,Art economy office space industry ready develop. Wind police impact sort. Deep wide different fill pass.,High,2025-11-15,Jo,On Hold,Bug Fix,6.8,2025-10-08 06:22:21
307,Short line cold different along.,Half can role rule rise cause third protect. Already behavior bed fact score step. Paper walk skill Mr.,Medium,2025-11-14,Dia,On Hold,UI/UX,1.9,2025-10-12 07:07:23
308,Source which every two.,Economy whose manage manage election grow. First paper office require.,Low,2025-11-03,Akin,Completed,UI/UX,9.1,2025-10-22 07:57:40
309,Energy magazine radio hundred establish.,"Stock similar red ten.
Term visit where executive key. Public me he those bring southern realize.",High,2025-11-19,Akin,On Hold,Testing,7.6,2025-10-30 13:23:10
310,Special require conference.,Professor yourself speech wrong visit fall. Thing real skin character now receive. House arrive dog next.,Critical,2025-11-23,Akin,In Progress,Testing,1.5,2025-10-22 06:20:37
311,College produce.,Career them budget. They either simple war.,Critical,2025-11-25,Jane,In Progress,Documentation,4.6,2025-10-24 00:06:01
312,Article play line cost call.,Bill bar then foreign race paper beat. Theory yes dark economic.,Medium,2025-11-18,Dia,In Progress,UI/UX,6.3,2025-10-07 18:22:53
313,These pretty group.,"Class program development TV glass. Interest new set cold later.
Evidence relationship draw response whom hair.",Critical,2025-11-28,Shan,On Hold,Bug Fix,8.5,2025-10-13 02:45:01
314,Be develop public safe.,Role any old turn. Service its Congress.,Low,2025-11-24,Jo,Pending,UI/UX,2.6,2025-10-29 19:19:41
315,Make less expert.,Future everyone most energy. Effect dream week brother too collection. Word worry PM.,Low,2025-11-10,Shan,In Progress,Documentation,3.2,2025-10-05 09:22:00
316,Central skin throw.,However opportunity couple determine apply while movement. Reality use easy.,High,2025-11-21,Jo,Completed,Documentation,9.0,2025-10-07 01:59:26
317,Standard consider enter area.,Threat simply fine development wall myself.,Medium,2025-11-13,Shan,Completed,Documentation,5.2,2025-10-24 22:30:09
318,Heart song heavy line picture.,Together grow business city. Nation spend red personal cold cell force.,Low,2025-11-11,Shan,Pending,Testing,9.9,2025-10-11 09:02:37
319,Risk story be training.,Position candidate start main trial which consider onto. Mean same have college shake old process.,Medium,2025-11-26,Jo,In Progress,Documentation,6.2,2025-10-13 05:10:28
320,Meeting south evidence news kind.,Realize dinner say small cup. Ability increase life should understand majority name.,High,2025-11-27,Dia,On Hold,Testing,7.6,2025-10-29 22:34:43
321,Nearly station beyond.,As of staff scientist view. Staff traditional area stand though agree. Friend site government thank tend hot spend.,Critical,2025-11-10,Shan,Pending,UI/UX,9.5,2025-10-11 02:07:11
322,Maybe five benefit building stock.,Financial news everybody PM happen. Situation actually event floor pay.,High,2025-11-11,Jo,In Progress,Documentation,4.2,2025-10-18 17:20:35
323,Of ok city seek buy.,Wear third dark several listen. Too situation guess sea. Success activity her create score free same.,Critical,2025-11-27,Shan,In Progress,Feature,2.5,2025-10-25 05:27:37
324,Top police provide star.,Professional public data inside expect. Truth explain writer eight later want break.,Critical,2025-11-10,Jo,In Progress,Documentation,7.9,2025-10-02 21:27:41
325,Personal deal form.,Situation apply event system dinner. Worry according after us probably. Specific simply store center. Place item car.,Low,2025-11-11,Jane,In Progress,Testing,7.0,2025-10-24 04:52:44
326,Anyone door air.,Across before amount open moment book. Edge college receive election responsibility. Surface finish leg smile.,Low,2025-11-17,Akin,On Hold,Feature,2.7,2025-10-06 14:29:52
327,Prove off herself.,Song lose even always parent yard. Always edge money fast stage usually decade.,High,2025-11-07,Shan,Completed,Bug Fix,6.8,2025-10-03 12:12:07
328,Measure door.,By work population bill low pass price.,Low,2025-11-25,Jo,On Hold,Testing,6.3,2025-10-16 07:14:32
329,Set like.,Word material evening affect occur two. Democrat indeed surface young city owner to.,Low,2025-11-07,Jane,In Progress,UI/UX,1.6,2025-10-17 05:55:13
330,Door house.,Relate possible argue economy issue we quality. Just attack add.,High,2025-11-02,Jane,On Hold,Documentation,8.5,2025-10-09 09:42:54
331,Perhaps history drop how.,Field black religious him. Cause senior area serve consumer world. Heart fire pressure.,Medium,2025-11-19,Jane,Pending,Testing,9.2,2025-10-24 04:18:34
332,Site leave career newspaper.,Purpose society also red issue. Word rule offer cause. Born citizen open stage staff. Cost wear name activity lay.,Low,2025-11-20,Jo,Completed,UI/UX,1.2,2025-10-14 09:28:35
333,Whom itself according data.,Reason find small increase environmental. Actually yourself true like situation just group.,Low,2025-11-20,Akin,In Progress,Bug Fix,4.1,2025-10-25 09:11:21
334,Happy fight.,Mean effect no per you research stop. Management nice turn add Republican might inside trade.,Low,2025-11-19,Jo,Completed,UI/UX,3.0,2025-10-10 15:49:42
335,Edge pressure student wall.,Watch form professional tonight. Myself rock look into better later.,Medium,2025-11-24,Akin,Pending,Testing,6.9,2025-10-16 01:03:44
336,Top kid.,Name practice stand someone. Our theory southern Mr could arrive.,Critical,2025-11-27,Shan,In Progress,UI/UX,9.5,2025-10-05 06:02:51
337,Might any class talk.,Career prove rather right take within employee note. Eye particular debate move. Never blood own happy.,Medium,2025-11-18,Jo,Pending,Documentation,1.9,2025-10-10 15:27:28
338,Away case process.,Smile bed pay after. Also final when rate really. Reveal as current avoid floor family local character.,Low,2025-11-16,Jo,Pending,Feature,9.8,2025-10-17 15:38:45
339,Store establish yourself better between.,Act certain claim moment method.,High,2025-11-09,Dia,On Hold,Feature,6.7,2025-10-29 05:41:22
340,Rock himself or.,Reflect relationship reality accept sister guess. Remember tax sit instead view. Executive exactly stop former by.,Low,2025-11-11,Shan,Completed,Testing,3.9,2025-10-30 05:18:16
341,Interesting might.,Me employee better indicate hope hospital. Skin field hospital probably.,Low,2025-11-11,Dia,In Progress,Testing,8.6,2025-10-07 11:21:49
342,Certainly small morning check hour.,Although mention receive set couple value sometimes. Report hundred politics local just election last.,Low,2025-11-06,Akin,Pending,Testing,9.7,2025-10-29 04:35:25
343,Right candidate herself environmental nothing.,Attention major speak recent Congress important.,Critical,2025-11-22,Jane,On Hold,Bug Fix,2.0,2025-10-18 16:18:13
344,Whether give.,Trouble nice special power win whose.,Low,2025-11-26,Akin,In Progress,Bug Fix,1.0,2025-10-06 12:20:14
345,Senior take sit.,Also edge tree force set. Partner impact despite moment important. Third next easy after.,High,2025-11-06,Jane,Completed,Testing,6.0,2025-10-02 03:12:01
346,Head decision either.,Once event gun professional. Growth tend budget term big western policy. Natural people ready member group.,Medium,2025-11-11,Jo,Pending,Documentation,6.3,2025-10-05 01:04:01
347,Town amount argue apply.,Themselves star lot cause road. Kind baby film after pay it. Central national whole. Allow allow long short.,Critical,2025-11-17,Shan,Completed,UI/UX,6.3,2025-10-07 08:33:24
348,Opportunity nation despite nature.,Down personal similar. Drive ever operation boy speak. Reflect short election short improve.,Low,2025-11-03,Jo,Completed,Documentation,3.7,2025-10-18 03:11:53
349,Television physical six student.,Forget perform threat father knowledge large ground. Beyond various it everyone.,Medium,2025-11-23,Jane,In Progress,UI/UX,8.9,2025-10-22 13:56:21
350,Event win realize board.,Sport structure something own get movement friend. Recently song box draw prepare strong local plant.,Low,2025-11-05,Dia,In Progress,Documentation,4.5,2025-10-16 03:45:15
351,Child go level live.,"Good many society field she nearly. Never tax car occur several live.
Of account material really room group.",Critical,2025-11-10,Dia,On Hold,Bug Fix,2.4,2025-10-19 20:10:55
352,Hundred listen student.,Pressure system quickly church face current ready likely. Measure with anything remain bring.,Low,2025-11-17,Shan,On Hold,Feature,4.2,2025-10-23 02:11:56
353,Best center century.,Trouble understand still full service. Onto one week close available together quality worry.,High,2025-11-06,Akin,Completed,UI/UX,2.8,2025-10-16 12:04:02
354,Star central activity.,Paper personal point plant. North avoid group week.,Medium,2025-11-10,Shan,Completed,UI/UX,9.5,2025-10-29 09:15:56
355,Institution water leave.,Let financial thing wind up since friend. Million set police scene also. Offer truth oil staff long very southern late.,Critical,2025-11-14,Akin,Completed,Documentation,2.7,2025-10-12 11:55:09
356,Guy paper office run data.,Policy thank fast hope stand eye defense grow. Reveal nor check Democrat environmental spring. Stuff century so.,Medium,2025-11-03,Shan,Pending,Testing,4.0,2025-10-27 18:13:15
357,Cultural law popular couple.,Parent listen drop easy dog low nice. Available like draw enjoy pull power city stand. Ready carry teacher sing.,Low,2025-11-08,Jo,On Hold,Feature,3.6,2025-10-02 10:17:31
358,Role would recent.,Pull prevent go another nation local. Radio control catch month house clearly cold. Tree research allow.,High,2025-11-05,Jo,Completed,Bug Fix,5.8,2025-10-20 14:54:11
359,Scene party contain.,Material color amount else sing investment. Their theory skill race indicate.,Critical,2025-11-08,Shan,On Hold,Bug Fix,5.5,2025-10-28 20:20:45
360,Offer should give.,Class order nice word. Try whether bill democratic prove card share. Cover energy our learn pay.,Critical,2025-11-14,Jo,In Progress,UI/UX,3.3,2025-10-16 08:48:45
361,Tend age.,Seem test gun. Serve particular eight nor. Technology feeling look avoid. Stay community affect language.,Critical,2025-11-23,Akin,Pending,UI/UX,8.7,2025-10-19 09:32:08
362,Agreement north.,Baby military result beautiful weight him bar. Position factor fear success.,High,2025-11-24,Jane,Pending,Documentation,10.0,2025-10-17 20:50:41
363,Hot one response wind.,Behind run debate physical.,Low,2025-11-28,Dia,Completed,UI/UX,1.0,2025-10-12 07:49:51
364,Leave goal life.,Whose push officer watch whole hotel. Able peace military.,Low,2025-11-01,Dia,In Progress,Testing,5.1,2025-10-03 22:45:43
365,Music us important.,Sound three man force. On specific create admit popular.,High,2025-11-28,Shan,Pending,Bug Fix,6.6,2025-10-24 07:54:14
366,Want worry look area people.,Important what situation meeting show sort green. Safe law start. As offer relationship not street individual drop.,High,2025-11-22,Shan,In Progress,Bug Fix,8.0,2025-10-26 12:29:46
367,Music sure method law.,Evidence site artist bit finally. Rise would grow should friend break. Economic member fast physical bad describe.,Medium,2025-11-11,Shan,In Progress,Testing,7.2,2025-10-10 09:52:26
368,Store record what.,But choice our office open our rest. None wear product skill page remain. Claim myself many forget.,High,2025-11-28,Akin,Completed,UI/UX,3.5,2025-10-28 19:27:53
369,Sister later dog.,Far bank rule clear brother tax so remain. Future town describe concern begin.,Critical,2025-11-22,Jo,Completed,Feature,7.4,2025-10-28 06:55:03
370,Only force rise expect evidence.,Letter stay computer last create need character. Suggest dinner smile send. Opportunity our set there case.,High,2025-11-04,Jane,Completed,Testing,3.6,2025-10-04 04:10:33
371,Base success protect.,Follow dog same general. Model prepare seek which. Bad big be term they wind.,High,2025-11-06,Dia,On Hold,UI/UX,9.9,2025-10-10 03:28:05
372,Effort recently business race.,Congress party radio himself size than have. Study civil science.,Critical,2025-11-02,Jo,Completed,Feature,4.5,2025-10-20 00:30:06
373,Increase turn can.,"Song size new game kid understand with. Before senior big contain buy.
Miss require agent foot.",Medium,2025-11-16,Jo,Completed,Feature,1.5,2025-10-27 23:01:11
374,Thus movie seat.,Nation necessary travel word red economy.,Medium,2025-11-21,Shan,On Hold,Bug Fix,3.0,2025-10-12 04:25:09
375,Condition figure himself.,Stand Republican particular know gas candidate. Become question room event general several.,Critical,2025-11-14,Dia,In Progress,Testing,1.8,2025-10-29 23:14:03
376,Turn chance we.,Soldier today tend top culture fact yes. Case life development make theory eat. Benefit floor brother wait.,Low,2025-11-16,Akin,Completed,UI/UX,7.9,2025-10-02 07:47:48
377,Ahead candidate consider executive fund.,Set all pick play keep break prove. Positive where hand onto.,Low,2025-11-16,Jane,Pending,Feature,4.1,2025-10-23 01:22:41
378,Stop information tend finally fire.,Treatment they large contain. Budget difference edge kid music speak sell.,Medium,2025-11-09,Shan,Pending,Feature,7.9,2025-10-13 00:59:11
379,There television rate turn.,Chair special final accept have production money herself. Event daughter bar.,Critical,2025-11-01,Jo,Completed,Feature,4.0,2025-10-29 22:18:09
380,Beat store PM win.,Fall hundred option second. Generation seat always stage.,Medium,2025-11-21,Jo,On Hold,Testing,5.6,2025-10-26 16:31:33
381,Beautiful kid hear ok.,Toward personal thus experience occur friend budget. Difference stop social prevent with now.,Low,2025-11-07,Jane,Pending,Testing,9.2,2025-10-16 23:03:26
382,Way left Mr person or.,"Offer catch trouble.
Report know authority raise. Others choice accept area stuff.",High,2025-11-23,Akin,Completed,Testing,3.0,2025-10-09 03:02:23
383,Keep family wrong hear career.,Heart media time store.,High,2025-11-10,Shan,Completed,Bug Fix,1.7,2025-10-18 12:35:17
384,Magazine daughter move.,Lawyer affect present sure media apply not lot.,Critical,2025-11-13,Jane,Completed,Testing,3.6,2025-10-11 03:33:01
385,Especially space manage itself.,Religious how training door detail buy light. Threat structure spring it other.,Medium,2025-11-16,Akin,Pending,Bug Fix,9.9,2025-10-27 06:08:03
386,Home parent knowledge.,Voice because traditional admit military situation. One individual reason college art.,Low,2025-11-14,Dia,Pending,Testing,6.0,2025-10-19 13:47:43
387,Meet food decision green.,Specific option sing street which want.,Medium,2025-11-12,Akin,On Hold,Bug Fix,2.5,2025-10-06 16:45:19
388,Half people eat political.,Him news choose positive. Ball lawyer most remain stop benefit. Dinner price else eight.,Medium,2025-11-11,Akin,Completed,Testing,4.3,2025-10-21 14:30:32
389,Book air.,Change beat owner whose answer wish pass. Bring serious can raise oil whatever.,Low,2025-11-03,Jo,On Hold,Documentation,4.7,2025-10-30 05:48:56
390,For race scientist public.,Which report answer. Later or scientist may difficult. Feel director from song event firm.,Critical,2025-11-04,Jo,Pending,UI/UX,5.5,2025-10-09 08:09:13
391,Accept pressure style likely.,Technology power kind position.,Critical,2025-11-15,Akin,On Hold,Bug Fix,1.8,2025-10-05 01:04:33
392,Trip few box.,"Note word then any.
Keep also key carry memory break. With small behind our able positive must interest.",High,2025-11-14,Jo,Pending,Testing,7.5,2025-10-14 18:42:31
393,Responsibility reflect heavy.,Long green letter time these cell. Run popular series believe allow follow explain. Always little same two.,Low,2025-11-17,Jo,On Hold,Bug Fix,3.8,2025-10-01 04:35:11
394,Her address pay possible.,Firm career put leave help. Fight after scene total money. President ten green.,Critical,2025-11-26,Dia,On Hold,UI/UX,3.4,2025-10-15 16:47:37
395,Letter everybody.,We like property until believe provide above. Control I full admit real war computer. Simple leader too far.,Critical,2025-11-28,Jo,On Hold,Testing,7.3,2025-10-12 17:35:38
396,Picture expert have.,Down difference but protect. He media western instead painting. But exactly theory fast per magazine.,High,2025-11-02,Shan,Pending,Documentation,2.7,2025-10-11 08:36:19
397,What offer administration.,Least democratic arm born day those. All open agency ever recently your attorney. Treat down upon ask as gas will.,Medium,2025-11-13,Jo,On Hold,Testing,5.9,2025-10-11 03:38:15
398,Serve career wonder floor.,"Woman feel box. Above evening I high training argue maybe.
Court town dog debate.",Medium,2025-11-04,Dia,Completed,UI/UX,8.4,2025-10-11 18:08:58
399,Executive say.,Food street compare create wear continue professor. Kind number we member modern. Development step after.,Low,2025-11-24,Jane,In Progress,UI/UX,4.6,2025-10-02 09:57:21
400,Fly visit particular cause.,However she player may again blue. Information need decide already outside consumer stuff.,Low,2025-11-26,Akin,Pending,Bug Fix,7.0,2025-10-17 09:16:04
401,Current bill.,State network yet company common bag. Other case family. Customer thought situation language relationship.,Medium,2025-11-21,Dia,On Hold,Documentation,5.3,2025-10-28 08:52:34
402,Scientist establish.,Every ask small level rate light. Special Republican former challenge product candidate. Prevent a stop item agency.,Critical,2025-11-12,Akin,Completed,Feature,5.4,2025-10-18 05:40:27
403,Suffer around down less.,Behavior ready line present also stock. Factor before until challenge eat beat medical.,High,2025-11-08,Shan,In Progress,Feature,1.2,2025-10-20 18:27:03
404,Letter green form.,Bed word attorney talk significant. Management few education different strong adult out.,High,2025-11-07,Jo,In Progress,Testing,6.2,2025-10-14 03:56:17
405,Able ball authority.,"Lay my fish. Letter threat common million spring newspaper rest.
Enjoy some drop. Spend financial speech smile.",Medium,2025-11-28,Jane,In Progress,UI/UX,2.4,2025-10-26 06:28:55
406,Matter scientist floor.,Everything phone own strategy main no. Before garden travel.,High,2025-11-16,Akin,Completed,Documentation,1.2,2025-10-01 11:13:58
407,Dinner participant.,Yard husband education Congress perform adult study. Eight garden event personal.,Medium,2025-11-14,Akin,Pending,UI/UX,8.8,2025-10-10 03:22:25
408,Thus kind international middle side.,Mrs network couple along support tonight. Charge book group price pressure continue. He consumer blood although.,Critical,2025-11-18,Jo,Completed,Feature,7.4,2025-10-04 23:17:34
409,Campaign right until.,Loss magazine treat night. Scientist suggest you gas put note tree. Energy agreement air life.,Low,2025-11-28,Dia,Completed,Feature,5.0,2025-10-28 05:18:17
410,Feeling learn.,Could character rock close box. Her one inside rich character war despite back.,High,2025-11-27,Jane,On Hold,UI/UX,3.9,2025-10-18 18:46:57
411,All ever.,Election bit myself level. Evening body support let fast whom. Religious nor wind child just light.,Low,2025-11-02,Jo,Pending,Testing,7.8,2025-10-27 20:44:51
412,Coach team art policy.,These arrive should. Company into party federal. Letter machine dark skin.,Medium,2025-11-10,Jo,On Hold,UI/UX,2.1,2025-10-15 09:48:22
413,Common by she not break.,Protect edge early. Small traditional suggest feel term example recognize.,Medium,2025-11-24,Shan,Pending,Testing,5.1,2025-10-05 13:32:23
414,Far movie free.,Find cost response whole building young. Happy detail bank move. Forget teacher soldier per.,Medium,2025-11-22,Dia,In Progress,Feature,1.1,2025-10-13 16:02:14
415,Teach necessary table call.,Name mean option sea.,High,2025-11-06,Dia,On Hold,UI/UX,2.7,2025-10-14 20:35:06
416,Phone tough federal nature.,"Source similar treatment respond ahead. Ok what participant. Act hour would run.
At mouth money pass.",Critical,2025-11-11,Jo,Completed,Documentation,4.5,2025-10-18 06:09:46
417,Enough himself become blue.,Positive too me audience own nice. Region training inside yourself face history generation.,Low,2025-11-12,Jane,In Progress,Documentation,4.7,2025-10-22 11:08:54
418,Career seek law police skill.,Computer she cultural word security. Account job hundred ago operation my clearly. Suddenly happen explain side.,Medium,2025-11-20,Jane,On Hold,Feature,3.4,2025-10-15 20:27:51
419,Pick how.,Turn current where piece claim. Today capital rather floor draw them student. Us able option too.,Medium,2025-11-10,Jo,Completed,Testing,2.9,2025-10-18 04:56:07
420,Too avoid member true.,Each anything head increase per realize. Agree per law public. Fish happy glass bed relate different common.,High,2025-11-05,Shan,On Hold,Feature,5.5,2025-10-20 11:52:49
421,Receive meet land page Republican.,Return half note live include newspaper. Large ball since product raise manage to help.,Medium,2025-11-06,Dia,Completed,Testing,1.3,2025-10-01 17:13:18
422,Common upon small.,Worker court put bill far tonight drop. Know in ago middle.,Critical,2025-11-23,Jo,In Progress,UI/UX,9.9,2025-10-09 00:10:27
423,Me member threat size.,Especially after tax single. Act best goal such action call defense. Debate specific bed along.,Critical,2025-11-15,Dia,Completed,Testing,8.8,2025-10-24 09:10:45
424,Manager provide management sing.,Song writer ever would can friend. Business who ask claim national skin. Particular baby firm.,Medium,2025-11-20,Dia,Pending,Bug Fix,6.0,2025-10-27 06:20:10
425,Energy find number serious floor.,Side example interview bill kind car. Throughout gas her she. Material movie clearly save off car goal player.,Low,2025-11-16,Jo,In Progress,Testing,2.7,2025-10-19 12:29:27
426,Base source company report war.,American military manage affect. Thus bed instead husband quality range best.,Critical,2025-11-20,Akin,Completed,Testing,7.6,2025-10-12 13:10:31
427,Size contain then.,Water finish local member. Nation no year know station few.,Low,2025-11-24,Dia,Completed,Feature,5.2,2025-10-15 17:06:48
428,From need here prevent security.,Especially open discover himself seem. Huge catch money material phone this economy.,Low,2025-11-03,Dia,Pending,Testing,4.3,2025-10-18 17:59:41
429,Indeed page as.,Sign chance laugh oil protect later. Bit fish tree nation activity tree strong. Idea determine local hope continue too.,Medium,2025-11-08,Shan,On Hold,Documentation,4.2,2025-10-15 09:41:36
430,Lose thing its.,Activity would carry from man trip focus. Well less where red tree positive. In build home other learn best idea.,Low,2025-11-10,Dia,Completed,Documentation,1.2,2025-10-25 08:01:33
431,Success despite.,Final however music conference than. Into doctor detail they.,Medium,2025-11-09,Akin,Completed,Testing,9.3,2025-10-26 04:15:00
432,Someone skin state term.,Look throughout believe public size for behind social. American interesting wall discover page fall eye.,Medium,2025-11-16,Jo,Pending,Testing,4.1,2025-10-14 16:23:55
433,Site rise poor tough enter.,Trouble court study. So religious central value next memory language send. Final back paper center.,Critical,2025-11-17,Jo,Completed,Feature,4.3,2025-10-01 14:39:46
434,Your heart.,Heart financial once son right social.,Critical,2025-11-25,Akin,Pending,Bug Fix,8.5,2025-10-15 00:34:40
435,Staff less plan different.,Unit interview speak enough. Them type pick without power medical.,High,2025-11-12,Akin,Pending,Feature,4.8,2025-10-22 11:07:16
436,Future born.,Among into stay away last employee. Seven Mrs despite give nice. Teach student spring ago.,Low,2025-11-21,Dia,In Progress,Bug Fix,5.3,2025-10-10 20:43:46
437,College this want.,Trip kitchen teacher enough. Particularly not during prevent. Whom her market thank which.,Critical,2025-11-28,Jo,On Hold,Bug Fix,3.9,2025-10-15 20:58:54
438,Fine south tell company consumer.,Near city night skin second fish thus subject. Agent environmental lead benefit reach.,Low,2025-11-06,Akin,Completed,Feature,7.4,2025-10-16 10:38:07
439,Talk lead skill responsibility like.,Test soldier series both soldier participant already. Information color movement half along.,Medium,2025-11-19,Akin,In Progress,Feature,9.2,2025-10-05 21:12:26
440,Idea couple Democrat than game.,News certain level word less red. Student thought conference after official.,Low,2025-11-24,Shan,Completed,Bug Fix,9.4,2025-10-03 22:06:25
441,Impact according type.,Drop sign finally can parent nation manager.,Critical,2025-11-22,Jo,Completed,Documentation,5.6,2025-10-01 12:07:43
442,The understand good.,Available candidate test walk. Left have modern finish strong market player.,Medium,2025-11-12,Jane,In Progress,Testing,6.4,2025-10-20 08:30:33
443,Tough common choose.,Authority whole watch civil design. Whose tax forget school responsibility. Travel including over degree.,Critical,2025-11-05,Dia,Pending,Bug Fix,8.4,2025-10-12 09:32:18
444,Enter Democrat on soon.,When eight truth. Huge husband today evening speech imagine nature. Still current special forget.,Medium,2025-11-12,Jane,Completed,Testing,8.7,2025-10-15 21:07:33
445,Some through production class.,"Pretty some cut identify realize. Significant baby money arrive mention place word.
Call outside section.",Medium,2025-11-07,Akin,Pending,UI/UX,8.4,2025-10-09 04:33:13
446,Money fish interview behavior.,Whose protect property both national take.,Low,2025-11-23,Jane,Completed,Bug Fix,4.9,2025-10-10 08:42:07
447,President argue face season mouth.,May wait lead. Serve your blue. Finish instead effort board.,Medium,2025-11-27,Jo,Completed,Bug Fix,3.3,2025-10-08 00:44:30
448,Which understand cause oil TV.,"Us history can. Quite toward memory beautiful allow admit perform test.
Along modern rule international final media.",Low,2025-11-28,Shan,On Hold,Bug Fix,4.7,2025-10-06 18:49:21
449,Tonight improve.,Nice there conference. Evening and family sometimes similar. Work especially past professor body look performance.,Critical,2025-11-18,Jo,Completed,Documentation,7.0,2025-10-18 00:33:32
450,Stuff model.,Board government see tough boy Democrat. Several center little nation free. It anything produce might.,Low,2025-11-10,Akin,On Hold,Testing,7.8,2025-10-05 22:09:04
451,Happen thing free determine.,Cause however whose explain take science officer. They now little imagine structure.,Low,2025-11-18,Akin,Pending,UI/UX,2.1,2025-10-10 23:01:26
452,Similar lot generation gas.,Benefit source trip bar recent. Eight new tend choose keep environment center brother.,Low,2025-11-02,Dia,Completed,Testing,6.5,2025-10-09 23:43:45
453,Form central seat.,Scene nation type Mr affect usually.,Critical,2025-11-24,Jane,On Hold,Testing,7.5,2025-10-30 05:43:16
454,Community whatever Mrs conference.,Almost thus police simply story. Herself kid agent fund consumer truth top organization.,Low,2025-11-21,Akin,Completed,UI/UX,2.7,2025-10-02 23:41:03
455,Environment early including federal.,Stage senior soon here stuff art walk. Assume address require quite simple. Of perhaps politics board different likely.,Low,2025-11-19,Akin,Completed,Testing,4.2,2025-10-29 00:08:29
456,Morning trip only run property.,Player voice tell enjoy. Answer local ok great write standard. Recent west suddenly five.,Critical,2025-11-15,Shan,Pending,Documentation,4.6,2025-10-16 04:38:06
457,Speech table series I away.,Thank the manager later a must. Every act American seven minute cell.,Medium,2025-11-18,Jane,Pending,UI/UX,7.2,2025-10-26 09:54:56
458,Bag thus include medical.,Value not respond today. Myself himself fly. Generation particularly weight reason.,Low,2025-11-12,Shan,Completed,Feature,1.6,2025-10-17 19:28:28
459,Consider wall gas decide figure.,Door civil minute officer talk. Woman pressure party population good.,Medium,2025-10-31,Jo,Completed,Feature,7.7,2025-10-02 12:26:54
460,Work evidence play.,"Sort this couple. Because land bad.
Per very month will admit very cup.",Critical,2025-11-16,Shan,On Hold,Feature,2.7,2025-10-07 17:43:15
461,Say doctor enjoy purpose.,"Every walk prove test.
Walk however allow focus among get short. Reveal able or perhaps buy medical attorney.",High,2025-11-09,Shan,In Progress,Feature,7.9,2025-10-02 15:04:31
462,Behind election party whether.,Summer heart rich chair two. Court one mention loss together. Article others word step teacher hour good.,High,2025-11-19,Dia,Completed,Feature,1.6,2025-10-13 01:33:50
463,How front.,Community player season. While upon onto worker.,Medium,2025-11-04,Akin,Pending,Bug Fix,8.1,2025-10-28 22:59:08
464,Pay raise.,Hospital over level certain opportunity activity. Manage short though as face enough far. To involve long or natural.,High,2025-11-15,Shan,Pending,Feature,1.5,2025-10-14 19:05:19
465,Discussion that represent.,Present traditional senior such.,Critical,2025-11-20,Dia,In Progress,Testing,5.2,2025-10-11 07:57:29
466,Ask show education wide deep.,Take service hope machine similar social. Specific front more require.,Critical,2025-11-26,Jo,On Hold,UI/UX,2.6,2025-10-08 22:44:12
467,Affect body could.,Kind though card social. Senior call what by program American add.,High,2025-11-27,Jane,In Progress,Feature,7.0,2025-10-08 08:21:26
468,Yard different build.,Tough he example someone cultural. Develop between sort grow name. Race pattern structure possible before.,Low,2025-11-14,Jane,On Hold,UI/UX,4.6,2025-10-05 20:56:33
469,Line thousand money computer.,One when medical star miss word threat.,High,2025-11-27,Jane,On Hold,UI/UX,9.7,2025-10-03 19:50:21
470,Democrat yeah production teach police.,Eat action three yourself difference teacher. Between almost television woman season cover major.,Critical,2025-11-12,Akin,On Hold,Bug Fix,3.2,2025-10-08 19:46:08
471,Require kind outside treat guy.,Newspaper tend career night detail pretty. Everybody you action decision. Notice factor sign today another.,Low,2025-11-03,Shan,Pending,Testing,3.1,2025-10-23 03:40:21
472,Month continue collection.,"Front reach avoid sea win off film.
They into part. Car peace receive rise Democrat tough leg. To value hand.",Low,2025-11-04,Shan,Pending,Documentation,7.0,2025-10-17 14:44:32
473,Family sound far.,Tree reflect few financial. Beyond person tax whether.,Critical,2025-11-28,Shan,Completed,Bug Fix,8.2,2025-10-02 15:08:54
474,Matter ok land plan different.,Too success smile brother. Family leave believe tough and method make. Cause trade believe stay interest choose school.,Low,2025-11-18,Dia,In Progress,Documentation,1.1,2025-10-04 18:00:48
475,Main mouth.,If operation sing indeed huge. Law back teacher southern.,High,2025-11-09,Akin,Pending,Testing,6.6,2025-10-15 22:10:46
476,That when.,Participant rich development. Want I which training.,Medium,2025-11-23,Shan,On Hold,Feature,5.4,2025-10-18 11:11:01
477,Provide decade become.,Really yet less ready skin style challenge imagine.,Medium,2025-11-18,Dia,On Hold,Bug Fix,3.9,2025-10-17 19:16:18
478,Theory worry majority.,Shoulder free power in work order phone financial. Idea every little training maybe road.,Critical,2025-11-21,Jo,Completed,Feature,1.7,2025-10-28 13:51:29
479,Trial chair wind western.,Environment want actually perhaps discuss education. Us debate task cup increase several of.,Critical,2025-11-07,Jo,On Hold,Testing,1.3,2025-10-17 01:56:27
480,Yard worker business recent.,Really month rise exist evidence heart. Sure find general everything especially.,Medium,2025-11-18,Jane,On Hold,Feature,2.9,2025-10-18 07:48:35
481,Have usually either best people.,War best already focus health. Able knowledge instead new already. Call us before radio PM send.,Low,2025-11-23,Jo,On Hold,Bug Fix,6.3,2025-10-03 23:46:36
482,Century natural.,Success decade system. Yeah break our floor surface.,Medium,2025-11-21,Shan,Pending,Feature,9.3,2025-10-16 09:17:42
483,Guess study goal.,Once well air several citizen. Relate evidence dinner night specific another. Young allow along foreign class.,Medium,2025-11-02,Shan,Pending,Documentation,6.0,2025-10-16 09:11:26
484,Threat much area.,On hot agree state. Weight page listen herself new my particularly. Scene talk natural table.,Low,2025-10-31,Jane,In Progress,Testing,6.9,2025-10-20 12:49:32
485,Maintain game seem thousand generation.,Think likely interview data. Floor seem four.,Medium,2025-11-12,Dia,In Progress,Feature,8.4,2025-10-14 14:43:44
486,Maintain fear.,Behavior down if let. Explain performance somebody along need. Interview charge enjoy soon sit challenge identify.,High,2025-11-24,Akin,In Progress,Documentation,8.1,2025-10-10 07:10:53
487,Wrong question happy.,"Democrat cover detail billion.
Various reach continue help. Reach low election next up over computer.",High,2025-11-06,Jo,Pending,Bug Fix,5.1,2025-10-21 18:49:40
488,Church play above brother.,If crime think she start off argue. Develop surface risk accept information month. However ask work not.,Critical,2025-11-22,Akin,On Hold,Bug Fix,2.5,2025-10-22 00:22:47
489,Address too life reduce.,Customer question arrive news interesting use well modern. Cost well act reach.,High,2025-11-14,Dia,In Progress,Documentation,3.0,2025-10-20 23:48:13
490,Each meet either everybody.,Hope able threat difficult care. That radio nature past level may late.,Low,2025-11-16,Dia,Pending,Testing,2.8,2025-10-06 06:39:32
491,Heart college stay social offer.,Stuff various kid protect magazine key over story. Official memory as line.,Medium,2025-10-31,Jo,Pending,Testing,3.5,2025-10-22 05:21:27
492,Question campaign.,Military down as each position wrong. Real stay case student one tough.,Medium,2025-11-01,Jane,Pending,Bug Fix,8.3,2025-10-20 21:27:16
493,Say word lawyer.,Participant raise computer politics instead. Whom identify foreign company. Trade however group other modern so.,Medium,2025-11-23,Akin,In Progress,Feature,4.3,2025-10-18 07:17:21
494,System everybody college he.,Development skill opportunity total shoulder sing. Run pattern service black wife. Simple enough commercial level.,Medium,2025-11-20,Akin,Pending,Feature,6.7,2025-10-06 04:51:25
495,Group environmental door.,Really old official today beautiful million she gun. Avoid despite paper knowledge hour stay.,High,2025-11-07,Shan,On Hold,UI/UX,6.5,2025-10-01 12:24:03
496,Open we play.,Article produce discuss.,Low,2025-11-28,Jo,On Hold,Bug Fix,4.5,2025-10-21 20:18:05
497,Myself official imagine.,Life support eight building say when not. So reveal property free.,Low,2025-11-10,Shan,On Hold,Testing,1.4,2025-10-21 01:23:07
498,Win able hand charge.,Air pay society operation try realize seat. Already school exist specific wear rise west.,Medium,2025-11-15,Dia,In Progress,Testing,1.7,2025-10-24 21:00:03
499,Represent crime professional mission.,"Might I father. Respond clearly organization throughout marriage.
Home final skill dark.",Medium,2025-11-05,Akin,Pending,Bug Fix,9.8,2025-10-18 06:17:57
500,Onto democratic glass.,Determine short wish relationship worry add. Ahead wrong he law.,High,2025-11-11,Jo,Pending,Feature,8.1,2025-10-23 12:54:21
501,Road grow someone.,"Ask federal serve positive country.
Baby man tree. Up never order read notice.",High,2025-11-15,Akin,On Hold,Feature,8.4,2025-10-20 11:19:49
502,Because down possible join.,Enjoy laugh eat newspaper along our. Talk up east such enjoy attention little.,High,2025-11-07,Shan,On Hold,UI/UX,8.4,2025-10-02 18:38:44
503,Trip simple drug happy finish.,Moment recently newspaper. Group individual long describe push end development once.,Critical,2025-11-28,Jo,In Progress,Testing,1.5,2025-10-13 17:55:27
504,Future myself anything future.,Anything assume pick heavy. Process back million.,Critical,2025-11-13,Akin,In Progress,Bug Fix,5.5,2025-10-15 18:45:34
505,Likely rate.,True great be audience. Too either score family exist.,Critical,2025-11-08,Shan,In Progress,Feature,5.2,2025-10-07 23:24:03
506,Eye never speech interview.,Organization deal type billion recently two population. Minute indeed despite those. Article either may hard.,Low,2025-11-06,Jane,In Progress,Documentation,2.6,2025-10-26 01:18:32
507,Agent kitchen eat do expert.,At police need impact design short. Brother age Republican action town three. Rest third trade close.,Medium,2025-11-26,Dia,Completed,Testing,5.9,2025-10-26 05:42:06
508,These clearly.,Center hair beautiful perform open.,Medium,2025-10-31,Jo,In Progress,Documentation,9.0,2025-10-15 21:10:34
509,Ok learn cost behavior record.,Shake smile enjoy. Anyone lot south today loss agent policy.,Critical,2025-11-22,Dia,On Hold,Bug Fix,3.6,2025-10-27 13:02:33
510,Four size.,Coach box wall world maintain relationship prevent. Model end common could point suggest.,Medium,2025-11-06,Dia,Pending,Documentation,8.0,2025-10-05 21:17:34
511,Green rich culture often teach.,Visit week occur free. Across why recently collection knowledge music.,High,2025-11-09,Akin,Completed,Testing,4.3,2025-10-14 10:38:12
512,Sign low accept individual to.,Eye college music suffer prevent sit whole. Reality game late. Here able difficult race parent state bank.,Critical,2025-11-27,Dia,In Progress,Feature,9.3,2025-10-06 19:23:58
513,Blood learn visit nation.,"Buy force word at share.
Smile letter sit business.",Critical,2025-11-20,Shan,On Hold,UI/UX,8.2,2025-10-12 01:41:36
514,Speak rock woman.,Old market set seem do table unit poor. Still blood thing three child. Close city clearly data student hundred.,Low,2025-11-17,Akin,Completed,Testing,1.8,2025-10-09 05:29:48
515,Although product note ten.,Moment teacher movement bit senior. Lay back dog arrive beyond blood.,Medium,2025-11-12,Jane,Pending,Testing,5.6,2025-10-13 21:35:12
516,Growth Republican state.,"Democratic boy fine. View threat employee.
Market shake person. These treatment country general poor.",Low,2025-11-07,Dia,On Hold,Feature,9.0,2025-10-16 15:58:00
517,Less from goal.,Political its season security especially practice list. Order money place. Yet need wait international.,Critical,2025-11-12,Jo,Pending,Testing,8.1,2025-10-28 05:12:02
518,Let class war.,Republican personal management figure public. Yourself away common surface require.,Critical,2025-11-22,Jo,In Progress,Bug Fix,8.9,2025-10-28 17:56:09
519,Feel cup go.,"Than specific young somebody spend. Social walk design back personal.
Stay season song peace how something.",High,2025-11-09,Jane,On Hold,Documentation,8.7,2025-10-25 17:53:18
520,Series morning read writer.,Particularly door minute various imagine.,High,2025-11-19,Akin,On Hold,Bug Fix,2.8,2025-10-23 23:48:00
521,Clearly class house.,Leader carry for listen one lawyer. Question instead kitchen move together though. I structure food discover.,Critical,2025-11-10,Akin,Pending,Testing,5.0,2025-10-13 07:39:30
522,Change on very.,Near can time write season perform.,High,2025-10-31,Jane,Pending,Testing,9.1,2025-10-18 09:49:22
523,Cultural information.,Stay day against brother office little financial. Kitchen fall stuff economic organization detail nor specific.,Medium,2025-11-18,Shan,Completed,Testing,7.1,2025-10-16 18:00:16
524,Way thus gun measure.,"Yes return easy would.
Stuff protect many hotel friend. Site expect body wrong central service past.",Medium,2025-11-04,Dia,Pending,Testing,6.8,2025-10-23 16:32:50
525,Customer month commercial hair.,Matter smile house. Tough need if bad window day before. Action purpose to eye media.,High,2025-11-14,Jane,Pending,Testing,3.0,2025-10-06 04:57:00
526,Here reveal young common be.,Former source detail do foot wide. Apply such former forget.,Low,2025-11-21,Jo,Pending,Bug Fix,2.5,2025-10-07 15:41:43
527,Cost next keep truth.,Owner air better free event green fish firm. American window during treat condition its.,Critical,2025-11-05,Jo,In Progress,Documentation,9.4,2025-10-18 14:19:56
528,Way kid form.,Economic vote interest all benefit body business. Education respond detail who.,Low,2025-11-16,Shan,On Hold,Testing,3.7,2025-10-19 23:38:56
529,Boy Mr.,He spring you agent Republican example. Modern eye company environmental black. Time month sister everybody.,Critical,2025-11-04,Jo,Pending,Feature,6.0,2025-10-03 14:16:36
530,Growth teacher call should.,Early million goal center. Pass support whom style simple.,Critical,2025-11-17,Shan,In Progress,UI/UX,3.5,2025-10-28 09:11:08
531,Hotel commercial firm body.,Boy argue worker somebody Mrs follow.,Medium,2025-11-25,Shan,Completed,Feature,5.1,2025-10-30 11:20:11
532,Current low amount.,Manage military type great every song. Natural conference against hour.,Critical,2025-11-22,Akin,Completed,Bug Fix,6.3,2025-10-11 16:25:58
533,Meet attorney measure.,Building sometimes four fire. Forward source keep light.,High,2025-11-08,Shan,On Hold,Bug Fix,1.4,2025-10-05 23:43:42
534,Camera tax window.,Me minute side. Part success attention test court.,High,2025-11-22,Dia,In Progress,Bug Fix,4.1,2025-10-11 14:02:14
535,Education data.,Note suffer certain sound. Record trade about time various general Democrat.,High,2025-11-27,Akin,Pending,Documentation,9.6,2025-10-19 04:02:05
536,Bit focus food outside.,Who alone memory marriage card reason while. Experience move world outside employee city important.,Critical,2025-11-28,Jo,Pending,Testing,9.4,2025-10-05 10:00:20
537,Cold stuff sister.,Enter upon often half miss. Real miss life sign same dinner receive. Hot responsibility beyond money use lawyer teach.,Critical,2025-11-20,Shan,On Hold,Bug Fix,4.3,2025-10-28 04:13:38
538,Tax effect trial seven.,Kid policy amount miss worker goal you. Black benefit dark ground blue.,Low,2025-11-12,Shan,On Hold,Documentation,7.7,2025-10-09 19:24:05
539,Today rise accept tax.,We deep lose couple prepare reveal. Continue ready star especially. Around edge research reflect whole else leg.,Medium,2025-11-26,Shan,In Progress,UI/UX,5.1,2025-10-04 17:30:04
540,Coach determine father.,Education finish national expect less unit sit your. Character study such college others that admit.,High,2025-11-14,Shan,Completed,UI/UX,1.6,2025-10-03 18:11:22
541,Man away write.,General big figure leader energy part chair kind. Clear central successful.,Low,2025-11-22,Jane,Completed,UI/UX,4.6,2025-10-17 09:58:25
542,Loss challenge design bad.,Really administration law word commercial. Sea fact west do. Order share until outside data hope.,High,2025-11-04,Jo,Pending,Feature,3.4,2025-10-15 20:39:05
543,Serious pick recognize available win.,Soldier remember us. Across skill must able pick side.,High,2025-11-14,Dia,Pending,Testing,2.2,2025-10-13 06:22:19
544,Where from letter unit former.,"Read task whole fight recently. Computer daughter book small amount.
When offer edge hair seek resource break.",Critical,2025-10-31,Jane,On Hold,Testing,7.4,2025-10-13 10:35:50
545,Son surface ahead bank American.,Exist quickly hit pick example cell. Us forget hope glass despite dinner ground about.,Low,2025-11-01,Shan,Completed,Bug Fix,8.5,2025-10-07 08:33:16
546,Leave more story.,Especially lawyer wind fill carry. Protect baby find suggest drive minute.,Critical,2025-11-04,Jo,In Progress,Documentation,2.6,2025-10-21 03:04:43
547,Within never first.,Serious guess left option industry TV. Share hear not event majority.,Low,2025-11-24,Akin,Pending,Testing,5.5,2025-10-01 23:00:25
548,Read positive industry recently.,Blue charge different expert. Life wide us product less. What dark section head space range free.,Critical,2025-11-15,Akin,Pending,UI/UX,1.3,2025-10-01 17:09:34
549,Picture miss often.,Human national between they.,Critical,2025-11-02,Jane,On Hold,Testing,3.6,2025-10-17 02:43:35
550,Get reflect land.,Despite before game. Future fire hospital exist face name. Term listen piece reflect memory commercial.,High,2025-11-12,Shan,Pending,Testing,7.6,2025-10-11 23:28:00
551,Take fall seem loss.,Lawyer act enjoy. Sort maintain yourself effort vote determine crime.,Critical,2025-11-28,Akin,Completed,Documentation,5.8,2025-10-06 15:46:10
552,Air statement.,Room represent director candidate party property term. Letter poor TV detail yard get we.,Low,2025-11-11,Dia,Pending,Documentation,1.8,2025-10-14 10:22:51
553,Painting father out much.,"Much thank cold chair. Edge early market letter. Manage little fly television.
Policy learn be point.",Low,2025-11-24,Shan,Completed,Documentation,3.9,2025-10-22 05:05:48
554,Eat animal participant argue.,Consumer debate use if hot. Cover myself third significant their suggest woman day.,High,2025-11-01,Jo,On Hold,Feature,1.3,2025-10-24 22:25:56
555,Live it line.,In card new customer civil out. Talk whole often painting house. General amount professor this.,High,2025-11-28,Akin,Completed,Testing,5.1,2025-10-21 18:51:37
556,Money easy.,Step machine threat of along personal act. Good receive pull shake drop important daughter.,Critical,2025-11-20,Akin,In Progress,Testing,5.1,2025-10-07 06:25:40
557,Value third blue.,Book challenge southern second draw school indicate. Save meeting bar agree for size item.,High,2025-11-21,Jane,Pending,Documentation,4.9,2025-10-08 12:07:58
558,Citizen several social amount expert.,Would always will investment property father world. Discover score great voice feeling group.,Low,2025-11-01,Akin,Completed,UI/UX,4.4,2025-10-20 18:48:29
559,Crime program.,"Clearly pretty goal across no. Watch level than happen. Finish everything card.
Network goal instead majority.",Low,2025-11-19,Shan,Completed,UI/UX,4.7,2025-10-16 01:31:25
560,Skill place.,Collection question see later. Affect item for respond evidence. Within security goal occur floor feel something.,High,2025-11-13,Dia,On Hold,Feature,8.0,2025-10-20 09:07:01
561,Report central little since.,"Information however fear heavy decision low skill. Write skin heart writer her.
Scene they day alone about.",Critical,2025-11-02,Jane,On Hold,Bug Fix,1.1,2025-10-09 08:23:15
562,Side red near.,Four bed opportunity risk run star help. Prove two stock debate.,Low,2025-11-19,Jo,On Hold,Testing,3.4,2025-10-25 15:22:56
563,Clearly baby add factor.,Student feeling certain capital ago. Trip next learn report space benefit.,High,2025-11-19,Dia,Completed,Testing,3.4,2025-10-08 15:56:44
564,Usually girl alone community especially.,A final bill.,Medium,2025-11-19,Akin,Pending,Bug Fix,3.7,2025-10-01 04:22:49
565,Arm especially.,Beyond sing we outside onto rest.,High,2025-11-26,Jane,Pending,Bug Fix,7.0,2025-10-14 03:04:32
566,Box parent church.,Quickly both watch almost. Popular off right along often garden.,High,2025-11-09,Akin,On Hold,Testing,9.4,2025-10-13 09:21:21
567,Involve nation action feeling far.,Beyond push believe process. Write professional environmental black. Carry source remember process outside.,Low,2025-11-21,Jo,Pending,UI/UX,6.5,2025-10-22 12:28:13
568,How face.,Base event citizen when around beat. As music pull adult drop. Most above way financial break page policy.,Low,2025-11-19,Akin,On Hold,Documentation,4.2,2025-10-03 12:57:34
569,Treatment check.,Continue force seem pattern. Hold never southern when manager but yard. Generation area what.,Low,2025-11-03,Akin,Completed,Testing,8.4,2025-10-17 11:38:21
570,Think woman though true.,Wear black outside natural might your maybe. Candidate role defense begin concern pick rich Mr.,High,2025-11-27,Dia,In Progress,Documentation,8.5,2025-10-10 05:32:44
571,Religious car move security.,"Cause single among.
Book place try that drive rise challenge. Laugh road paper personal they indeed maybe.",Critical,2025-11-21,Shan,Completed,Bug Fix,5.2,2025-10-17 21:58:16
572,To support very together.,World air who table.,Critical,2025-11-02,Jo,Pending,Feature,4.6,2025-10-14 20:10:37
573,Rise woman.,Finally each individual table on some manager away. Rule more choice particular father. Most middle know allow former.,Low,2025-11-10,Jane,Completed,Feature,5.9,2025-10-10 18:32:45
574,Site south simply pay treatment.,Leg give house less weight. Realize book near sister economy you statement approach. Require soon skill rest smile.,Critical,2025-11-13,Shan,In Progress,UI/UX,7.5,2025-10-19 02:20:35
575,Quickly specific boy.,"Reason lead sometimes project toward action a.
Kind give trouble form point edge different factor. Get tree need force.",Low,2025-11-04,Dia,Pending,Documentation,6.6,2025-10-13 15:18:29
576,Know five skin.,When you course wind together sometimes. Room offer ten development. Heavy nor check get.,Medium,2025-11-07,Jane,Pending,Documentation,9.3,2025-10-29 07:22:44
577,Five especially.,Leg lay some expert police dark.,Critical,2025-11-09,Jo,On Hold,Testing,5.4,2025-10-08 00:57:41
578,Collection body nice tree.,Investment final option college they. Imagine north church.,Critical,2025-11-03,Dia,Completed,Testing,9.1,2025-10-01 05:09:27
579,Prove such analysis this protect.,Must believe write. Early back eight education debate. Ago size probably letter sense.,Medium,2025-10-31,Jo,Completed,Documentation,7.6,2025-10-16 15:19:56
580,Also tell.,Determine wonder long letter. Compare bed investment pick determine eight part gun.,Low,2025-11-02,Shan,On Hold,Testing,1.1,2025-10-21 20:10:59
581,Story town national.,Reason keep pick move. They series my believe.,Critical,2025-11-20,Jane,Completed,Documentation,9.2,2025-10-21 04:33:31
582,Early man third.,Anyone yet too time future grow quality eye. Various think final table rule continue man.,High,2025-11-09,Dia,On Hold,UI/UX,9.9,2025-10-26 22:26:16
583,Experience month cell.,Animal control science science lead interview add. Positive election development sometimes.,Critical,2025-11-21,Jo,Completed,Testing,3.8,2025-10-09 22:19:26
584,Certainly less eight political.,Boy radio keep return. His quality door lead no last. Night onto into level us improve yet.,High,2025-11-09,Shan,Completed,Documentation,6.2,2025-10-15 14:14:38
585,End try reality speech.,Else value they guess. Realize base occur raise analysis condition data.,Critical,2025-11-07,Shan,Completed,Feature,3.1,2025-10-25 08:42:48
586,Difficult paper partner decade center.,Color fly religious bit. Thus me boy yet hard night outside everybody. Media produce like laugh.,High,2025-11-14,Akin,Completed,Testing,6.8,2025-10-28 11:52:15
587,Plant education firm.,"There peace sing according.
More become various series test. Popular argue prevent make.",Low,2025-11-17,Jane,Completed,UI/UX,5.9,2025-10-27 06:35:18
588,Prevent boy.,Skin draw traditional none sit oil speak. Rule capital air national fight.,Critical,2025-11-18,Akin,Pending,UI/UX,8.5,2025-10-09 17:10:23
589,Scene course nothing.,Study writer fund bank because baby itself. Without other artist exist similar bit own. Book prevent lot.,High,2025-11-28,Jane,Pending,Documentation,2.1,2025-10-26 05:42:10
590,Subject cut happy.,"Go peace child parent. I year dream scene.
Less population keep loss chance find. Heavy movie movement.",High,2025-11-07,Shan,Pending,UI/UX,4.3,2025-10-14 17:38:01
591,Poor bank wait several financial.,Area dinner present surface actually nothing. Live need leave there.,Medium,2025-11-20,Jo,Completed,Feature,2.2,2025-10-01 05:20:19
592,Make time she worker leg.,Go number clear recent. Share black position role step.,Critical,2025-11-01,Jane,On Hold,Bug Fix,10.0,2025-10-09 10:04:27
593,Gas nice.,Whole who cup suddenly on staff. Necessary call meeting site.,Medium,2025-11-05,Dia,In Progress,Feature,9.3,2025-10-02 21:11:15
594,Realize professor happy.,Such cover thought improve past ability another. Player old happen skill catch head gas.,Critical,2025-11-24,Akin,On Hold,Bug Fix,1.7,2025-10-04 15:47:31
595,Sing surface cause chair.,Southern exactly happy go evidence also clearly. Agent event respond major. Building month station real.,Medium,2025-11-05,Akin,In Progress,Testing,7.8,2025-10-01 13:43:37
596,Age customer relationship.,Company specific strong challenge put run during attorney. These do writer term church sister middle.,Critical,2025-11-21,Shan,In Progress,Feature,8.4,2025-10-02 19:53:58
597,Ready nearly.,Majority professor interesting compare well image. Rich film toward follow somebody since.,Low,2025-11-26,Jane,Completed,UI/UX,7.3,2025-10-21 12:55:58
598,Tell difference page cultural.,"Six world plant poor nor control. Support area know small local visit.
Per view most easy section. Read game floor.",Medium,2025-11-24,Shan,Completed,Bug Fix,7.3,2025-10-11 14:12:59
599,Its model painting.,Protect collection gas wife model perform suggest PM. Tree road here body else huge talk. Focus then whom across.,Critical,2025-11-16,Akin,Pending,Feature,9.4,2025-10-13 15:10:20
600,Artist movement box describe.,Might student place. Physical sort line rise reach. Paper walk office discuss hair occur poor.,Low,2025-11-09,Jane,On Hold,Testing,6.9,2025-10-15 00:06:49
601,Job fill room hot.,Plan under cover. Whose too available us summer. Cell ago clear right Mrs system room.,High,2025-11-23,Akin,Completed,Feature,2.3,2025-10-07 14:18:35
602,Performance many improve not.,Now necessary significant majority human during. Position institution rule be contain sound anything summer.,Low,2025-11-10,Shan,Pending,Testing,7.6,2025-10-08 23:36:42
603,Yard manage enough tonight.,"Value claim wish field.
Perform try happy fish assume need once. Yourself heart camera buy.",Low,2025-11-13,Dia,On Hold,UI/UX,1.3,2025-10-28 21:52:49
604,Understand similar face bar what.,We story we here their note walk. Full report store hospital huge manager today professor.,Medium,2025-11-25,Jane,In Progress,Testing,5.0,2025-10-27 05:37:15
605,Simply million indeed.,As her move partner realize. Actually leg she us key toward.,Low,2025-11-18,Akin,Pending,UI/UX,3.7,2025-10-10 15:03:21
606,Head drive safe.,Loss car class. Reveal article set such cultural little rise. Improve impact early since force eye.,High,2025-11-05,Jane,Pending,Testing,9.8,2025-10-19 23:46:52
607,Significant newspaper from your five.,Ever spend save western bag pressure. Fund for quite player. North operation leader want particularly.,Medium,2025-11-27,Shan,Pending,Documentation,1.9,2025-10-02 00:04:28
608,Bill by owner.,My defense never later by lay board age. Staff all prove father friend bill.,Low,2025-11-19,Jane,Pending,Testing,1.5,2025-10-22 18:16:52
609,Under that heart.,Call drive no listen recognize keep want. Film never light direction improve gun name.,Medium,2025-11-13,Jane,Completed,Documentation,6.5,2025-10-05 11:55:03
610,Less bad type.,Meeting today wonder raise about unit four treatment. Safe respond sign.,High,2025-11-23,Shan,In Progress,UI/UX,7.5,2025-10-18 08:46:06
611,Second beyond finish energy must.,Especially as admit evidence lead practice. Interesting often trade Democrat. Right debate husband small.,Low,2025-11-05,Jane,On Hold,UI/UX,6.5,2025-10-19 12:39:34
612,Although well.,Protect value marriage recent travel with interview. Oil nation result education. Age your issue site.,Low,2025-11-28,Dia,On Hold,Documentation,2.1,2025-10-07 09:55:52
613,Loss medical protect.,Magazine above nearly without impact. Hit federal gas realize able least stage. Manage operation section thus side.,Medium,2025-11-12,Jo,Completed,Feature,1.4,2025-10-03 11:46:41
614,Leg news newspaper.,Message why require firm out prove. Down food recently.,Critical,2025-11-12,Dia,Completed,Documentation,5.3,2025-10-09 04:05:19
615,Cup over true.,Individual sit soldier score close newspaper draw. Available guy night off.,Medium,2025-11-10,Akin,In Progress,Bug Fix,2.1,2025-10-15 13:31:43
616,Relationship friend already.,"Speak help by dinner. Protect behind water moment example right general.
Bar crime bring during. Tough theory security.",Medium,2025-11-20,Akin,Pending,UI/UX,1.2,2025-10-30 09:05:24
617,Policy act series specific.,Truth beautiful two reach. Republican church news city simply leave hour. Mind not itself understand pattern media.,Medium,2025-11-15,Akin,Pending,Documentation,6.0,2025-10-27 02:33:47
618,Activity decision way structure.,Increase concern baby. Evidence find need education star defense.,Critical,2025-11-09,Jo,In Progress,Testing,9.3,2025-10-10 18:28:56
619,The back wife prove various.,Black now near. Cold ground agree compare clear.,High,2025-11-24,Jo,Completed,Feature,1.9,2025-10-09 07:20:29
620,Room try amount short.,West performance measure charge country. Whether carry try hear one. Commercial from do.,High,2025-11-10,Akin,Pending,Feature,6.3,2025-10-03 20:10:01
621,Talk study miss.,Medical inside hot structure back until someone. Spring wall other available.,Low,2025-11-28,Jane,Pending,Testing,2.0,2025-10-19 03:41:55
622,When season follow nice decade.,Foreign network tough paper strategy environmental class. Class within young six. Decision up out keep guy.,Low,2025-11-18,Jane,On Hold,Feature,6.7,2025-10-29 23:50:16
623,Plant color.,Security indeed success attention word as. Feel thus development whose usually man hour.,High,2025-11-08,Shan,In Progress,Feature,9.8,2025-10-20 00:26:53
624,Manager pressure help.,Seat alone shake. Time ever interview safe film city.,High,2025-11-24,Akin,Pending,Testing,9.7,2025-10-03 13:55:18
625,Employee you front.,Fact recently several serious black. Owner great clear quickly final relate few remain. Woman over design.,Medium,2025-11-17,Jo,Pending,Bug Fix,2.1,2025-10-16 14:05:01
626,Until factor quality.,"Age bed effect. Beat sort sign star political reveal specific.
Wonder parent its work.",Critical,2025-11-19,Dia,In Progress,Testing,3.0,2025-10-12 18:40:07
627,Other forward.,Above drive someone everyone.,High,2025-11-19,Akin,On Hold,Bug Fix,8.1,2025-10-19 04:55:58
628,Discover research however full behind.,Really opportunity current sing doctor responsibility defense. Stuff value whom book.,High,2025-11-16,Jane,On Hold,Bug Fix,4.1,2025-10-26 12:10:49
629,Positive reveal total arm entire.,"Opportunity card leader can eye experience appear.
On sort hotel I state. Building ago item. Adult sell several week.",Low,2025-11-07,Shan,In Progress,Feature,4.0,2025-10-12 04:31:40
630,Financial administration mother how trip.,Will military necessary or purpose whatever.,High,2025-11-24,Dia,In Progress,Testing,1.6,2025-10-26 15:31:07
631,Tax wife enter wall.,"Offer official these us.
Fine probably trip life east. As art figure green. Drive its usually military if then whether.",Critical,2025-11-04,Shan,Completed,Documentation,5.2,2025-10-03 14:29:56
632,Type discover.,Turn avoid information tell the free more. Probably paper account range other miss free. Theory when manager.,High,2025-11-08,Shan,Completed,Bug Fix,6.3,2025-10-10 19:22:23
633,Structure provide fight.,Within line student hot structure. Away claim week little our social.,Low,2025-11-22,Jane,Completed,Feature,9.8,2025-10-03 22:44:39
634,Sort when during.,Large activity order from structure. Visit ago amount.,Medium,2025-11-18,Jo,On Hold,Bug Fix,6.7,2025-10-12 21:42:16
635,Value agent bad owner stuff.,Military among sit matter affect property. Form forward many year indicate argue product nation.,Low,2025-10-31,Dia,In Progress,UI/UX,2.1,2025-10-09 04:52:08
636,Down poor market campaign.,Serve movement scientist moment church stand. Per shake but toward strong shake.,Low,2025-11-27,Dia,Pending,Bug Fix,7.0,2025-10-15 22:02:00
637,Religious or those.,Above few protect yeah. Wife bill let wind. Light explain environmental side Congress ago.,Low,2025-11-10,Shan,Pending,Documentation,3.1,2025-10-01 00:32:04
638,Simply information police.,Official suggest until rest minute animal will. Along whatever various allow focus.,Critical,2025-11-12,Jane,Pending,Bug Fix,9.4,2025-10-28 23:43:50
639,Seek no need.,Why risk game protect your note. Economy realize about line.,High,2025-11-18,Jo,In Progress,UI/UX,9.0,2025-10-30 13:26:29
640,Receive cause left what.,Price crime cut away over east them. Public school project growth no.,Low,2025-11-09,Akin,On Hold,Testing,8.8,2025-10-01 12:40:09
641,Figure analysis set American.,"Us current plan election owner.
Social respond special family serious send.
But rich possible while.",Medium,2025-11-08,Jane,Pending,Documentation,7.7,2025-10-23 16:56:25
642,Exactly grow probably rate.,Specific air hit. Back book skin. Range dark report.,Low,2025-11-23,Shan,In Progress,UI/UX,9.5,2025-10-05 06:56:32
643,Serious should believe.,Money able few spring. Money use day off case. Build authority among factor growth.,Critical,2025-11-18,Jane,In Progress,Feature,7.4,2025-10-14 08:03:49
644,Easy onto.,Yes entire sometimes appear kid leader recently. Detail often instead visit quickly travel hand.,High,2025-11-28,Dia,On Hold,Bug Fix,2.4,2025-10-14 10:49:26
645,Stage effort.,Hand order about collection century about anyone. Avoid collection including husband girl.,Critical,2025-11-10,Jane,Completed,Documentation,2.3,2025-10-21 15:53:12
646,Body everyone partner service.,Apply attention travel of yeah middle. Contain step she former ask feeling rather.,Critical,2025-10-31,Shan,Completed,Feature,5.3,2025-10-22 23:02:25
647,Product maintain remember pull.,According laugh most. Condition remember laugh show particular morning.,Low,2025-11-13,Jane,Pending,Feature,9.6,2025-10-05 10:41:10
648,Quality certainly south.,Laugh middle each represent nice. No whole serve compare soldier point.,Critical,2025-11-08,Dia,Completed,Bug Fix,6.0,2025-10-12 14:38:18
649,Those notice ago develop.,Range ground your special east character bed. Join carry anything machine. Top world yet north same development over.,Low,2025-11-15,Dia,On Hold,Testing,3.4,2025-10-18 16:28:22
650,Something test husband stop.,Easy card part push agreement.,Medium,2025-11-26,Jo,On Hold,Documentation,9.3,2025-10-09 17:09:49
651,Firm feeling be.,Purpose air lead conference notice.,Low,2025-11-03,Jo,In Progress,Documentation,1.6,2025-10-24 15:17:45
652,Administration sport above what their.,Citizen property show good. View career range particularly fact nor upon.,Medium,2025-10-31,Jo,Pending,Testing,3.3,2025-10-02 06:37:31
653,Manager magazine down.,Sit enough stand benefit Congress his. Be speech line recognize way.,Medium,2025-11-04,Jane,In Progress,Feature,2.8,2025-10-19 17:07:14
654,Hand speak citizen agree.,Learn tree himself image reality though onto can.,Medium,2025-11-21,Dia,In Progress,UI/UX,8.9,2025-10-23 23:09:54
655,Star sister.,Get model rise decide similar. Those bag traditional order person newspaper.,Medium,2025-11-12,Shan,Pending,Documentation,5.8,2025-10-06 20:08:22
656,Upon heavy black edge.,Indeed rise you study who bad senior. Easy piece water where talk recognize vote. At thank minute.,Critical,2025-11-23,Dia,Completed,Feature,9.1,2025-10-07 14:16:49
657,Themselves provide others above brother.,More cold owner true hot media. Compare effort but eye government recent.,Medium,2025-11-04,Dia,Completed,Documentation,6.0,2025-10-23 17:59:00
658,Forward safe yeah window however.,Available from first outside listen person carry. Pm trial artist world good ball.,Critical,2025-11-16,Akin,Completed,Bug Fix,2.3,2025-10-13 22:52:59
659,Win suggest.,Reason executive here plant. Old work increase stuff provide. Agency culture present.,High,2025-11-06,Shan,On Hold,Documentation,9.5,2025-10-14 17:59:24
660,Can doctor to anyone.,Though claim professor. Bed production owner guess production occur. Artist spring research such.,Low,2025-11-19,Shan,Pending,Bug Fix,8.4,2025-10-22 20:25:03
661,Speech happy statement assume.,Public his eat hotel. With two audience stuff hold program well. Sure democratic allow.,High,2025-11-22,Jo,In Progress,Bug Fix,5.9,2025-10-14 10:02:10
662,Front act.,Doctor teach wish group cup. Fly bad bring hotel perform return.,Medium,2025-11-20,Dia,Pending,Testing,9.6,2025-10-21 17:18:48
663,Need because late.,Whose land fear rather body try. Against job weight including sure might.,Low,2025-11-07,Akin,In Progress,Testing,1.0,2025-10-17 13:49:01
664,Play remember trip.,"Task activity card southern.
None interest have sister else here. Score nice theory find trip.",Critical,2025-11-06,Dia,Pending,Bug Fix,8.8,2025-10-24 08:45:32
665,Must enough responsibility.,Mouth oil child pretty commercial. Benefit again whatever old culture moment yourself two.,Critical,2025-11-21,Jo,In Progress,Documentation,9.3,2025-10-25 19:59:44
666,Easy industry.,"Think dinner wear environment four. Rise consumer though over arrive.
Dinner program strong through partner score.",Low,2025-11-13,Jo,Completed,UI/UX,5.1,2025-10-08 20:51:11
667,Occur for through drug.,Most walk stock goal measure structure. Social current sound wall attorney detail firm piece.,High,2025-11-16,Shan,Completed,Bug Fix,8.3,2025-10-09 01:01:58
668,Ago ball bank.,Find fine situation interest I natural instead. When father term day such.,Low,2025-11-26,Dia,In Progress,Testing,8.0,2025-10-16 15:49:59
669,Check teacher order.,Break idea opportunity low two. Republican hospital economic ask purpose. Bring study happy much rule.,Low,2025-11-08,Shan,Completed,Feature,7.7,2025-10-20 13:10:50
670,Speech Democrat my add.,Show get through model. Officer become environment pressure build.,Critical,2025-11-23,Shan,In Progress,Bug Fix,2.2,2025-10-16 12:10:40
671,Guess Mr happen receive.,Western direction eight care.,Low,2025-11-27,Jo,Pending,Documentation,8.2,2025-10-07 08:52:43
672,Him figure morning.,Research sing debate family hand east north. Friend stuff toward military magazine we several.,Medium,2025-11-20,Jane,In Progress,Bug Fix,2.4,2025-10-25 07:37:57
673,Wrong nice.,Either more have wall person. Interview stand central small policy surface. Contain myself state.,Low,2025-11-01,Akin,Completed,UI/UX,1.8,2025-10-07 13:33:22
674,Challenge hospital senior.,"Expert national system. High husband half their notice range.
Item town of nation. Class street stuff.",Medium,2025-11-23,Shan,In Progress,Documentation,1.2,2025-10-15 10:18:28
675,Building position store.,Question head write western cost make. Account society night probably able final. Author wife concern owner.,Critical,2025-11-04,Dia,In Progress,Bug Fix,9.4,2025-10-27 07:39:21
676,Employee network ahead she war.,Try interest produce old big sea.,Low,2025-11-14,Shan,In Progress,Feature,9.5,2025-10-13 12:42:19
677,Station force him appear skin.,"Family through into meeting eight already.
Decade long news sometimes hundred travel.",Low,2025-11-03,Jo,On Hold,Bug Fix,5.4,2025-10-26 11:00:15
678,However he near all.,News card cut film. Discover research pick control point drop generation him.,High,2025-11-28,Jo,In Progress,Documentation,3.4,2025-10-15 11:49:00
679,Act enjoy maintain.,"Daughter other part day. Board discover him another only material.
Forget position fact senior dinner.",Critical,2025-11-15,Dia,Completed,Bug Fix,3.3,2025-10-26 17:33:28
680,Anyone growth generation traditional walk.,Industry east think hope expect against. Wife enter white. Front drive court memory.,Low,2025-11-01,Jo,In Progress,Documentation,2.8,2025-10-17 15:37:37
681,Money yet hand mean.,Message machine price include important enter office control. Evidence participant within use early imagine source.,High,2025-11-28,Shan,Completed,Bug Fix,7.5,2025-10-22 10:11:36
682,Race former necessary organization.,East else strategy black treatment. Use necessary arm name action strategy cut seat.,Critical,2025-11-24,Akin,On Hold,Bug Fix,7.2,2025-10-22 04:22:53
683,Better miss cold indeed nation.,Top camera deep though organization. Enter both thank reveal. Feeling determine inside collection so.,Medium,2025-11-20,Dia,In Progress,Feature,7.6,2025-10-05 22:28:11
684,Itself gas maybe stock.,"Local long believe attorney sister alone hope. Speech think lead stop program point fall.
Process local out this.",Critical,2025-11-01,Shan,In Progress,Bug Fix,9.9,2025-10-03 11:47:44
685,Eat short realize.,Dream respond recognize. Expect natural energy. Detail bag left safe long.,High,2025-11-07,Dia,In Progress,Testing,7.0,2025-10-07 21:26:47
686,Put stay meeting.,Risk news herself according seek find. Figure decade mind future idea support security.,Low,2025-11-11,Jo,On Hold,Feature,4.9,2025-10-29 17:45:22
687,Our catch later.,Office nearly option director event ability suddenly. Too make her buy for land.,Low,2025-11-25,Shan,Completed,Testing,8.5,2025-10-29 12:04:28
688,Window stop natural manager.,Parent by stage daughter official anything technology. Blood phone truth apply. Difficult stuff into old by five.,High,2025-11-05,Jane,Completed,Documentation,7.1,2025-10-13 17:12:52
689,Mother chance owner.,Wonder sport just feeling. Raise produce page brother responsibility hospital him.,High,2025-11-18,Shan,Pending,Testing,3.5,2025-10-21 21:21:22
690,Trip space.,"Former while bar task attack. Skin sing well bag.
Right president process strong. Century crime style industry there.",Critical,2025-11-13,Jo,In Progress,Testing,2.7,2025-10-10 15:10:39
691,Top write.,Third glass bed meet back evening tax. Increase born can environment.,High,2025-11-05,Shan,Pending,Bug Fix,5.9,2025-10-13 13:41:45
692,Pick owner enough relate.,Tonight guess challenge. Chance then only imagine catch. Yes officer trade collection ground add own hair.,Low,2025-11-28,Jo,Completed,Testing,8.3,2025-10-06 06:17:58
693,Help financial.,Mr international begin them expect else allow. Stay must challenge fall cut too.,Low,2025-11-03,Jo,In Progress,Documentation,5.6,2025-10-28 21:18:30
694,Pull price take cover break.,Big lose live professor research response certainly. Sort near at production.,Low,2025-11-12,Akin,Pending,Bug Fix,7.7,2025-10-01 00:48:32
695,Begin performance.,Catch after who wonder first cause. Prepare quickly deep high expert environment.,Critical,2025-11-27,Dia,In Progress,UI/UX,9.9,2025-10-10 04:35:28
696,Part interesting score.,Project program wrong left early per strategy such.,Low,2025-11-02,Jo,Completed,Testing,10.0,2025-10-09 02:26:36
697,College investment per old second.,Amount section feeling scene guess response. General group might project anyone.,Medium,2025-11-02,Jo,Completed,Bug Fix,2.2,2025-10-12 14:40:20
698,Friend anything serious somebody commercial.,Continue happy heavy. Bag agent few any your ever. Either establish rule message attack seek.,High,2025-11-04,Jo,Pending,UI/UX,7.3,2025-10-14 02:03:53
699,Like apply school star never.,Lawyer visit hot indeed nearly plan because. By measure beautiful later sit mind result. Office player either.,Low,2025-11-21,Jane,Completed,Documentation,9.9,2025-10-20 08:42:40
700,Professor necessary late pretty.,Idea never boy herself unit nor region. General watch all wonder spend. Well argue school thousand hotel table my.,High,2025-11-25,Jane,In Progress,Feature,7.7,2025-10-28 10:22:19
701,Affect parent them fill.,"Task number discussion number. Those age war sound. Foreign sister later view.
His score anyone way pay.",Medium,2025-11-19,Jo,On Hold,Feature,3.4,2025-10-28 07:43:33
702,Help develop hour blood.,Page themselves civil painting song listen.,High,2025-11-26,Dia,Completed,Feature,1.6,2025-10-14 17:18:16
703,Population rich require step white.,Whom to agent long including. Weight pattern candidate price marriage. She consumer where season water.,Low,2025-11-27,Dia,Completed,Feature,1.7,2025-10-18 13:27:23
704,Girl brother throughout practice sort.,View resource or herself ball. Year game those sea key modern simple.,High,2025-11-03,Jo,Pending,Feature,5.9,2025-10-15 13:26:41
705,Near number spring home almost.,Edge really more reduce trial. Share capital top kind Mrs professor.,Medium,2025-11-08,Akin,In Progress,UI/UX,2.9,2025-10-09 22:40:31
706,Enter teach tend finally quickly.,Agent exist natural those project own. Occur tell issue understand upon determine low.,High,2025-11-20,Dia,Completed,Documentation,2.6,2025-10-27 06:05:15
707,Hour process with along.,President forget style weight. Fast name occur when religious magazine behavior agent.,Low,2025-11-12,Jo,In Progress,Documentation,8.3,2025-10-16 21:33:51
708,Before age name.,"Man action second late drop strategy. Hospital best after seem door effect.
Card fast enter site sort.",Low,2025-11-03,Jane,On Hold,Bug Fix,8.3,2025-10-27 18:41:04
709,Station fast baby.,Have they agent bed kid. Behind me member loss couple. Remain choose between modern. Heavy majority her role.,Critical,2025-11-12,Shan,On Hold,UI/UX,8.1,2025-10-12 03:37:56
710,Stand long only.,Floor hit leg play long attack change. Nice smile government parent quality question number arm.,High,2025-11-08,Akin,On Hold,Bug Fix,2.5,2025-10-09 03:37:04
711,Skin door simply whole child.,House edge several into. Small myself analysis expert safe direction adult.,Critical,2025-11-27,Akin,Pending,Bug Fix,5.3,2025-10-14 19:16:42
712,Few or type.,Concern against try movement throw friend. Keep hard suffer because. Let ever blue realize apply nation for.,Medium,2025-11-11,Jane,Pending,UI/UX,6.5,2025-10-01 06:04:12
713,Affect control heavy.,Fish prepare executive understand whom risk hard. Central allow eye.,Low,2025-11-26,Jane,In Progress,Bug Fix,8.3,2025-10-21 10:17:25
714,Financial character fine.,Majority nor break exist another my. Large every coach effect. Scientist white doctor manage car hit.,Medium,2025-11-09,Akin,Pending,Bug Fix,3.5,2025-10-05 23:30:40
715,Heavy final.,Son very commercial much within local. Individual deal first half fire on generation.,Medium,2025-11-19,Dia,In Progress,Bug Fix,7.7,2025-10-27 15:50:47
716,Factor nice magazine.,Staff majority offer figure already small. Former not yeah so area learn. Green property production level even race.,Critical,2025-11-10,Dia,Completed,Bug Fix,1.2,2025-10-02 01:34:27
717,Such physical main still.,Discussion open free prove feel explain close. Resource four whose. On tonight contain nothing beyond.,Critical,2025-10-31,Dia,In Progress,Documentation,2.9,2025-10-11 07:13:00
718,Science word read.,"Might behind much ok yourself.
Beautiful hit threat. Southern feeling color side senior.",Critical,2025-11-23,Akin,Pending,Documentation,3.2,2025-10-24 04:13:30
719,The along.,Sense less two test pressure detail. Enjoy experience in husband member. Process office thousand.,Medium,2025-11-16,Jane,Pending,Testing,3.4,2025-10-08 00:32:06
720,Sound mother rule wide.,Compare heart later work me. Interest international month put forget whom end. Involve little certainly top.,High,2025-11-20,Shan,In Progress,Documentation,1.4,2025-10-23 21:27:10
721,Themselves live.,Thought cup development take sometimes. Executive yes meeting source. Measure unit operation which.,Critical,2025-11-22,Akin,Completed,UI/UX,9.1,2025-10-14 17:43:50
722,Improve weight we.,You own sister laugh west. Or assume pass gas.,Low,2025-11-02,Shan,On Hold,Documentation,9.3,2025-10-14 01:22:58
723,Design alone city.,Boy article machine. Attorney put pass glass modern this card.,Critical,2025-11-26,Akin,In Progress,Bug Fix,9.1,2025-10-19 00:27:59
724,Yourself foot.,Moment arm add population issue. Understand step arrive hour performance wide.,Low,2025-11-16,Jane,On Hold,UI/UX,10.0,2025-10-16 17:49:29
725,Executive about because can.,Smile indicate chair none talk trial door. Theory strategy these key win thing result.,High,2025-11-06,Jo,Pending,Testing,6.4,2025-10-06 15:56:32
726,Finish job wide cause direction.,Culture effect teacher long give account position. Very federal operation phone them among position community.,Low,2025-11-07,Shan,In Progress,Bug Fix,2.1,2025-10-04 19:11:56
727,Point certainly thousand parent.,Then person first great form. Arrive account goal defense conference effort opportunity. Reflect politics beautiful.,Critical,2025-11-17,Jo,Completed,Documentation,5.6,2025-10-17 19:08:05
728,Style material officer total.,Training range example pass result word.,Low,2025-11-02,Dia,Completed,Documentation,7.8,2025-10-05 01:18:11
729,So country country according.,Economy wife fine system avoid. Community skin test a seven drug. Ok certain they maybe cut.,High,2025-11-17,Dia,In Progress,Bug Fix,7.4,2025-10-26 06:23:13
730,Two physical.,Before second thought total. Answer agree business news body recently.,Critical,2025-11-15,Jane,Pending,Bug Fix,3.1,2025-10-25 17:20:12
731,Ahead service room.,Than method hope continue seem their. Medical official shoulder reason answer.,Medium,2025-11-03,Jo,On Hold,Testing,9.0,2025-10-12 01:48:56
732,Late nation indicate deal.,Within social treatment court church. Look take anything rise both phone. Plant where consider price reality.,Low,2025-11-26,Jo,Completed,Bug Fix,9.8,2025-10-08 04:50:31
733,Understand source agent your.,Party simple none. Feeling call story machine fight. Receive between really onto expect especially song.,Medium,2025-11-24,Shan,Pending,UI/UX,9.2,2025-10-19 11:45:20
734,Bring rock born.,While technology rich interesting. Research chance Mr buy. These cell each travel.,Medium,2025-11-24,Shan,Pending,Testing,2.0,2025-10-22 23:01:35
735,You father million mouth wait.,Benefit group clearly can may. Usually exist arm yard. Close pass so follow.,Low,2025-11-20,Jo,Pending,Bug Fix,6.2,2025-10-26 09:23:01
736,Begin medical international participant yourself.,Form country husband half indicate home. Source bring soldier computer. Yet local almost interesting.,High,2025-11-11,Dia,Completed,Documentation,4.3,2025-10-20 06:45:27
737,Participant mission hour.,Public always enter travel ground. Seek often account involve economy magazine often.,Critical,2025-11-25,Shan,On Hold,UI/UX,8.5,2025-10-04 12:35:04
738,Some ball current form hold.,Century how body small community ten should. Particularly any employee especially media.,Medium,2025-11-14,Dia,On Hold,Feature,1.7,2025-10-21 16:53:51
739,Can teach house.,Suffer move technology partner hour tax always. Within important total firm deep board about concern.,Critical,2025-11-17,Dia,On Hold,UI/UX,8.9,2025-10-29 20:20:54
740,Television yet but.,South for prepare lay ground. Lose top partner inside. Company different film game place approach list into.,Low,2025-11-21,Jo,Pending,Documentation,9.1,2025-10-04 03:30:42
741,Allow machine statement city.,Challenge fall material. Manage woman threat media me while.,Medium,2025-11-25,Akin,Pending,UI/UX,5.2,2025-10-15 10:54:42
742,Sing tree argue.,Hard investment poor team.,High,2025-11-03,Dia,On Hold,UI/UX,9.0,2025-10-02 12:27:23
743,Player create sea.,Crime ago wife remember speak oil money. Now important already where process act hot.,Medium,2025-11-02,Dia,Pending,Feature,1.8,2025-10-24 07:02:28
744,Claim huge sell else.,Subject begin born impact her police name standard. Act subject heart cultural lose word.,Critical,2025-11-15,Dia,In Progress,Documentation,2.4,2025-10-21 01:52:01
745,Though experience doctor foreign want.,Always each she standard stuff husband like. Respond ago exist for. Goal indeed tend win.,Medium,2025-11-04,Jane,In Progress,Documentation,8.5,2025-10-10 20:43:50
746,Husband each.,Never require thank continue. Particular exist cut very investment trial reveal. Time rich walk difference type bag.,Medium,2025-11-14,Dia,Pending,Testing,8.8,2025-10-04 17:06:13
747,Believe sea detail.,Get debate goal dream. Group state agreement painting western.,Critical,2025-11-04,Dia,In Progress,UI/UX,9.0,2025-10-22 13:46:17
748,Wait camera clearly program staff.,Camera return recent produce capital safe. School hair push must. Sport little join music stop image report.,Low,2025-11-13,Shan,Completed,Feature,5.7,2025-10-20 03:06:52
749,Again little project memory become.,Want during represent similar various. Reveal performance once agreement because hand commercial.,Low,2025-11-26,Akin,Completed,Feature,8.1,2025-10-15 23:20:32
750,Long whatever school follow.,"Glass laugh on. Strategy region free talk those.
Even building tonight safe song. How certain shake become late lay.",High,2025-11-12,Jo,In Progress,Feature,6.0,2025-10-05 05:06:22
751,Money generation very drive character.,Him leave few political stand really room.,Low,2025-11-08,Akin,On Hold,Bug Fix,7.9,2025-10-10 11:32:00
752,Society election.,Cost where within pretty. Night develop after majority them finally.,High,2025-11-08,Shan,Completed,UI/UX,6.5,2025-10-25 20:21:26
753,Measure they.,If power may clearly reveal course. Claim course bring particular.,Low,2025-11-03,Jo,In Progress,Feature,2.6,2025-10-25 08:23:16
754,Blood film.,"Whose spend degree forget sometimes indeed.
Study event board option. War economic reach modern.",Medium,2025-11-07,Akin,On Hold,Bug Fix,8.8,2025-10-19 12:24:43
755,Simply exactly with clearly.,"Believe stuff behavior culture.
Movement drop wait build. Statement on prepare situation stuff difference.",Medium,2025-11-10,Dia,Pending,UI/UX,7.0,2025-10-19 17:21:04
756,Finally while teach.,Time include herself enough structure face action. Front right not president subject door.,Critical,2025-11-01,Dia,In Progress,Bug Fix,4.6,2025-10-25 06:36:31
757,American camera soon.,Guess throughout thus must specific assume money gas. Watch kid smile perhaps professor however.,Medium,2025-11-27,Jane,Completed,Bug Fix,6.4,2025-10-06 00:43:52
758,Example customer long deep.,Ready once eye occur weight miss. Husband wrong family level source. Alone movement figure cold Congress.,Medium,2025-11-05,Akin,Pending,Bug Fix,5.1,2025-10-13 06:27:39
759,Article method establish show.,Pressure organization sure firm region beat affect. Seven every despite statement base. Study seem resource win.,High,2025-11-05,Shan,Pending,Documentation,1.7,2025-10-13 02:33:35
760,Garden across black station source.,Every focus first beyond. Center worry forward just Congress.,Critical,2025-11-03,Dia,In Progress,Feature,9.2,2025-10-06 18:21:30
761,Choice method him.,Hundred this college third. Deal clearly language central particularly left arm.,High,2025-11-12,Dia,Pending,Feature,4.2,2025-10-21 15:53:07
762,Yet family country common.,Rate she whatever result nor to. Way baby chance year than. Him chair environment dream poor determine red.,Medium,2025-11-08,Jane,On Hold,Bug Fix,6.4,2025-10-16 12:33:55
763,Maintain south special why.,Serve later evidence lot this pass relate. Better long senior open.,Low,2025-11-01,Shan,Completed,UI/UX,1.1,2025-10-11 07:29:14
764,Heart list.,Than hospital listen amount similar minute low later. Show car all dog tax. Save the information ask PM look low.,High,2025-11-14,Dia,On Hold,Documentation,6.0,2025-10-07 01:17:36
765,Debate so stuff claim.,Music month apply economic worry wear. Own where policy PM along.,High,2025-11-11,Jane,In Progress,UI/UX,1.2,2025-10-21 21:51:07
766,Cause mean.,Go who would program certain five. Case million outside lay start.,Low,2025-11-12,Akin,In Progress,Testing,6.7,2025-10-06 02:53:12
767,Something accept green its success.,So popular avoid drug bill. Shake market final let way. Opportunity issue me wonder. Attack site view production main.,Critical,2025-11-24,Akin,Completed,UI/UX,7.0,2025-10-17 02:05:43
768,Quality teacher age.,Industry reality during civil year. Eat keep join three. Keep political general rule artist west.,High,2025-11-15,Dia,Completed,Documentation,7.5,2025-10-29 10:19:38
769,Stock teach.,"People image go control mouth.
Idea raise measure or blood believe gas difference.",Low,2025-11-12,Jane,Completed,Documentation,8.8,2025-10-22 21:24:32
770,Trip prepare age job.,Try he identify able owner set issue. Prove trade personal say machine very stop. Never later seat five station.,High,2025-11-22,Dia,Completed,UI/UX,7.5,2025-10-14 08:55:35
771,Kitchen late.,Major form politics personal.,Critical,2025-11-01,Dia,Completed,Testing,2.3,2025-10-11 22:28:55
772,Television poor price from this.,"Minute let fight message. Eight idea product well system beat.
Still south laugh but. Rise mention fire son.",Medium,2025-11-20,Jo,In Progress,Feature,5.8,2025-10-22 09:10:07
773,Throw fill certain.,Name international develop example scene they matter. Issue worker wife control him best. Early game guy range.,Low,2025-11-06,Jane,In Progress,Feature,9.9,2025-10-14 00:02:06
774,Official stop prevent instead.,Decide end treatment. Do place young most fish discuss. Source get once.,Critical,2025-11-16,Jane,Completed,Bug Fix,8.3,2025-10-01 03:51:58
775,Stay gun two.,Challenge give admit guy assume into. Pass someone media.,High,2025-11-09,Akin,Pending,Feature,8.4,2025-10-17 23:56:11
776,First key campaign wear.,Alone idea much challenge somebody factor. Read purpose talk.,Medium,2025-11-26,Dia,In Progress,Feature,7.2,2025-10-18 16:55:52
777,Firm question case.,Miss staff food speech stay it. Return table agency maintain.,Low,2025-11-18,Shan,Pending,Testing,4.5,2025-10-13 15:58:01
778,Heart north wrong.,Wife under clear suffer own interesting trial. Serve must character him hand successful.,High,2025-11-22,Jane,Completed,Documentation,7.4,2025-10-06 16:02:03
779,City build partner state.,Support interesting administration give. Case assume relate.,Medium,2025-11-09,Jo,Pending,Feature,9.3,2025-10-05 23:55:05
780,Four once particularly guy eight.,Avoid property community voice but.,Low,2025-11-25,Dia,Pending,Documentation,7.0,2025-10-24 05:40:04
781,Quite avoid because window.,Push prepare become buy apply reach. Ball ball Republican within. Modern improve everyone situation cost network take.,High,2025-11-03,Akin,On Hold,Bug Fix,4.2,2025-10-15 20:32:16
782,Company whether word.,Reality state late again list stand. Officer yourself town plan. Remember tend group generation sure next firm care.,Medium,2025-11-04,Jane,In Progress,Bug Fix,6.7,2025-10-08 04:11:24
783,Long manage worker.,Ever religious recent market whom. Per benefit white child. Serious popular month over resource employee Mrs.,Critical,2025-11-12,Akin,In Progress,UI/UX,8.2,2025-10-04 03:51:47
784,Season water image perhaps.,Summer ready foreign great around speak language simple. Usually hold tax school. Artist four read be left firm.,High,2025-11-02,Shan,In Progress,Testing,8.3,2025-10-11 06:17:31
785,Act near.,"Man surface story point see painting big. Sign condition film.
Investment heavy program different you across.",Low,2025-11-10,Jane,On Hold,Feature,7.5,2025-10-17 01:59:28
786,Economy really card.,Group report hand political task experience same child. Recognize past least. Talk where treatment plant.,Medium,2025-11-15,Jo,Pending,Testing,3.4,2025-10-19 10:14:21
787,Often prove medical.,Value card area car company practice of describe. Paper believe goal can. Fact size glass call.,High,2025-11-15,Jo,On Hold,Bug Fix,4.8,2025-10-19 02:16:16
788,Others hope show even suddenly.,Wish matter anyone perhaps should conference. May business though staff final.,Low,2025-11-14,Akin,On Hold,Bug Fix,7.8,2025-10-21 12:55:14
789,Effort business much it.,"North run about not. Dog them player guy blue theory music.
Wish finish wife sea book fall heart.",Medium,2025-11-14,Dia,Pending,UI/UX,9.7,2025-10-15 07:39:40
790,Go step blood head half.,Marriage more up talk. City such sell send five people care. To store somebody throughout suddenly.,Low,2025-11-14,Akin,In Progress,Documentation,2.1,2025-10-07 18:55:11
791,Certainly audience new.,Perform physical field until actually. Mr six matter college strong first. Bank enjoy support.,High,2025-11-12,Jo,Completed,Documentation,9.3,2025-10-25 13:17:26
792,Decide here.,Nothing realize individual mention. Cut how dinner. Congress beat idea assume significant world pick.,High,2025-11-10,Jane,In Progress,Bug Fix,8.0,2025-10-07 14:37:12
793,Someone in interview.,Recently dinner better stop yourself north. Building ability east price enter oil fly discuss.,Medium,2025-11-20,Shan,In Progress,Testing,7.1,2025-10-25 02:29:11
794,Maybe accept window travel.,Character seem value true receive. Resource argue stop.,High,2025-11-09,Dia,Pending,Testing,9.2,2025-10-13 20:37:34
795,Look friend then.,Church prepare piece glass. Like reality forward another help.,Low,2025-11-18,Jane,On Hold,Documentation,5.8,2025-10-03 10:35:07
796,Team result avoid.,Despite out beyond network. Term after budget fight offer move while.,Critical,2025-11-19,Dia,Completed,Documentation,8.0,2025-10-12 20:25:51
797,Upon step traditional effect.,Positive laugh often bag rich sister. Election condition maintain. Life I special those.,High,2025-11-11,Akin,Pending,Bug Fix,5.9,2025-10-24 02:32:48
798,Base join.,Prove full range forget middle fish inside. Best truth chair.,Critical,2025-11-06,Jane,Completed,Documentation,6.5,2025-10-17 02:26:37
799,Eight performance.,Risk gun them. Bank learn not.,High,2025-11-07,Shan,Completed,UI/UX,7.8,2025-10-24 07:01:59
800,At action night particularly.,Go safe natural accept ask owner note. Budget south economic southern.,Low,2025-11-23,Akin,In Progress,Bug Fix,7.6,2025-10-01 05:23:43
801,Worry black kind unit.,Each face fill push. Between leg direction mission one oil. To several bad level yet.,Low,2025-11-27,Jo,Pending,UI/UX,5.2,2025-10-14 22:12:17
802,Both those have degree.,Leg use share when modern garden. Her moment player group when. Behind major rather almost responsibility smile.,Low,2025-11-12,Jo,Completed,Bug Fix,8.2,2025-10-12 23:54:24
803,Purpose minute area question.,Kind modern international glass. Send method none room. World I find can.,Critical,2025-11-19,Jo,Completed,UI/UX,1.9,2025-10-09 06:31:41
804,A positive throughout president.,Avoid benefit project night line land simple. Dark board identify conference.,Low,2025-11-15,Akin,Pending,Bug Fix,7.1,2025-10-13 00:50:52
805,Back hear community pattern discover.,Key cut fish effort hot family story. Buy may write.,Medium,2025-11-16,Jane,Completed,Feature,1.6,2025-10-22 16:15:47
806,Focus including.,Trip hour ground. Consumer prevent all special. Send personal manage mission good.,Medium,2025-10-31,Akin,On Hold,Bug Fix,7.0,2025-10-24 17:22:12
807,Wife pick hour any.,Difficult oil heart who. She either clear. Table deal trade chair dark beyond same.,Low,2025-11-19,Jane,In Progress,Documentation,2.8,2025-10-07 03:38:35
808,Me open list professional.,Those perhaps available culture. Different cut enough Democrat agree people never.,Medium,2025-11-15,Jane,Pending,Feature,5.0,2025-10-26 20:14:09
809,Image week southern line.,Foot everyone situation human. Return prove view arm make writer both.,Critical,2025-11-23,Shan,On Hold,Bug Fix,7.9,2025-10-08 06:06:44
810,Newspaper up attention.,Sell stuff since scene. Away experience firm human camera. Send choice size whole participant letter wide task.,High,2025-11-24,Dia,On Hold,Testing,6.6,2025-10-10 08:01:21
811,Concern detail.,"Chair value thus through. Into wide chance into under drive.
Together ground down movie. Pick detail serve five or red.",Medium,2025-11-25,Jane,Completed,Bug Fix,3.4,2025-10-08 15:57:19
812,Like some it.,"Reality painting change top.
Teacher student show check when area. Rock key join service reveal.",Low,2025-11-01,Shan,Completed,UI/UX,5.3,2025-10-04 23:48:48
813,Throughout above apply news south.,Somebody management lawyer impact much together boy. Weight drug prove force out.,Low,2025-11-27,Shan,Completed,Bug Fix,8.7,2025-10-24 20:01:17
814,Those writer.,Common rather decide. Could space close growth avoid behind determine.,Critical,2025-11-19,Dia,Completed,Bug Fix,5.3,2025-10-02 22:17:20
815,Little easy rate.,Side benefit clearly. Black local enter why instead brother trial local. Almost less role area get.,High,2025-11-20,Akin,On Hold,UI/UX,7.4,2025-10-27 10:04:09
816,Series answer sense.,Room almost race final almost marriage vote. Even but son kitchen hope dog.,Critical,2025-11-18,Jane,Completed,Documentation,1.2,2025-10-22 10:50:31
817,Against success yet.,After trip poor manager care analysis college. Set series condition partner close sell. Gas everyone thought.,Low,2025-11-25,Shan,Pending,Bug Fix,5.8,2025-10-03 22:44:25
818,Government coach billion family.,Gas many gun happen factor president. Task others paper generation.,Critical,2025-11-22,Shan,Pending,Testing,9.1,2025-10-23 03:09:27
819,Forward too position.,While toward approach hundred will free. Person try and nation book reduce. Interesting and painting well.,Critical,2025-11-22,Shan,On Hold,Feature,8.8,2025-10-14 13:41:38
820,Director all choose world only.,Manage today during myself. Go thought politics purpose contain break almost fire. Necessary product else third.,Low,2025-11-05,Jane,On Hold,Documentation,7.8,2025-10-22 01:39:54
821,Increase group.,List only style these few. Perform all science choice plan. Series capital above.,High,2025-11-14,Akin,Pending,Feature,2.8,2025-10-02 07:00:09
822,Sense that.,City voice other movement able military. Religious artist today.,Critical,2025-11-21,Jane,On Hold,Testing,8.6,2025-10-25 17:38:45
823,Under book worry.,Support stock technology. Table trial cover if candidate current light since. About first daughter common.,Low,2025-11-10,Shan,Pending,Bug Fix,7.0,2025-10-02 06:21:27
824,Almost factor you off usually.,Herself heavy enjoy scientist camera same describe. Just inside project establish tell visit.,Low,2025-11-21,Akin,On Hold,Testing,5.8,2025-10-14 08:08:08
825,We choice yourself.,Those indeed project box. Glass control central land rich bill community.,High,2025-10-31,Shan,Completed,Documentation,5.5,2025-10-23 04:09:28
826,Again agree upon.,Yourself center state. Event father expect perform fill language. My loss policy girl easy risk dream.,Critical,2025-11-02,Jane,Pending,Bug Fix,9.7,2025-10-11 14:15:59
827,Up wind seven.,Music choose bring. Often spring leg book back.,Low,2025-11-04,Shan,Pending,Feature,3.5,2025-10-11 19:55:22
828,Country hear traditional but.,Seat front go different respond. Win me describe note price candidate hear wind.,Medium,2025-11-04,Jo,Completed,UI/UX,8.8,2025-10-23 14:55:25
829,Dream table strategy science bank.,Director whether president project. Weight international purpose subject. Many already laugh realize.,Low,2025-11-21,Jane,Pending,UI/UX,3.3,2025-10-22 08:20:02
830,Ability few role.,Rise manager American however above toward. Consumer remember floor.,Medium,2025-11-03,Jo,In Progress,Testing,4.5,2025-10-09 21:16:37
831,Article benefit understand.,"Speak special per agreement. Majority couple sense oil who sing product.
Ok born while as. Half while final movement.",High,2025-11-16,Jane,On Hold,Bug Fix,8.1,2025-10-17 20:02:45
832,Scene past drop present.,Either station race of consider. Reduce want different central year. Check hard plan picture building hotel onto.,Critical,2025-11-13,Jane,Completed,Testing,9.6,2025-10-07 08:00:27
833,Here available decade.,"One compare newspaper international direction floor. Officer put final south.
Ready energy while reveal hot majority.",Medium,2025-11-13,Jane,Completed,Documentation,1.1,2025-10-02 13:01:06
834,Training simple trial within.,Outside west yeah floor record executive. Edge cause arm opportunity. Institution particular class cut.,Medium,2025-11-15,Akin,Pending,UI/UX,4.6,2025-10-16 22:36:03
835,Mr reason specific travel quite.,Attorney difference prevent develop. Least increase heavy wrong civil. Region teacher home house fish worry.,Medium,2025-11-13,Jane,Completed,Documentation,2.0,2025-10-07 08:49:17
836,Nice service result heart audience.,Modern full lawyer standard social say speak. Of him keep store firm call personal. Great seven Congress heavy.,Critical,2025-11-02,Akin,On Hold,Testing,7.1,2025-10-06 17:44:36
837,By necessary push speak building.,Floor teacher study another some. Important beat behavior about. Half effect region item economy view.,Medium,2025-11-14,Jane,Completed,UI/UX,6.8,2025-10-05 21:25:20
838,Natural local occur.,Control get pattern authority kind staff hope back. Knowledge approach know. Allow scientist staff dream.,Low,2025-11-09,Jo,On Hold,Testing,7.6,2025-10-25 06:59:38
839,Night become since site.,Evidence sister city future. Design include field animal seek around condition.,Low,2025-11-15,Akin,On Hold,Documentation,1.7,2025-10-22 19:36:26
840,Now industry side strategy girl.,Get color piece best. Leader actually city. Foreign continue sort address goal second.,Low,2025-11-23,Dia,In Progress,UI/UX,4.8,2025-10-27 18:52:16
841,Situation billion.,Tv sister particularly base chance price. They loss report act local value since.,Critical,2025-11-06,Dia,In Progress,Bug Fix,7.6,2025-10-20 11:31:32
842,Know player me.,Market use senior history less. Audience important wide page seem bit.,High,2025-11-04,Jane,In Progress,Bug Fix,6.2,2025-10-14 06:11:44
843,Front citizen example single.,Industry certainly thank. Minute future increase effect yes life that. Available today deep table push nothing three.,Low,2025-11-20,Shan,In Progress,Documentation,7.0,2025-10-18 15:11:48
844,Republican loss.,Tend hot only. There form maintain operation. Instead region difference side rate attention. Later sing election.,Critical,2025-11-27,Akin,Completed,Bug Fix,4.1,2025-10-21 11:19:13
845,Recognize arrive.,Public personal true make control street. Open participant certain necessary how.,High,2025-11-17,Jo,Completed,Documentation,6.2,2025-10-10 04:21:56
846,Record military agree.,Under wish lead loss maintain since. Ability student range building. These rest total office already.,Critical,2025-11-16,Jo,On Hold,Bug Fix,6.4,2025-10-20 05:00:58
847,Win mission wear center.,Great maintain job maintain near citizen education. Because spend data. Could hit thus exactly exactly mean full.,Medium,2025-11-03,Jo,On Hold,Bug Fix,1.8,2025-10-07 16:35:20
848,Society usually budget security.,List computer father stop. Office white both collection person. Maintain fire share keep cup.,Low,2025-11-25,Akin,On Hold,Feature,6.2,2025-10-20 05:25:50
849,Morning away should.,Measure drop majority lay too song. Letter above military mother. Example child save may data ball truth.,Critical,2025-11-27,Akin,Completed,UI/UX,2.7,2025-10-24 20:58:25
850,Significant anyone speech force.,Change away game whether could red. Federal star human along.,Low,2025-11-20,Jo,On Hold,Feature,4.7,2025-10-21 01:32:03
851,Expert together ever.,World while condition. Development brother his network myself.,Low,2025-11-10,Shan,Pending,Bug Fix,9.8,2025-10-16 10:44:02
852,Spend manage most authority need.,Home under his one end share our. Total its test. Describe all in even dinner popular total hair.,Medium,2025-11-04,Shan,Pending,Testing,7.6,2025-10-09 01:11:17
853,Between beyond there.,Despite first area. Least television material never.,Low,2025-10-31,Jane,Completed,Feature,8.5,2025-10-04 19:42:24
854,Investment memory despite moment.,Decide include charge common hard end thousand. East president myself rich very science friend. Take rich deep also.,Medium,2025-11-03,Jane,Pending,Documentation,1.4,2025-10-06 00:08:26
855,Fund dream degree chance.,Relationship election night. Maintain why training teach yourself along.,Critical,2025-11-19,Jane,Completed,Feature,7.6,2025-10-27 16:53:56
856,Central stop mission.,Suddenly recent glass. Artist just thank.,High,2025-11-06,Dia,In Progress,UI/UX,7.7,2025-10-22 16:23:29
857,Energy ten contain name indicate.,Way I success glass. Ago paper court argue. Contain likely organization ever.,Medium,2025-11-12,Jo,In Progress,Feature,8.3,2025-10-08 06:24:43
858,Together represent.,Main power response wait. North face just recognize detail. Inside state hit doctor miss statement sure.,Critical,2025-11-26,Dia,Completed,Documentation,3.3,2025-10-17 11:54:07
859,Show player every remember response.,Realize act minute alone. Official capital sit live each research. Assume can more sometimes.,High,2025-11-09,Shan,On Hold,UI/UX,5.0,2025-10-03 02:01:45
860,Analysis page guy.,Board half security relationship. Back head wide local buy use official.,Low,2025-11-03,Jo,Pending,Bug Fix,2.3,2025-10-14 23:08:11
861,Expert police thousand.,Most foot when TV. Song million enough truth purpose on. Organization assume think. Responsibility daughter call.,Critical,2025-11-10,Akin,In Progress,Feature,2.0,2025-10-25 07:54:45
862,Available my course national most.,Travel century language idea argue. Simply wide forget enough look action level.,Low,2025-11-23,Shan,On Hold,UI/UX,5.9,2025-10-02 14:34:46
863,Bit move station.,Speak wrong wide voice.,High,2025-11-02,Shan,Pending,Bug Fix,5.2,2025-10-14 17:35:47
864,Fast sell blood find.,None write later everything. Try base system coach. Ago fact small generation event individual performance.,Medium,2025-11-09,Jo,Pending,Documentation,9.0,2025-10-04 07:25:46
865,Guess total vote security how.,Hospital out body skin operation live. Dream party sometimes chance. Team decade woman that foot recognize.,Medium,2025-11-02,Jo,In Progress,UI/UX,6.7,2025-10-18 18:41:37
866,Republican manager relate task.,Far which ready less many daughter environmental. Think speak several likely.,Critical,2025-11-24,Shan,On Hold,Documentation,2.7,2025-10-06 15:57:15
867,Inside set modern simply significant.,Owner south hair yes friend. Wonder imagine guess.,Critical,2025-11-27,Shan,Pending,UI/UX,1.3,2025-10-25 17:07:08
868,Four attention explain.,Peace may may expect similar player. Artist adult back capital cell high focus. Church art protect appear manage.,Low,2025-11-08,Shan,Completed,Bug Fix,7.4,2025-10-02 05:27:56
869,Age structure travel.,Goal hospital keep the remember along real. Increase him gun.,High,2025-11-09,Jo,On Hold,UI/UX,1.9,2025-10-15 11:06:36
870,Cup treat do.,Choice speech hand real step scene though. Share record they finish participant.,Critical,2025-11-24,Akin,On Hold,Documentation,7.0,2025-10-11 16:35:01
871,East well.,Off necessary organization. Front her another collection at bank home.,Critical,2025-11-20,Akin,Completed,Bug Fix,9.8,2025-10-14 23:50:12
872,First run continue radio.,Event central street family fund. Stage manage their unit base.,High,2025-11-01,Dia,Completed,Feature,5.4,2025-10-07 02:56:01
873,Many impact everything than.,Age thousand might. Sort together him present cause candidate. Hour hundred civil pass develop operation.,High,2025-11-22,Dia,On Hold,UI/UX,5.4,2025-10-03 11:46:41
874,Style brother.,Where discuss why he record. How none skin should.,Critical,2025-11-06,Jo,Pending,Documentation,2.7,2025-10-09 01:07:38
875,Seven voice they.,Prepare treat true pass. Sister woman evening cultural above recognize inside.,Critical,2025-11-13,Jane,Pending,UI/UX,7.9,2025-10-09 15:52:35
876,Like four beyond follow.,Short they magazine hold. Receive suggest full development pull fall. Spring single law wear notice last book somebody.,High,2025-11-02,Akin,Completed,UI/UX,8.2,2025-10-17 11:43:06
877,Song threat study thousand.,Cold suddenly record gun. Try option design now usually left they my. Traditional school once house parent spend.,Low,2025-11-07,Akin,On Hold,Feature,6.2,2025-10-11 02:43:10
878,Ever natural.,Yard woman well. Artist white recognize ok help financial control owner.,High,2025-11-10,Shan,Completed,UI/UX,9.0,2025-10-04 11:03:39
879,Here discover already.,Chair environment health despite. Threat consumer along garden hair natural light.,Low,2025-11-25,Dia,On Hold,Bug Fix,4.5,2025-10-20 10:58:22
880,Bag eye list.,Several article staff kid cold voice. Her social say realize result bill. Work page leave hand get.,Medium,2025-11-27,Jo,In Progress,Documentation,6.7,2025-10-13 14:14:51
881,Lead effort politics kid.,Lead whom although set. Ask list process statement result goal prepare. Morning company even floor else live store.,Medium,2025-11-20,Jane,On Hold,Bug Fix,4.3,2025-10-05 04:03:04
882,Degree once.,Push eye side test. Well baby suffer world late. Beat billion gas off on glass especially practice.,Medium,2025-11-08,Jane,On Hold,Testing,3.7,2025-10-29 18:55:41
883,Fire rise rich social.,"Hope hot nature. Baby war learn my.
Hospital begin prevent today theory range. Hundred major learn side place.",Medium,2025-11-24,Jane,Completed,UI/UX,5.3,2025-10-20 03:03:47
884,Onto note parent finally call.,Professor ok choose identify. Chance best affect knowledge. Soldier range believe star lead.,Low,2025-11-08,Shan,In Progress,Feature,6.6,2025-10-23 21:03:13
885,Civil over why positive suggest.,Easy too contain successful team. Speech yes skill nothing. Four hand figure.,Critical,2025-11-28,Jo,Completed,Feature,8.9,2025-10-10 01:09:17
886,Value sea argue that.,Source hard century machine foot social. Conference assume game stay eat box relate.,Critical,2025-11-13,Jo,Completed,Documentation,2.4,2025-10-21 12:23:06
887,Begin value mean.,Send yourself magazine off drug image rate. Fight moment increase machine radio really. Perhaps friend car value fear.,Low,2025-11-01,Jo,On Hold,Documentation,9.6,2025-10-20 20:48:40
888,Place book agreement cell.,Best play staff doctor. Many eye play center. Pressure cultural section argue some six.,Medium,2025-11-20,Shan,Completed,Testing,1.7,2025-10-20 02:36:00
889,Wife region.,Minute will test when tough news. Player artist born wife majority.,Low,2025-11-20,Shan,Pending,Testing,8.4,2025-10-27 16:05:56
890,Majority medical.,Field hospital inside book head that scientist. Number which hospital house. Day see company. Final soon eight lot.,Low,2025-11-22,Dia,On Hold,Feature,9.9,2025-10-21 23:32:51
891,Feel up democratic those.,Debate other say. Science such local politics. Enter cost worry just. Son minute cut single.,Critical,2025-11-27,Jane,Pending,UI/UX,4.3,2025-10-03 17:25:14
892,Thousand buy.,Director voice end tax far city. Morning style whether worker.,Critical,2025-11-03,Jo,Completed,Feature,3.9,2025-10-27 01:12:21
893,For public follow you.,Appear player although teach pattern. Though but member floor. Month throw special.,Critical,2025-11-05,Akin,Pending,Documentation,8.6,2025-10-01 04:54:34
894,Little can foot large parent.,Their word tax poor trip exist cup rich.,Medium,2025-11-10,Jane,Pending,Testing,4.9,2025-10-14 12:04:16
895,There carry fish employee.,Money fill view worker option. Article answer agree speech.,Critical,2025-11-14,Jo,Completed,Bug Fix,8.3,2025-10-29 14:04:21
896,Air data so many.,Feeling church either should. Case maintain health western notice. Way Congress poor fight quite.,Critical,2025-11-04,Akin,Pending,Feature,4.4,2025-10-24 19:58:29
897,Expert pull usually.,Onto owner statement personal decide traditional professor. Trouble seem age job.,Low,2025-11-11,Akin,On Hold,Testing,2.3,2025-10-12 23:14:23
898,No most risk collection.,And wrong food nation home. Machine traditional western she.,Critical,2025-11-05,Akin,In Progress,Feature,3.2,2025-10-30 09:06:26
899,Senior right deep begin.,"Seem eat discussion respond. Body like return power dream tax head necessary.
Nor program affect hard.",High,2025-11-24,Dia,On Hold,Testing,3.1,2025-10-05 09:00:23
900,Important within music.,Since cut without. May design measure focus. Involve most threat movie economy boy professional.,Critical,2025-10-31,Akin,Completed,Feature,9.0,2025-10-15 17:42:49
901,Design point recently fund.,Increase movie skill because fact ready. Hand health ago.,High,2025-11-14,Jo,In Progress,Feature,6.4,2025-10-21 05:07:41
902,Sure civil according.,Scene this activity executive push fast. Evidence food national receive sort.,Critical,2025-11-04,Jane,In Progress,Bug Fix,5.6,2025-10-14 02:28:15
903,Coach himself environment attention board.,Season choice model ten. Few time reflect need section. Evening save understand.,Medium,2025-11-16,Shan,On Hold,Feature,2.3,2025-10-29 03:23:26
904,Wear drug beyond deep.,"Admit seek sister identify.
Design report behavior be scientist article for. Own account traditional positive fire.",Critical,2025-11-18,Shan,Completed,Feature,2.9,2025-10-12 06:44:22
905,Hard southern contain.,Within create dream skill. However five down describe food leg remain often. Another can what after.,Critical,2025-11-22,Dia,Pending,Bug Fix,8.5,2025-10-29 15:51:22
906,Nice as see reason spend.,Hand shake political top. Heavy dog interest firm. Much onto American top himself place whether.,Low,2025-11-18,Dia,Completed,Bug Fix,1.3,2025-10-16 21:03:18
907,Already know.,Situation senior right mouth. Message source bring where what reality network policy.,High,2025-11-18,Jo,On Hold,UI/UX,7.6,2025-10-23 10:09:54
908,Recognize past bar along oil.,Fall activity yourself activity beyond act. Record themselves total where. Into direction green suggest nice face.,Medium,2025-11-22,Dia,Pending,UI/UX,3.4,2025-10-05 20:36:10
909,Chance protect respond guess result.,Head leave able girl. Enough glass boy. Garden parent in miss me sign with final.,Low,2025-11-22,Akin,Completed,Documentation,3.2,2025-10-23 05:35:32
910,Scientist land ten.,That need live leg low glass. Son perform fast when police mind meeting cover.,Medium,2025-11-01,Jo,Pending,Bug Fix,4.2,2025-10-17 08:49:17
911,Reason race talk government oil.,Impact miss order choice civil. Effort affect fall picture. Not on artist soldier. World involve prevent such.,Low,2025-11-03,Jane,In Progress,Documentation,3.1,2025-10-08 21:16:20
912,Apply explain while against west.,View sing cup which. Wrong record American authority bit training.,High,2025-11-14,Shan,Pending,Testing,1.4,2025-10-06 16:48:52
913,Table federal factor various clear.,Turn field back not bit. Answer he professor field. Line old miss trial kind.,High,2025-10-31,Dia,In Progress,Documentation,3.0,2025-10-05 20:25:56
914,Word may threat.,Issue feel often particular sit film west. Different back create each.,Low,2025-11-09,Shan,On Hold,Testing,3.1,2025-10-29 02:49:22
915,Resource always drive.,Capital short by same major time. She office brother class. Sit occur really floor someone thousand country.,Low,2025-11-27,Jo,On Hold,Bug Fix,5.5,2025-10-17 03:03:39
916,Business commercial son figure represent.,Upon daughter choose expect.,Medium,2025-11-07,Jane,Completed,Testing,8.8,2025-10-08 13:12:13
917,Always late.,Guess send three task nothing PM stop. Pretty drive soon remember when health. Least hear language operation.,Critical,2025-11-28,Akin,Completed,Documentation,6.9,2025-10-23 06:18:35
918,Physical shoulder natural interesting.,Wrong detail huge ability since region. Most right learn responsibility.,Medium,2025-11-03,Akin,In Progress,Testing,9.5,2025-10-08 07:09:33
919,Plan option.,Budget live what recognize community our. Student training individual herself structure worry together.,Medium,2025-11-20,Jane,In Progress,UI/UX,5.9,2025-10-11 18:06:51
920,Decade laugh like hundred.,Example more that the building deep. Interest cold and camera perhaps. Factor lose other cup toward.,Critical,2025-11-22,Dia,On Hold,Bug Fix,4.4,2025-10-09 11:07:04
921,Box there surface machine policy.,"Body throughout region.
Return prove save we leader dog probably wall. High upon list hand. Church office house plant.",Medium,2025-11-01,Shan,In Progress,Documentation,8.5,2025-10-03 21:29:37
922,Design center recent college movement.,Training different movement low act activity provide. Tell reach player include clear shake ever pull.,Medium,2025-10-31,Jo,On Hold,Feature,2.3,2025-10-17 16:39:52
923,Six finally box.,Appear find education very. Imagine particularly rise measure modern. Single ago provide we body.,Medium,2025-11-26,Jane,On Hold,UI/UX,7.6,2025-10-03 23:20:26
924,One artist coach ground police.,Feeling inside themselves. Record it science argue campaign.,High,2025-11-10,Jane,On Hold,UI/UX,6.4,2025-10-07 03:20:06
925,There very central.,Public trial collection central life attorney. Product itself consider something.,Low,2025-11-21,Akin,In Progress,Documentation,6.9,2025-10-12 09:10:33
926,Office religious capital fill four.,Future letter matter different. Thing population at the.,Low,2025-11-05,Akin,Pending,Documentation,9.3,2025-10-02 14:58:35
927,Southern beyond.,Along two of everybody happy adult.,Medium,2025-10-31,Jo,In Progress,Bug Fix,5.4,2025-10-02 23:34:13
928,Career reason firm ability.,Team good however back base employee view. Total could hit political community budget cup. Bar action budget season.,Low,2025-11-06,Jo,Pending,Bug Fix,2.1,2025-10-10 09:08:46
929,At economic military understand too.,"Range crime force article rest.
Approach above level outside final. Time single speech pick project mind talk policy.",High,2025-11-01,Dia,On Hold,Testing,6.7,2025-10-25 23:17:07
930,Sense enter family item.,Race now strategy serve budget rate police. Perhaps despite local tree contain. Approach ok join region.,Medium,2025-11-18,Jane,In Progress,Feature,9.9,2025-10-09 22:10:55
931,Adult find change since everything.,Partner service agreement say. Where road during character coach none down. Along according war.,Critical,2025-11-21,Shan,In Progress,Documentation,3.8,2025-10-06 03:42:52
932,Can company consumer.,Know left religious push.,Low,2025-11-19,Dia,Pending,Feature,7.9,2025-10-08 00:37:16
933,His ask amount other.,Whatever hour carry sound within blue. Science people so participant dog test military.,High,2025-11-08,Dia,In Progress,Documentation,9.0,2025-10-08 14:12:26
934,Nothing Republican when future.,Left enter cover recently exist. Through decide remain edge meeting.,Critical,2025-11-01,Jane,Completed,Bug Fix,3.5,2025-10-16 12:51:39
935,Message east.,Cost ability southern mean five even. Example member foot authority Congress executive.,Low,2025-11-05,Jo,In Progress,Bug Fix,2.5,2025-10-07 22:29:08
936,Heart here left.,"Somebody hair them. About move through particular.
Develop hit already professional.",Critical,2025-11-10,Akin,On Hold,UI/UX,4.0,2025-10-08 01:04:07
937,Each Mr might thought picture.,Add nor memory usually news job establish. Security ready later way beyond.,Critical,2025-11-12,Akin,In Progress,UI/UX,2.1,2025-10-04 21:08:08
938,Simple chair actually another.,Actually it impact night. Well maintain property late not place reach. Necessary research always.,Medium,2025-10-31,Akin,In Progress,Bug Fix,2.2,2025-10-08 22:34:23
939,Move institution.,Short democratic office. Natural coach sound a well. Production focus risk meeting traditional stuff.,High,2025-11-10,Dia,On Hold,Feature,1.2,2025-10-04 17:07:08
940,Rich believe line garden put.,Many cut ask member concern can society lose. Today notice team ago true Congress.,High,2025-11-23,Shan,Completed,Bug Fix,3.9,2025-10-16 13:56:34
941,Best hospital baby traditional.,Ahead other material almost leader. Stand born book situation budget radio hundred.,High,2025-11-17,Dia,Pending,Bug Fix,3.3,2025-10-03 11:39:41
942,Possible garden successful lose player.,Indeed throughout career dog which. Evidence big each again keep choice source. List rest while hold democratic little.,High,2025-11-20,Shan,In Progress,Bug Fix,3.0,2025-10-14 11:20:15
943,Staff reveal to its.,To of example nor local. To for ever environmental factor. Writer man wonder first will.,Low,2025-11-21,Shan,On Hold,Bug Fix,1.1,2025-10-21 12:53:19
944,Dinner travel build.,She vote child sometimes total stuff thing. Hospital Mrs beat. Occur however condition very seem kind indicate mother.,Medium,2025-11-09,Akin,Completed,Testing,8.4,2025-10-07 21:27:11
945,People production.,Sit adult wish challenge. Brother cause down her. International want carry system special.,Low,2025-11-22,Shan,Pending,Testing,1.5,2025-10-04 14:57:42
946,Ask pattern.,Language least factor step. Avoid seem baby everyone mind anyone probably.,High,2025-11-14,Jane,Completed,UI/UX,4.0,2025-10-06 11:16:48
947,Style likely try follow.,Glass someone set build rule song break. Order ground benefit item against indicate.,Medium,2025-11-17,Akin,Pending,Testing,8.4,2025-10-05 05:50:49
948,Trip ask tonight.,Serve send until. Campaign candidate government market.,High,2025-11-07,Jane,In Progress,Testing,1.8,2025-10-01 10:13:13
949,Religious low.,Decision watch stop be. Anyone help play. Even audience weight region teach. Media book bank house rich affect money.,Low,2025-11-06,Akin,Completed,Testing,1.2,2025-10-27 10:56:18
950,Story hospital usually.,Police for step. Change world teach will food me. Radio throughout good lose two blue kitchen.,Medium,2025-11-04,Jane,In Progress,Bug Fix,5.3,2025-10-17 02:12:44
951,Amount area.,"Company too buy exist standard. Yes continue wife future. Perhaps he white avoid stock between.
Body huge star.",High,2025-10-31,Shan,Pending,Testing,3.7,2025-10-26 18:56:34
952,Police know image finish.,Sit garden mouth support. Shake among prevent effect I fear.,High,2025-11-19,Jane,Pending,Documentation,6.8,2025-10-01 11:42:11
953,Administration beyond any read.,Small each scientist with dog assume become. Still kid job college. Push fact become free grow own media word.,Low,2025-11-22,Dia,Pending,Testing,6.8,2025-10-18 08:32:38
954,Discover look course hour.,On short research talk evening space see. Leg somebody line media.,High,2025-11-05,Shan,On Hold,Feature,6.6,2025-10-21 03:39:57
955,Concern American few right list.,Put try least some.,Critical,2025-11-18,Jo,Pending,UI/UX,2.9,2025-10-08 19:36:31
956,Mean color join.,"Should line partner crime.
Nothing move natural owner idea wonder message.
Enough instead natural same. Rise big but.",Low,2025-11-07,Jane,On Hold,Feature,9.8,2025-10-05 18:09:20
957,Space box wall.,Business specific network. All center kid cut popular camera.,High,2025-11-22,Jane,Pending,Documentation,6.4,2025-10-05 23:33:48
958,Business understand on.,Reach design direction newspaper visit enter. Include all want central. Watch admit player ten anything.,Medium,2025-10-31,Jo,In Progress,Documentation,3.3,2025-10-28 02:24:45
959,Choose miss almost when.,"Weight already ahead bank. Recently why college charge.
Quality help society technology. Wide fact least.",Low,2025-11-18,Dia,In Progress,Feature,6.4,2025-10-19 11:10:54
960,Article short.,"Trade difficult former everyone computer though. Skin outside paper half great medical.
Rock hard like organization.",Critical,2025-11-11,Shan,In Progress,Feature,9.7,2025-10-29 07:00:16
961,Finally imagine language.,Finally story kid always set. Guess along speak girl then education item. Inside represent customer it.,Critical,2025-11-28,Shan,On Hold,Feature,4.0,2025-10-14 14:11:36
962,Provide fast enough occur few.,Evening position clearly treat future. Everyone with home lay likely serious scene model.,Low,2025-11-02,Shan,Pending,Testing,9.5,2025-10-26 20:19:27
963,Also form in.,Radio everyone station from through cultural oil. Experience range although structure. Against level court full.,Critical,2025-11-03,Dia,Completed,UI/UX,3.7,2025-10-02 11:50:16
964,Recently learn.,Message buy woman card expect claim political remain. Central bar suddenly black finish.,Low,2025-11-24,Jo,On Hold,Documentation,1.7,2025-10-11 03:16:01
965,Day go surface.,Player measure even family both. Able eight bank development Democrat put five. Happen happy despite hold expect.,Critical,2025-11-24,Jo,On Hold,Testing,8.1,2025-10-27 10:31:58
966,Fine my call where.,"Together Democrat which.
Too already strong by scientist mind. Respond general network book enough.",Medium,2025-11-09,Akin,Pending,Documentation,3.6,2025-10-17 06:13:08
967,Place consider finish late.,Increase hold different first. Environment leave two impact but draw. Should recently morning dinner area might.,High,2025-11-18,Jo,Completed,UI/UX,7.4,2025-10-04 07:27:50
968,Administration wear question who.,"Even old suffer.
Government exist reduce chance recognize. Heart class population I live wait.",Critical,2025-11-03,Jo,Pending,Testing,7.6,2025-10-18 23:14:38
969,Total cultural daughter.,Fast news man box front unit. Heavy fire or red real six notice put.,Critical,2025-11-03,Shan,In Progress,Bug Fix,8.7,2025-10-09 20:26:57
970,Vote standard true.,Street question easy find color yeah. Trip live hear side. Support black customer size but.,Critical,2025-11-17,Akin,Pending,Documentation,7.9,2025-10-12 00:15:44
971,Wish effect huge add six.,Would family speak win cup general. Other order care discuss. Sell here plan. Agree write hand teach might fly allow.,Medium,2025-11-17,Akin,Pending,UI/UX,6.2,2025-10-01 05:47:34
972,Model international.,Shoulder each figure upon. Themselves spend listen one add short job. Face ready name suffer maintain kitchen low.,Medium,2025-11-17,Jo,In Progress,Feature,1.1,2025-10-24 18:28:12
973,Hit bed.,Couple father mouth heavy structure. Maybe tend police.,Low,2025-10-31,Shan,On Hold,Documentation,9.6,2025-10-30 00:32:31
974,Summer edge entire those.,Happen defense remain age ask cup majority shake. End girl several and night just dinner.,Low,2025-11-25,Akin,In Progress,Documentation,2.0,2025-10-25 16:52:27
975,Court laugh main big believe.,Issue cup thing. Interesting water measure near upon. Present mention stuff type may.,Critical,2025-11-22,Akin,Completed,Documentation,8.1,2025-10-26 05:51:12
976,On religious drug radio.,Fact involve break yes anything. Air not history.,Low,2025-11-05,Akin,Completed,Bug Fix,6.3,2025-10-07 00:19:58
977,Rule view book country.,Play life good really situation story sister. Media what evening suffer film research feel.,Medium,2025-10-31,Dia,In Progress,Feature,5.0,2025-10-29 14:23:58
978,Than resource movie education cell.,Image role then they election between skin. Keep environment health step become. Community thank lead have.,High,2025-11-28,Dia,In Progress,Documentation,3.0,2025-10-08 23:04:05
979,Treatment can after discuss.,Pick water me pay give radio. Seem research reduce.,High,2025-11-17,Akin,Pending,Testing,3.7,2025-10-19 00:30:05
980,Wear five discussion executive.,American young source late country threat share. Event development leave film. Face top realize or five would.,Critical,2025-11-16,Jane,In Progress,UI/UX,2.6,2025-10-10 01:03:44
981,Wide she.,Board often hot address real their TV. Little why white tough reveal reveal.,Critical,2025-11-16,Shan,In Progress,Feature,4.0,2025-10-16 00:39:44
982,Friend marriage impact.,Game stop medical. Wonder street score. Take mouth authority give available.,High,2025-11-07,Dia,In Progress,Testing,9.6,2025-10-21 04:05:40
983,Process out maintain.,Because little move. Every throw land stand. Hope still some daughter gun reality. Today under my so movement better.,Critical,2025-11-01,Akin,In Progress,UI/UX,7.9,2025-10-19 02:42:25
984,Eight organization offer.,Parent source east upon general require. Product girl event hotel different say at street.,High,2025-11-27,Jane,On Hold,Testing,5.3,2025-10-04 08:23:04
985,Statement show consumer happy.,Box picture car catch while lawyer. Yourself area hour note can. Will head suddenly.,Critical,2025-11-16,Jane,Pending,Bug Fix,1.9,2025-10-16 05:57:44
986,Large I and water.,Occur character than way give. Tend certainly the front by newspaper.,High,2025-11-26,Shan,On Hold,Documentation,1.0,2025-10-22 22:51:48
987,Throw miss.,She reason toward inside. It attorney style get maintain.,Low,2025-11-02,Akin,Completed,UI/UX,3.7,2025-10-01 01:30:57
988,School daughter traditional show.,Body quite thought eight significant on decade. We place store trade subject cell. Ask economy wear son music with.,Medium,2025-11-18,Shan,Completed,Feature,4.5,2025-10-01 09:14:11
989,New list education management technology.,Fill animal wear. Social my worry house commercial weight white. Within day energy soon it voice less.,High,2025-11-15,Dia,Pending,Testing,4.8,2025-10-14 10:11:35
990,Other television relationship but answer.,Whose rather address social especially. Much understand need church account either natural.,Critical,2025-11-14,Jo,Completed,Feature,4.7,2025-10-16 16:05:28
991,Onto dog land debate.,Entire through situation raise style along. Well fish occur employee. Hope talk cut recognize offer too recently born.,Low,2025-11-25,Shan,Pending,Bug Fix,1.6,2025-10-11 03:37:06
992,Board anything we.,National share drop. There over agreement. Before phone chance child while hotel.,High,2025-11-15,Dia,In Progress,UI/UX,8.1,2025-10-16 04:12:52
993,Fly national fight fact.,Year himself leader half customer behind purpose. Another school move huge. Month pay television organization never.,High,2025-11-07,Akin,On Hold,Testing,6.2,2025-10-20 20:14:38
994,With discussion necessary specific Democrat.,Nice sister democratic sea cause treatment billion.,Medium,2025-11-03,Jo,On Hold,Feature,7.5,2025-10-11 04:15:05
995,Often leader day nothing.,They senior now parent call late. Here class western account across live. Majority teach director alone standard role.,Medium,2025-11-11,Dia,Pending,Documentation,4.1,2025-10-27 07:14:57
996,Suddenly face.,Place girl unit agree peace probably certain. Republican remember relate yet someone kid. Record write mission.,Low,2025-11-02,Shan,In Progress,UI/UX,6.9,2025-10-27 22:24:44
997,Raise who walk avoid.,Argue science travel success lawyer clearly act. Also reason week culture. Finally develop fight.,High,2025-11-13,Jane,Completed,Testing,7.9,2025-10-11 01:16:41
998,Down main country lead.,Large town production product question than teach.,Medium,2025-11-02,Akin,In Progress,Testing,3.8,2025-10-25 13:06:24
999,Skin me of.,Network family actually street radio long else. Really pretty wish particular red figure. Movement force much risk.,Low,2025-11-01,Jo,Pending,Feature,1.8,2025-10-03 14:11:42
1000,Someone help maintain involve ever.,Evidence heavy politics tonight cell often. At over likely deep cost show. Long contain sure create establish.,Medium,2025-11-10,Jane,On Hold,Testing,5.6,2025-10-21 00:20:11
1001,Mrs race scientist.,Worker find what blue around. Clearly market listen choice. Girl every window manager apply seem.,High,2025-11-21,Dia,On Hold,Bug Fix,3.4,2025-10-17 03:15:37
1002,Trouble life here.,Person moment analysis meeting begin.,High,2025-11-03,Akin,Completed,Documentation,7.2,2025-10-17 04:35:17
1003,Drive during ten.,Data stop know bed. Mind role huge south fund. Major no born economic pattern.,Medium,2025-11-01,Jane,Completed,Testing,5.4,2025-10-02 15:23:05
1004,Wife no morning.,Research whether spring number about. Itself position issue program each official compare.,High,2025-11-18,Jane,Completed,Feature,4.1,2025-10-21 05:12:50
1005,Near clear about.,Who question Mr wear. Develop dog service clear. Great hundred receive our.,Critical,2025-11-28,Shan,On Hold,Feature,5.6,2025-10-16 03:17:17
1006,Program their somebody expect important.,Culture almost rate message. Reach night top establish huge really form. It age like success seek large.,Medium,2025-11-26,Shan,Completed,UI/UX,3.1,2025-10-28 10:25:06
1007,Support executive toward best.,Believe loss everything whether young road note. Trial area particularly herself.,Medium,2025-11-21,Jane,In Progress,Documentation,1.2,2025-10-02 12:48:15
1008,Everybody spend court.,Still these necessary hear. Include another year add. Without whole push event.,Critical,2025-11-24,Dia,In Progress,UI/UX,9.0,2025-10-10 15:56:59
1009,He day friend.,Beat executive put none door environment generation administration. Seem something offer.,Low,2025-11-09,Jo,On Hold,Testing,9.4,2025-10-12 18:07:30
1010,Gun some.,If next firm where PM through show. Loss early sell since PM forward.,Critical,2025-11-15,Jane,Completed,Documentation,9.9,2025-10-29 19:28:06
1011,Clearly account understand like day.,Police car firm occur. Perform there wind beat more. Thought member democratic traditional article.,Medium,2025-11-10,Jane,In Progress,Documentation,5.6,2025-10-17 10:11:35
1012,He beyond.,And worker and free. Black among across assume.,Low,2025-11-15,Akin,On Hold,Feature,9.3,2025-10-22 20:00:56
1013,Near college develop nearly customer.,Win no cup be hold must. Wife politics other. Responsibility maybe able job care card involve. Reason defense now nice.,Low,2025-11-15,Jane,In Progress,Documentation,7.8,2025-10-06 07:40:40
1014,Few design office car.,Where draw perform same. Ask idea exactly moment pretty.,High,2025-11-28,Jo,Completed,Documentation,8.0,2025-10-09 09:55:04
1015,Under kid west.,Dream fast firm song analysis inside very. Sport bill effect while describe worry.,Medium,2025-11-26,Dia,On Hold,UI/UX,1.0,2025-10-03 20:33:56
1016,Could phone assume.,"Deal scientist now role various main front. Answer sit leg end.
Strategy before central. Wear each what list since.",Medium,2025-11-06,Akin,Pending,Documentation,8.2,2025-10-08 04:37:37
1017,Cell resource budget.,Teacher strong health program include. Audience either high shake grow three. Off beyond most create.,High,2025-11-19,Shan,On Hold,Feature,8.0,2025-10-04 23:02:18
1018,Hear need those when.,More effect manage age.,Critical,2025-11-11,Jane,Pending,UI/UX,8.7,2025-10-05 03:56:29
1019,Hotel low suddenly perhaps.,Source region exactly land popular prove decide old. Better middle maybe land final southern.,Low,2025-11-27,Shan,In Progress,Feature,2.9,2025-10-23 20:07:52
1020,Question what itself school.,Lay per enter under happen here professional. Up single interview last like movement.,Medium,2025-11-22,Dia,Pending,Feature,9.1,2025-10-25 09:59:23
1021,Task despite model state free.,Yeah foot help safe if paper argue. Million source international accept speak question. Certainly however still threat.,Low,2025-11-24,Dia,In Progress,Testing,4.6,2025-10-12 09:27:02
1022,Kind food painting.,Onto now will party. Thought role party fight feel. Throughout while in compare mother woman few around.,Critical,2025-11-25,Akin,Completed,UI/UX,3.7,2025-10-04 22:52:18
1023,Fall ask.,Fund huge guess team prepare such think. Learn ten similar continue rate back wind country.,Critical,2025-11-09,Akin,On Hold,Bug Fix,4.4,2025-10-18 02:58:42
1024,Defense write light degree.,Sister garden mind from or theory. Name else anything position story score begin.,Low,2025-11-13,Jo,On Hold,Feature,8.7,2025-10-29 06:53:56
1025,Drive put couple pick middle.,Treatment clearly run candidate. Involve PM attack law language your.,High,2025-11-14,Akin,Completed,Testing,5.4,2025-10-15 23:01:32
1026,Contain campaign little this today.,Stage visit political senior. Agent painting stuff responsibility wrong street.,High,2025-11-07,Jo,On Hold,Bug Fix,6.0,2025-10-21 02:21:54
1027,Foreign only stock.,Free PM international save whatever.,Critical,2025-11-04,Shan,Completed,Testing,2.4,2025-10-02 11:46:31
1028,Kind local.,So song truth tend understand yes appear one. Part career fear able for.,Low,2025-11-10,Shan,Completed,Documentation,6.3,2025-10-27 03:56:29
1029,Interesting beautiful month.,Best rise model professor thought country know. Child avoid mouth stuff sport put. Fall yeah accept discuss rest.,Low,2025-11-26,Dia,In Progress,Feature,9.3,2025-10-01 01:36:29
1030,Fine down skill lot loss.,Billion consumer gas probably star. Article message sister above.,Low,2025-11-28,Shan,Pending,Bug Fix,9.7,2025-10-16 06:09:04
1031,Reflect size question.,Walk at manage science there oil. Until it she about color. Product interview way.,Medium,2025-11-28,Akin,Completed,Bug Fix,1.1,2025-10-15 22:30:26
1032,Own hear young to believe.,Popular carry lot feel. This admit six city.,High,2025-11-05,Jo,In Progress,Feature,1.4,2025-10-02 12:40:07
1033,Evidence high.,Husband five baby care. Reality with sea which throw campaign feel.,Critical,2025-11-01,Jane,Pending,UI/UX,6.5,2025-10-12 04:49:33
1034,Require water.,In show no policy. Medical party example water media admit pretty word. Our crime throw church society fish poor.,Low,2025-11-25,Dia,Completed,Testing,7.9,2025-10-21 15:16:34
1035,Lawyer system day time.,Near catch quickly approach treat. Next land itself catch. Help poor discover guy view.,Medium,2025-11-18,Jane,In Progress,Feature,2.2,2025-10-08 11:54:57
1036,Start word maybe five should.,Edge continue enjoy important thought must try industry. Then send million fear age. Issue individual event lot writer.,Medium,2025-11-18,Dia,Completed,Feature,8.9,2025-10-05 07:23:30
1037,Significant off though.,Let all light body similar find wide mind. Moment value design.,High,2025-11-18,Akin,Pending,Documentation,1.3,2025-10-24 08:13:55
1038,Act fall sort religious.,Key much program it between.,Low,2025-11-22,Dia,Pending,Testing,2.5,2025-10-21 01:44:05
1039,Themselves seek statement until crime.,Career into build number billion different.,Critical,2025-11-10,Dia,Completed,Testing,9.5,2025-10-16 19:05:51
1040,Price music society life.,"Certain exactly worker piece suggest give.
Type risk central key total catch. Ground free professor firm response.",High,2025-11-08,Dia,In Progress,Testing,8.8,2025-10-28 09:59:36
1041,Common career.,Score later south to middle institution apply. Spring put bag concern.,High,2025-11-11,Dia,Pending,Bug Fix,3.8,2025-10-29 18:46:44
1042,Above accept.,Party remember attack movement. War cup common condition six difficult work.,Low,2025-11-06,Jo,Pending,Testing,3.8,2025-10-23 03:19:25
1043,Woman take thing.,Subject better us year money up sort. Occur recent never finish. Simply that beat pretty yes.,Medium,2025-11-26,Shan,Completed,Documentation,9.6,2025-10-30 06:37:35
1044,Up field rest discuss.,Region change others read. Good decide something across different. Since though few accept condition.,Critical,2025-11-09,Akin,On Hold,Bug Fix,5.4,2025-10-21 13:13:09
1045,Moment area family girl chance.,Store smile let direction hand. Big idea good material black director mention. Behind loss industry teach paper.,Critical,2025-11-01,Shan,On Hold,Testing,9.1,2025-10-03 14:47:59
1046,Save issue commercial right.,Throughout key method young police. Cut smile window election buy politics resource. Treatment Mrs perhaps buy.,Low,2025-11-05,Akin,In Progress,Bug Fix,5.1,2025-10-07 10:16:38
1047,What will international.,Raise candidate mention agreement. Stuff among same leave toward score.,Critical,2025-11-25,Shan,In Progress,Testing,5.7,2025-10-12 11:50:47
1048,Cold seem.,Dream recent sister level. Need leg minute son.,Low,2025-11-08,Dia,Completed,Bug Fix,7.3,2025-10-29 08:33:33
1049,War late once above.,"Country once standard age husband mention such.
Wide land politics walk between. Trade recent general structure dog.",Medium,2025-11-17,Shan,Completed,Feature,8.4,2025-10-04 19:08:25
1050,Reach big animal glass.,Law resource throughout military. Contain other debate whether compare everybody.,Medium,2025-11-05,Akin,In Progress,Bug Fix,3.3,2025-10-06 12:59:08
1051,Father however save.,"Dream cultural heavy usually.
Message section share professor feel language. Still decision yes collection sister.",Low,2025-11-05,Shan,In Progress,UI/UX,1.2,2025-10-17 05:56:23
1052,Away customer where.,Drive alone window contain which red. Close part most every card cost.,Critical,2025-11-11,Jane,Completed,Testing,6.7,2025-10-07 01:36:51
1053,Want consumer blue one.,Style return little experience hear. Spend all marriage scene control. List international she large threat.,High,2025-11-19,Shan,In Progress,UI/UX,3.7,2025-10-26 02:27:23
1054,Close money however least.,Perhaps reduce phone visit a. Million not cup then study quickly drug.,High,2025-11-16,Dia,In Progress,Feature,1.4,2025-10-14 17:32:03
1055,Phone no thousand research.,Together no knowledge author foot. Poor stay central bar.,Low,2025-11-21,Jo,Pending,UI/UX,9.5,2025-10-15 19:07:27
1056,Strategy back direction.,Treat whether nearly. Television whose type husband month campaign recent. Subject deep with interesting.,Low,2025-11-03,Dia,Completed,UI/UX,6.8,2025-10-02 00:19:38
1057,Thing new million.,Heavy same what plant into old. Sea arm thousand executive onto center movie difference.,Low,2025-11-13,Jo,In Progress,Feature,4.5,2025-10-10 19:15:38
1058,Probably finally once with structure.,Agent alone between because education go. Course talk those partner major economy.,Low,2025-11-03,Jo,Completed,Testing,2.2,2025-10-05 23:47:30
1059,Skin get.,Party very later do actually focus. Me woman according doctor lay it.,Low,2025-11-19,Jane,On Hold,Feature,8.3,2025-10-03 05:45:09
1060,Against chance charge recent.,Woman whose end charge laugh everything television.,Critical,2025-11-11,Dia,Completed,Bug Fix,1.3,2025-10-02 06:21:18
1061,Investment no will.,List evening also its push cell. Store seem get gun argue daughter available effect. Owner rest single fact quickly.,Medium,2025-11-09,Shan,Completed,Bug Fix,3.5,2025-10-08 22:01:53
1062,Pretty game recognize word form.,Animal real two. Whole purpose build thank relate.,Critical,2025-11-08,Shan,Completed,Testing,7.7,2025-10-05 10:56:13
1063,Cold better couple.,Family heavy billion class we describe box. Successful wear four these right get year owner.,Critical,2025-11-19,Dia,Completed,Testing,1.7,2025-10-11 21:01:44
1064,Certain church leg feel.,Image whether subject option what speech. Might price population.,Medium,2025-11-24,Jo,In Progress,Documentation,1.6,2025-10-06 19:08:09
1065,Action art employee.,Consider answer store value yes. Language style go person like.,High,2025-11-18,Dia,In Progress,Bug Fix,7.4,2025-10-25 02:27:02
1066,Event turn subject.,Bank wide yard democratic. Personal source thousand dinner physical. Occur pass wish rock second.,Critical,2025-11-10,Dia,Completed,Documentation,4.8,2025-10-08 03:33:46
1067,From product to.,War approach leader threat talk. Fast to everything whether dog.,Medium,2025-11-06,Jane,Pending,Feature,9.4,2025-10-28 19:16:16
1068,Under might realize.,Director nor sound fly doctor support. Follow close whom leader mouth.,High,2025-11-08,Akin,Pending,Testing,2.2,2025-10-25 22:27:00
1069,Well though try.,Nor network purpose morning audience force control. Win beat party compare image imagine available.,High,2025-11-23,Jo,In Progress,Testing,3.8,2025-10-23 12:10:06
1070,Stop away son.,Laugh suffer job image either everything. View Mrs civil discover bring.,High,2025-11-25,Dia,In Progress,Feature,3.0,2025-10-05 01:43:25
1071,Allow letter commercial music.,Any office star prove. Decide push anything part turn red statement. General Congress sport wonder social.,Critical,2025-11-24,Jo,In Progress,UI/UX,2.1,2025-10-13 08:01:05
1072,Way cover Mrs leg.,Seek film best. Show its president management computer number.,Critical,2025-11-03,Shan,On Hold,UI/UX,2.7,2025-10-29 03:17:19
1073,Can face skill.,Watch your continue film. Along guess off fact serious foot environment. Off leader present offer herself current off.,Critical,2025-11-02,Jane,Completed,Testing,1.6,2025-10-07 13:43:04
1074,National part decide.,Agency including international response green spend suddenly minute.,Critical,2025-11-05,Dia,On Hold,Bug Fix,6.9,2025-10-09 18:43:42
1075,Science investment.,Long ask individual ability home. Fish Republican one democratic.,Critical,2025-11-06,Jo,In Progress,Bug Fix,1.2,2025-10-27 18:23:33
1076,Central visit.,Sign central goal if week reduce. Gas say nearly agree policy rock reason.,Critical,2025-11-22,Jane,Completed,Documentation,6.8,2025-10-25 01:56:20
1077,Story support all body.,Smile world region yes either let picture. Recently stay address interest.,Low,2025-11-03,Jo,On Hold,Testing,7.7,2025-10-20 04:57:08
1078,Indeed necessary born computer.,Bar pass toward world open who measure. Kitchen factor themselves.,Medium,2025-11-25,Jane,In Progress,Bug Fix,2.9,2025-10-23 15:02:56
1079,Sell above then happen.,Hospital human example today example successful. Third while box less attorney beautiful.,High,2025-11-27,Jo,On Hold,Testing,6.3,2025-10-12 04:19:05
1080,Wrong common there information either.,Well country leg. Read everyone all would leg simple travel. Thank want feel. Position investment clearly something.,Critical,2025-10-31,Dia,On Hold,Testing,2.9,2025-10-08 17:30:27
1081,West standard skin.,Local near food see. Truth several matter during.,High,2025-11-22,Jo,On Hold,Testing,2.9,2025-10-12 19:47:34
1082,Sit more him if society.,Main peace language name away friend. Manage both by contain. Father leg popular material weight.,Medium,2025-11-07,Shan,In Progress,Feature,4.0,2025-10-06 05:03:47
1083,Yard personal father.,Beat military end player. Board prevent dream ever middle while spring low.,Medium,2025-11-19,Jane,Pending,Feature,9.6,2025-10-23 07:05:29
1084,Star get statement.,"Behind official often population tough lay.
Second police light teach simply. Tell share strategy agency.",Critical,2025-11-03,Dia,Completed,Documentation,5.3,2025-10-15 19:44:03
1085,One maybe.,Our begin leave very speech important. Within again beyond discuss there play. Too tell hit buy my care all.,High,2025-11-02,Shan,Completed,Bug Fix,6.8,2025-10-16 05:25:57
1086,Paper nearly attorney tell.,Experience receive power determine every have. Account spend training future notice evening.,Medium,2025-11-16,Jo,On Hold,Documentation,3.9,2025-10-25 17:47:12
1087,Somebody place course.,Wind Mrs perform act her close. Clearly subject brother strong. Down stand ball develop ready.,Critical,2025-11-02,Akin,Completed,Testing,2.8,2025-10-27 12:22:11
1088,Fund far unit practice his.,Eat although military character speak six reason. Go religious true.,Low,2025-11-15,Shan,Completed,Feature,5.4,2025-10-09 14:02:50
1089,Along character image age.,Our boy woman win. Account war issue decade all increase.,Critical,2025-11-21,Akin,Pending,Testing,9.4,2025-10-06 01:42:14
1090,Food player special.,President yeah child common many fact audience six. Draw my safe people data. Level key throw crime.,Medium,2025-11-20,Akin,On Hold,UI/UX,2.9,2025-10-27 12:27:59
1091,Dark worker view class approach.,Husband religious hotel forward. Finally police box article.,Critical,2025-11-02,Shan,On Hold,Feature,7.6,2025-10-15 19:08:00
1092,Respond that clear.,Medical view option scientist piece work table. Boy many season who right team about.,Medium,2025-11-08,Jo,Completed,Feature,4.1,2025-10-28 01:50:12
1093,They area.,Seat responsibility establish without successful Mr. Admit pay must ability true great fear.,High,2025-11-16,Jane,Completed,Testing,8.8,2025-10-09 15:28:26
1094,Fine building bar.,All board model truth. Live arrive notice total trade it rule. Particular send race even street of.,Low,2025-11-11,Akin,Pending,Bug Fix,5.8,2025-10-09 18:49:29
1095,Six bank standard.,Peace charge many. Red his last. Staff travel question ready once.,Low,2025-11-12,Shan,In Progress,Documentation,9.6,2025-10-13 03:38:17
1096,Daughter though very type.,Training have enough front we. Chair artist relationship receive explain which certainly wide.,Medium,2025-11-26,Akin,On Hold,Feature,5.6,2025-10-02 18:52:19
1097,Per home.,See majority process food animal blue action smile. Close information difference whom only.,High,2025-11-27,Akin,In Progress,Feature,2.8,2025-10-03 18:57:19
1098,Blood trouble become investment total.,Long notice understand well physical I ahead and. Of simple memory ask. Democratic feeling morning herself.,Low,2025-11-14,Shan,Pending,Testing,1.1,2025-10-08 13:20:38
1099,Spend poor else.,"Test pattern page cause. Down half dark.
Appear political theory little significant. Defense generation chance throw.",Medium,2025-11-13,Akin,Completed,Bug Fix,7.5,2025-10-17 15:17:09
1100,Stand gas help rule.,Economy beyond short mean. Manage begin somebody mean. Stop develop require. Air can such exactly feeling collection.,High,2025-11-14,Akin,Completed,Bug Fix,1.3,2025-10-10 21:21:05
1101,Each produce conference student.,Sport heart type that. Themselves cut head never work security.,Low,2025-11-03,Jane,In Progress,Testing,9.1,2025-10-30 04:23:25
1102,Buy worker several investment.,Late science far maybe. Conference actually both him test hear. Player image their statement.,High,2025-11-22,Dia,Pending,Bug Fix,8.5,2025-10-24 11:54:08
1103,Have then.,Argue third news bank set sea ground. Environment give modern instead. Bill manager her contain.,Low,2025-11-16,Shan,On Hold,Documentation,6.4,2025-10-29 04:38:17
1104,Within they adult.,Activity far peace understand marriage. Character again wish alone industry style need.,High,2025-11-21,Shan,On Hold,Testing,2.6,2025-10-10 17:27:23
1105,Hair fall involve.,"Training animal attack ask. Name social whom issue.
Prove him American water necessary. Floor story test under.",Low,2025-11-24,Jo,Pending,Testing,6.0,2025-10-01 10:11:32
1106,Surface better.,Write building base practice head lawyer event smile. Interview how everyone. Purpose knowledge understand.,Low,2025-11-07,Jo,Pending,Feature,6.8,2025-10-02 02:22:12
1107,Billion will environmental near perform.,Get writer summer she late power nation. Serious little black within seek forward. Help trip address.,Low,2025-11-10,Akin,On Hold,UI/UX,7.1,2025-10-23 12:32:35
1108,Pressure wonder ever business performance.,Sort spring million child apply ball. Draw stay state throw continue not then.,Critical,2025-11-08,Jane,In Progress,Feature,2.3,2025-10-19 16:07:46
1109,Page help identify serve list.,Save yard debate result note. Enter painting part sport executive small relationship. Become chair agency start.,High,2025-11-04,Akin,Pending,Bug Fix,5.3,2025-10-17 06:51:54
1110,Media tough her early seem.,Deal food sign hit stop share. Middle measure quickly avoid either production paper.,High,2025-11-08,Jane,Completed,Feature,1.6,2025-10-01 15:56:38
1111,Series art sign edge officer.,Pressure soldier meet system stay recent. State center bring forget article. Office top value before rest.,Critical,2025-11-13,Shan,Completed,Bug Fix,8.1,2025-10-06 04:40:12
1112,Model simply accept.,Them chair option. Mother federal career process reality either.,Low,2025-11-01,Jane,On Hold,Feature,5.0,2025-10-17 07:05:51
1113,That that idea response be.,Agree road central eye cell everyone find. Before effort current manage feel science against.,Low,2025-11-04,Dia,Completed,Bug Fix,4.3,2025-10-17 04:30:57
1114,Position in run.,Hard drug everybody hundred shoulder person response. Word remember pressure score say total.,Low,2025-11-23,Akin,Pending,Testing,8.6,2025-10-03 17:29:08
1115,Town whose right.,"Republican sea loss energy fly especially interest.
Mrs body wear by voice star left. Among capital under today help.",High,2025-11-08,Akin,Pending,Bug Fix,5.8,2025-10-16 12:34:22
1116,Station worry free.,Whom game charge evidence sound building either. Should assume arm later remain.,High,2025-11-11,Shan,Completed,Feature,9.5,2025-10-06 15:43:10
1117,Professional painting.,Article stop minute matter cause camera. Despite certain claim. Dream early response special treatment land.,Low,2025-10-31,Jane,In Progress,UI/UX,1.3,2025-10-30 10:14:35
1118,Civil consumer song defense.,Black southern majority write you air. Ago ever ability style.,Medium,2025-11-02,Shan,Completed,UI/UX,8.7,2025-10-23 09:06:59
1119,Natural marriage very.,Including conference population plant from. News away catch lot.,Critical,2025-11-10,Dia,Completed,Feature,4.6,2025-10-29 18:17:05
1120,Voice travel read.,Together respond while night something treatment.,Low,2025-11-08,Shan,In Progress,Bug Fix,8.1,2025-10-24 07:58:11
1121,Audience want throughout executive.,Think off move despite situation star. And type staff plant price.,High,2025-11-16,Jane,Pending,Documentation,3.7,2025-10-13 13:18:30
1122,Look war available on we.,Lead do style happen skin hotel husband. Dream support point six morning speak cut.,High,2025-11-02,Jane,Pending,UI/UX,3.1,2025-10-17 21:55:33
1123,And down.,Accept whatever traditional outside technology southern from cut. Same down it seat customer Mrs career.,Low,2025-11-26,Shan,On Hold,Testing,3.7,2025-10-24 22:15:42
1124,Value former discuss.,Research recent wait. None size impact catch town especially store keep. Than save outside data thousand.,Medium,2025-11-23,Shan,Completed,UI/UX,7.0,2025-10-05 08:20:03
1125,Choose travel.,Woman agreement green technology heavy. One memory system sure car sister effect may.,Low,2025-11-10,Jo,Completed,Testing,7.6,2025-10-10 18:04:03
1126,American paper.,Likely improve special whole. Attention need kid those produce wind mind. Rate party notice reality.,Medium,2025-11-11,Shan,In Progress,Feature,6.2,2025-10-18 15:53:50
1127,Capital yet meet.,Film often each and upon. Center probably soon part measure movie upon.,Medium,2025-11-17,Jo,On Hold,UI/UX,6.3,2025-10-20 13:35:31
1128,Treatment television feeling window.,Ask door capital save face too growth wait. Away it production happen name color.,Critical,2025-11-19,Shan,Completed,Feature,9.6,2025-10-06 01:04:34
1129,Card seat interesting almost stuff.,"Sometimes fast ball agreement. Career really see method firm.
Whom receive while effort cause machine whom.",Critical,2025-11-12,Jo,On Hold,Documentation,7.0,2025-10-17 01:33:04
1130,Much money past national.,Major method fund think. People majority if. Deal moment bill offer. Sister yourself several better risk worry.,High,2025-11-15,Dia,On Hold,Bug Fix,4.4,2025-10-14 19:07:14
1131,Oil sing ask buy.,Method blood environment owner. This property thing could.,Medium,2025-11-28,Jo,On Hold,Testing,9.9,2025-10-20 06:07:21
1132,Require stock member determine.,Nothing hope day attorney. Movement class well industry again crime.,Medium,2025-11-22,Akin,Completed,Testing,5.4,2025-10-09 22:19:47
1133,Alone structure national today.,American bill all one air issue. Fill up marriage style.,High,2025-11-02,Dia,In Progress,Testing,5.2,2025-10-22 10:17:35
1134,Poor clear wear.,Above only direction Mrs. High official movie loss seven.,High,2025-11-10,Shan,Pending,Bug Fix,1.7,2025-10-09 15:02:19
1135,Picture smile message.,Enjoy game visit small then friend. Science his for successful. System such they doctor write.,Critical,2025-11-02,Shan,On Hold,Feature,2.8,2025-10-17 18:31:28
1136,Under main black.,News involve season mother.,Medium,2025-11-15,Shan,On Hold,Bug Fix,9.6,2025-10-03 07:49:02
1137,Stuff hear do arm.,Part six property decision. Strategy nothing amount American effect.,Medium,2025-11-26,Akin,In Progress,Testing,4.3,2025-10-10 23:29:24
1138,Everybody yeah into manager.,Reach strong feel star tend keep. Put side air middle door conference inside.,High,2025-11-05,Jane,Pending,UI/UX,2.6,2025-10-23 00:00:50
1139,Big environmental economy help other.,Ask customer listen in require discuss. Politics enter peace avoid pay night improve.,High,2025-11-10,Akin,Completed,UI/UX,2.1,2025-10-01 08:13:15
1140,Account work.,Executive sure box others major. Baby group determine little past president large.,Low,2025-10-31,Jane,Pending,UI/UX,8.7,2025-10-21 21:12:47
1141,According pay.,Option range figure artist anyone really. Raise international light fall.,Low,2025-11-25,Jo,On Hold,Feature,6.5,2025-10-26 17:41:13
1142,Teach though beyond responsibility.,Purpose fall young present center. Mention teach kind back memory. Father ever suffer approach when summer four.,Low,2025-11-25,Dia,On Hold,Feature,2.8,2025-10-09 15:12:22
1143,Similar decide see every.,World such how arrive. Strong message feel member always order spend her. Reality dog than like.,Low,2025-11-16,Akin,On Hold,Feature,2.0,2025-10-03 04:55:21
1144,Mr know staff.,Want left share choose. Change company wind challenge seem capital at.,Low,2025-11-10,Jo,On Hold,Bug Fix,2.8,2025-10-15 16:23:08
1145,Want administration recently.,Discover white law cover. Cause lawyer member poor world music near guess. Low true figure full prepare.,Critical,2025-11-13,Akin,Completed,UI/UX,6.1,2025-10-03 03:16:36
1146,Floor local.,Option address with already. Close fire here take beat part others.,Low,2025-11-10,Jane,Pending,Feature,5.3,2025-10-15 03:13:21
1147,Right government strong bring ball.,Deal young from cell evidence people land. Right start individual recently those general environmental.,Critical,2025-11-01,Jo,Pending,Feature,3.6,2025-10-18 13:54:56
1148,Pressure that kid exactly.,Interest company weight draw matter big. Us official institution west.,Critical,2025-11-25,Dia,On Hold,Feature,9.2,2025-10-07 19:01:53
1149,Interview people career.,Usually walk begin have test director. Interview people from usually.,High,2025-11-05,Dia,Pending,Feature,2.0,2025-10-20 23:24:53
1150,Very good.,May eat plant section. Part pull rather half. Right course if contain resource receive few.,High,2025-11-10,Shan,Completed,Documentation,6.0,2025-10-04 07:46:54
1151,Short side fish interview.,Bed remain author choose decade thousand. Since sort second.,High,2025-11-18,Jane,In Progress,Bug Fix,8.6,2025-10-17 03:11:55
1152,Quickly small no.,Face possible task these population traditional baby. I need not school always something. Health live half simple use.,Critical,2025-11-25,Akin,On Hold,Feature,4.6,2025-10-24 11:59:58
1153,Second unit.,Southern leader idea occur keep involve. Everybody remain daughter miss. System food building seem according.,Low,2025-11-24,Dia,Completed,Feature,8.3,2025-10-01 19:58:43
1154,Off trip gun grow western.,Look almost discover money chance team. Story stuff note manage prove real outside.,Critical,2025-11-20,Akin,Pending,Feature,3.5,2025-10-22 10:16:50
1155,Or morning serve.,Foreign which cold determine far. Another tend side just return serve. Claim despite effort left.,Low,2025-10-31,Shan,Completed,Testing,6.1,2025-10-15 10:02:45
1156,Find dark site for factor.,Peace meeting probably attack remember. Position address rather wrong. Director decide professional cover.,Critical,2025-11-20,Dia,Pending,Testing,7.9,2025-10-05 16:34:39
1157,Newspaper address eat.,Level other some. School section less policy rather heart seat sit. West meeting two agency miss.,Low,2025-11-22,Akin,In Progress,Documentation,8.3,2025-10-07 02:50:26
1158,Reach value military part.,Land administration big daughter. Light ask late. Manager their news per big.,High,2025-11-02,Akin,On Hold,Bug Fix,7.6,2025-10-04 01:03:53
1159,Key paper agree.,Study expect method collection organization fire staff. Want reflect leave present year.,Critical,2025-11-08,Shan,In Progress,UI/UX,6.9,2025-10-11 13:51:47
1160,Than interesting site trial.,Here environmental owner moment financial. Life big child born.,Critical,2025-11-06,Akin,Completed,Bug Fix,9.6,2025-10-19 14:37:26
1161,Sometimes summer.,Laugh hot industry movement outside course new. Task else easy maybe card. Must officer surface hot wind.,High,2025-11-19,Dia,In Progress,Feature,9.8,2025-10-28 17:38:28
1162,Explain responsibility.,Hotel natural family political. Game hold across church develop practice.,Low,2025-10-31,Akin,On Hold,Testing,3.2,2025-10-12 20:37:36
1163,Standard part policy from him.,"Wrong house could drug generation practice election.
Law ago raise. Wish finally scene feeling born.",Medium,2025-11-03,Akin,In Progress,Testing,7.7,2025-10-23 03:57:55
1164,Think maintain air color series.,It bed respond card here. Customer artist customer interview kid business effort. Dog into per see director.,Critical,2025-11-25,Akin,On Hold,Testing,3.9,2025-10-27 12:42:35
1165,Region certain without democratic.,Gas third food add break board alone. Can memory nor recognize.,High,2025-11-03,Dia,In Progress,Feature,9.1,2025-10-23 17:18:37
1166,Subject also.,Back include cold beautiful. Unit military recognize word.,Critical,2025-11-15,Jane,Pending,Testing,8.5,2025-10-14 20:47:19
1167,Language feeling much specific need.,On responsibility area base water. Year no professor member. Choice art provide full.,Low,2025-11-25,Jo,Completed,Bug Fix,3.0,2025-10-29 17:01:45
1168,Enough five seem five.,None choice whatever something rather. Property five name present. Wonder investment standard around kid.,High,2025-11-23,Jo,On Hold,Documentation,2.6,2025-10-21 17:45:09
1169,Seem start.,Decide effort less though. Trade science someone heavy by over. Family return too federal.,High,2025-11-23,Shan,Completed,Feature,3.3,2025-10-22 22:18:07
1170,Offer citizen watch why.,Purpose simple begin window. Government agreement drop even rest. Prevent party thus likely security.,Low,2025-11-26,Shan,On Hold,UI/UX,9.3,2025-10-11 15:44:21
1171,Cover may red street professor.,Simple bar fight instead know. Occur six establish word particular seem instead artist.,Low,2025-11-08,Akin,Completed,Feature,1.6,2025-10-06 15:00:25
1172,Outside upon conference yet industry.,Family event foot soon senior near list.,Medium,2025-11-20,Shan,Completed,Documentation,2.2,2025-10-05 05:49:16
1173,Station side catch culture.,Wait stop billion stay real need production. Animal happy story Mr. Might space large call consumer energy argue our.,High,2025-11-19,Shan,Completed,UI/UX,6.5,2025-10-11 08:16:07
1174,Tend reach watch bad.,Current several democratic however. But compare wrong want others. Smile indeed blood despite.,High,2025-11-14,Jane,Pending,Feature,3.0,2025-10-30 14:03:45
1175,Especially see agency development economic.,A to individual reason interest series. Just believe front deep stuff until might like.,Critical,2025-11-06,Jo,Completed,Feature,6.6,2025-10-11 12:47:24
1176,Particularly now.,Against community part little our box. To easy cold. Benefit dog table rather would.,Critical,2025-11-21,Shan,Pending,Documentation,8.6,2025-10-07 13:15:10
1177,Point type remember religious there.,Do model authority describe great speak.,Critical,2025-11-25,Jane,On Hold,Documentation,6.5,2025-10-29 08:57:25
1178,Prove peace quality make.,Number learn same draw. President leave prevent record. Seat skin coach let.,Medium,2025-11-05,Jane,On Hold,Feature,6.7,2025-10-28 22:31:09
1179,Form project soldier.,Time card game trip manager gun. Term scene control act large.,Critical,2025-11-23,Jo,In Progress,Testing,9.9,2025-10-24 20:43:17
1180,Already gun after war.,Woman study bit very. Travel offer professional ready. Official still with son listen.,Low,2025-11-18,Akin,On Hold,UI/UX,1.5,2025-10-02 07:53:27
1181,Near get career billion agree.,Join often along require final his.,Medium,2025-11-16,Akin,In Progress,Testing,1.7,2025-10-12 01:39:05
1182,Beat Republican behavior act place.,Hair win shoulder. Include although doctor. Source art chance past. Analysis gas adult.,Medium,2025-11-11,Akin,On Hold,UI/UX,5.9,2025-10-24 11:21:46
1183,Apply mind near.,Laugh probably perform just although cut. Item could national little. Find everything cup there without control.,Low,2025-11-06,Dia,Completed,Feature,2.3,2025-10-10 02:01:42
1184,Issue race style personal different.,Police do quality. Particular present song including. Method full just across year.,Low,2025-11-14,Shan,Pending,Testing,6.3,2025-10-24 19:01:41
1185,Wide development reach main administration.,As indeed watch. Short better ready no travel major step it.,Low,2025-11-18,Shan,Pending,UI/UX,7.1,2025-10-08 19:05:54
1186,Only ground sense visit case.,Indicate this step key stay. That necessary change door evening.,Low,2025-11-15,Dia,Pending,Bug Fix,2.7,2025-10-10 19:51:04
1187,Threat girl.,"Before factor star happen question.
Crime camera nature before indicate behind TV wrong.",Medium,2025-11-07,Jane,In Progress,Bug Fix,8.8,2025-10-20 02:32:17
1188,Business wear cell music.,Let money hot too. There learn today program find across citizen. School community receive life.,Medium,2025-11-11,Jo,In Progress,Feature,5.2,2025-10-03 20:04:57
1189,Myself development easy term nice.,"Create expert again forget performance morning.
Decision short capital answer. Question decade interesting left.",High,2025-11-20,Akin,Completed,Documentation,4.8,2025-10-26 10:15:03
1190,Win another low.,Play sure during painting past. Mr fly analysis democratic offer keep. Rest until situation window owner affect.,Critical,2025-11-20,Dia,On Hold,Feature,6.5,2025-10-02 13:19:03
1191,Religious article dinner discuss different.,Rock state increase piece prepare. Evening thank personal threat how office.,High,2025-11-12,Shan,Completed,Testing,4.4,2025-10-20 02:17:13
1192,Activity one opportunity force.,Husband partner technology member matter. My human under your end happy food. Others after wait action.,Critical,2025-11-22,Akin,Completed,Feature,3.7,2025-10-19 21:23:57
1193,Above fine fill.,Animal common quickly building. Deal rise wear generation may mission. Involve especially point ten upon soldier.,Medium,2025-11-24,Dia,Pending,Feature,9.6,2025-10-29 19:45:18
1194,Task start by professor for.,Scientist wear discover everyone lot travel. Better never various property ok myself.,High,2025-11-19,Dia,On Hold,UI/UX,3.4,2025-10-23 20:41:33
1195,Month own finish conference.,Professor house build else have. Agency couple ok letter.,Low,2025-11-20,Jo,Pending,Feature,8.9,2025-10-28 09:40:31
1196,Indicate hit but call.,Her lose thing perhaps time wind thousand. Family policy against behavior establish story store.,Medium,2025-11-13,Jane,Completed,Bug Fix,1.9,2025-10-02 04:06:21
1197,Eye me chance.,Work consumer security term above child. Party modern available.,High,2025-11-15,Jo,On Hold,Feature,4.2,2025-10-18 08:12:50
1198,Director check fight great.,Usually believe start third.,Critical,2025-11-18,Jo,Pending,Feature,7.1,2025-10-17 00:23:23
1199,Raise affect themselves pull.,Former management indeed then.,Medium,2025-11-19,Shan,In Progress,Testing,1.1,2025-10-15 15:47:32
1200,History coach sense view.,Do institution everyone civil. Me career gas realize suggest.,Low,2025-11-20,Dia,Completed,Bug Fix,7.3,2025-10-09 19:55:10
1201,Ten cost member.,Special stuff state theory try various still ever. Sound kid animal draw possible. Family call growth black be wish.,Medium,2025-11-03,Shan,Completed,Feature,5.6,2025-10-11 08:04:37
1202,Bill late.,Surface job future he choice including. Throughout role become help. Many sister price production.,Low,2025-11-01,Jane,On Hold,UI/UX,5.8,2025-10-10 09:46:26
1203,Billion sister health political.,From message idea American. These give Democrat direction already audience accept.,Low,2025-10-31,Dia,Pending,Bug Fix,6.5,2025-10-10 12:24:23
1204,Sure worker system.,Throw provide cup employee about. Wife court feel week. Even how debate building.,Low,2025-11-27,Jane,Pending,Bug Fix,7.4,2025-10-09 08:06:01
1205,Score through door window.,Care it pass person world thing add. Million wall wonder huge so. Picture drive system relationship.,Low,2025-11-14,Akin,On Hold,Feature,9.2,2025-10-03 08:33:17
1206,Improve act.,Now minute national environment. Senior deep likely up individual.,Low,2025-11-19,Akin,Completed,Testing,5.8,2025-10-14 14:29:08
1207,Magazine person manager author.,Serve tax mind health cultural food raise. Fear ask child show.,Critical,2025-10-31,Jo,Completed,Bug Fix,9.4,2025-10-14 23:39:00
1208,Study stage.,Site father people natural challenge item voice. Give art outside skill.,High,2025-11-16,Akin,On Hold,Feature,4.0,2025-10-23 08:19:29
1209,Trip show first.,Wonder author recognize six end quite. Well pattern pretty college. Rather manager hear degree personal family.,Critical,2025-11-28,Jo,In Progress,Documentation,3.8,2025-10-28 22:46:22
1210,Decide yet.,Forward from better system. Say bag first read past across. White second air guess hear impact including.,Low,2025-11-25,Jane,On Hold,Bug Fix,2.9,2025-10-10 13:28:46
1211,Range actually investment production.,Himself surface animal tend. Speech physical market attorney night. Today cost Democrat sing every benefit able few.,Low,2025-11-24,Jo,On Hold,Testing,6.4,2025-10-08 21:53:46
1212,Drop third sure ago.,Window industry read. Minute answer nice difference. American people free kitchen send hand.,Medium,2025-11-07,Jo,On Hold,Feature,5.6,2025-10-15 14:13:33
1213,More heavy talk trial.,Wrong market shake. Later sea magazine.,Low,2025-10-31,Jane,Completed,Testing,4.4,2025-10-03 20:42:49
1214,West live painting.,Wide return voice serious international prove as.,Critical,2025-10-31,Shan,On Hold,Feature,5.8,2025-10-07 03:59:26
1215,Determine toward table similar.,"Strategy heart knowledge else bill.
Son region way begin line. Different able hard. Pay through entire.",Critical,2025-11-12,Shan,In Progress,UI/UX,4.2,2025-10-30 04:43:27
1216,Reduce computer show.,Score future study artist individual class.,High,2025-11-22,Shan,On Hold,Feature,7.8,2025-10-14 18:46:06
1217,Author case money.,Student decision medical half. Region car pass door onto. Century sit course manager mother toward truth lawyer.,Medium,2025-11-07,Jo,On Hold,Documentation,4.8,2025-10-18 05:47:08
1218,Certain stay mention data.,Wonder hope machine manager political oil poor rest. Eight PM bank place base hard bill.,Medium,2025-11-28,Jane,Pending,Documentation,2.5,2025-10-07 09:37:20
1219,Wear strong.,Between assume two everyone. Late none mission black relate stand.,High,2025-11-09,Jane,Completed,Feature,8.2,2025-10-08 06:40:38
1220,Site company.,Growth medical research special morning. Clear blood yet result bar.,Low,2025-11-09,Akin,Pending,UI/UX,5.9,2025-10-01 18:27:40
1221,Debate sure.,Treat raise line police perhaps into probably. Tree spring within stop. Certain watch hundred.,Low,2025-11-08,Jane,Completed,Bug Fix,8.2,2025-10-15 15:58:45
1222,Treat media allow thought and.,Trouble result quite contain police effect central. Report thought say later major.,Critical,2025-11-18,Shan,On Hold,Testing,7.8,2025-10-02 03:28:31
1223,Admit middle class.,Adult respond debate other game population force. Myself hand decade result find his long.,Low,2025-11-28,Shan,On Hold,Documentation,4.7,2025-10-26 17:36:17
1224,Administration event adult nation.,Hair such ball collection husband allow man. Trial build arm perhaps. Join hope wear.,Low,2025-11-23,Akin,In Progress,UI/UX,2.1,2025-10-25 13:22:53
1225,Majority speak coach.,Cut lose worry administration before goal. Most couple baby. See us but floor inside west.,Medium,2025-11-22,Akin,In Progress,Testing,8.6,2025-10-20 09:02:27
1226,Arrive fund owner may.,Way age whose require ten. Race have traditional happen.,High,2025-11-05,Jane,Completed,Documentation,9.4,2025-10-02 12:18:01
1227,Less teacher.,"Value feel keep morning.
Industry president area. Home available woman build series development.",High,2025-11-12,Jane,Completed,UI/UX,2.6,2025-10-02 05:18:16
1228,We team.,Maybe pressure research.,Medium,2025-11-22,Jo,Completed,Bug Fix,1.6,2025-10-30 14:09:01
1229,Majority serious meeting.,"Political bar safe field change they. Second law their into deep.
Meet kitchen unit get half.",High,2025-11-14,Jo,Pending,Feature,3.8,2025-10-09 11:38:16
1230,Consumer science return analysis officer.,Practice finally campaign material rock live throughout. Provide however total recent.,Critical,2025-11-04,Jane,In Progress,UI/UX,2.6,2025-10-01 03:37:34
1231,Minute back institution its item.,Thus history will choice performance baby late event. Describe determine lead term structure.,High,2025-11-12,Jane,Pending,Documentation,5.6,2025-10-19 09:53:43
1232,Traditional leg surface least suggest.,Reality anyone account place fact both. For television hot list you option politics. Allow western cut size win.,High,2025-11-18,Shan,Pending,UI/UX,5.0,2025-10-25 06:32:32
1233,Outside oil.,He put crime off. Consumer window institution sense price. Church dinner avoid better.,Low,2025-11-12,Dia,On Hold,UI/UX,1.6,2025-10-24 04:21:12
1234,Thank nature plan activity.,Weight effort thank not employee baby practice. Often color always coach.,Medium,2025-11-19,Akin,Completed,Bug Fix,9.9,2025-10-14 15:40:51
1235,Indicate be professor wonder.,State source property behind wear especially another. Camera much large business.,High,2025-10-31,Shan,In Progress,Documentation,4.4,2025-10-09 16:59:13
1236,Present season open staff us.,"Produce go name. Design magazine offer recent she.
Unit yeah claim market agreement stand adult.",Medium,2025-11-02,Jo,On Hold,UI/UX,6.0,2025-10-23 07:36:38
1237,Hit return our business.,Even person vote able. Sound century often wrong nice listen huge.,Medium,2025-11-10,Dia,On Hold,Feature,1.2,2025-10-22 19:13:30
1238,Skill indicate.,Population white black you.,High,2025-11-28,Shan,Pending,UI/UX,5.7,2025-10-18 18:12:20
1239,Generation heavy poor.,Win thought light consider scene. Certain ground remain glass very. Story white first sport.,Critical,2025-10-31,Jo,Pending,Bug Fix,5.0,2025-10-06 22:17:58
1240,Memory final manage never.,Heavy training win radio attorney black. Write kitchen operation common citizen their mean.,Medium,2025-11-06,Shan,Pending,Testing,6.0,2025-10-17 15:14:50
1241,Get present onto card care.,Open issue must let. Relationship sometimes different it.,Medium,2025-11-04,Dia,On Hold,Feature,9.4,2025-10-24 06:49:54
1242,Kid create effort.,Property culture society law the hotel. Choose understand Congress factor great place man. Owner sport next exactly.,Low,2025-11-09,Jane,On Hold,Bug Fix,9.3,2025-10-12 11:45:24
1243,Ever lead.,Push hot then matter. Me generation along.,Critical,2025-11-05,Dia,Completed,Testing,4.4,2025-10-15 09:29:05
1244,Civil word no event.,Reduce share treat because trial side democratic. Director such or involve boy trip hope.,High,2025-11-22,Akin,Pending,Feature,7.4,2025-10-07 20:07:34
1245,Fish of continue coach.,"Sure read color memory method. Message expect what particular note car whole.
Rock yes prevent.",High,2025-11-09,Shan,In Progress,Testing,4.2,2025-10-26 16:23:36
1246,Idea open girl sing.,"Industry main ever idea pay whole probably.
Table rich happen woman let moment green. Style its strong peace after.",Low,2025-11-07,Akin,In Progress,UI/UX,6.4,2025-10-17 16:08:49
1247,Rock recent.,Environmental price your seem herself draw. Member provide spring everybody person those.,Low,2025-11-25,Shan,Completed,UI/UX,7.6,2025-10-14 11:04:26
1248,Kitchen rule interesting with.,Tell cultural factor hotel food catch book pay. Key job true away popular plant difficult song.,Low,2025-11-21,Shan,Pending,Testing,1.5,2025-10-16 16:17:04
1249,Answer service have yard.,Technology worry action prove green around avoid. No about resource pretty.,Critical,2025-11-06,Jane,Pending,UI/UX,9.2,2025-10-12 05:28:50
1250,Respond situation most per remain.,Son discussion probably president five drug. Class ask or happy consider role box.,Low,2025-11-22,Shan,In Progress,UI/UX,4.6,2025-10-16 07:43:35
1251,Whom majority down policy.,"Purpose clear behind step.
Lawyer cultural but evidence scientist still. Issue plant play audience my article add.",Low,2025-10-31,Shan,Completed,Documentation,5.0,2025-10-12 14:10:36
1252,Admit treat.,Talk late force establish door. Letter job production trade federal.,Low,2025-11-14,Jane,Pending,Testing,7.0,2025-10-08 22:03:56
1253,Similar report thought.,Wide school group design create. Exist sister laugh surface mean.,Medium,2025-11-16,Jo,In Progress,Feature,9.5,2025-10-15 09:17:47
1254,Industry live.,Design happen debate. Sure outside where physical plant ball eye. National write however compare.,Critical,2025-11-12,Akin,Completed,Documentation,1.6,2025-10-27 10:38:18
1255,Mean game.,Strategy coach per attorney central to. Congress treatment fast blood.,Medium,2025-11-22,Akin,In Progress,Feature,6.5,2025-10-15 00:38:56
1256,Quality expert bag energy manage.,Big direction do must Congress science to agree. We official their one as next. Door simple bit hot true.,Critical,2025-11-06,Shan,On Hold,Feature,9.2,2025-10-09 16:36:19
1257,Size coach stage.,"Red people feeling food budget fact. Side exactly expert card.
Investment garden own hair possible various keep.",Medium,2025-11-23,Jane,In Progress,Feature,3.9,2025-10-17 11:48:49
1258,Close also first.,Toward for still seem ask blue however yard. Party without why with which. Institution wall no.,Critical,2025-11-16,Jane,In Progress,UI/UX,4.4,2025-10-21 09:45:08
1259,Be phone theory to.,Day difficult particularly affect fear. Movie fly huge phone speech foot training.,Critical,2025-11-02,Dia,In Progress,Feature,6.4,2025-10-01 06:58:22
1260,Music smile institution out.,Authority myself writer red past ability discover. Unit stage possible travel.,Critical,2025-11-12,Shan,Pending,Documentation,7.6,2025-10-09 04:28:50
1261,Form tonight plan.,And great suggest middle chance century.,High,2025-11-27,Akin,In Progress,Testing,7.3,2025-10-26 00:40:22
1262,Direction decision scientist pressure.,Indicate adult dream clear. Voice kid degree public. Prepare century later example hour people more.,Critical,2025-11-21,Akin,In Progress,Bug Fix,8.5,2025-10-26 06:54:02
1263,Per increase which six.,Something ground speak development voice bag moment positive. Personal process exist soldier.,Medium,2025-11-28,Jane,In Progress,Documentation,9.4,2025-10-25 19:17:57
1264,Social center east point.,Fish clear no edge heavy. Real partner this. Such pressure out plan produce mother.,Low,2025-11-28,Akin,Pending,Testing,9.4,2025-10-08 05:46:54
1265,Now story sort whose.,Energy make claim like interesting conference. Nothing piece similar both himself sound.,Low,2025-11-08,Jane,Completed,Bug Fix,7.0,2025-10-09 02:54:40
1266,We be machine great.,Already fish if young away range property song. Sport bring child staff the yeah.,Critical,2025-11-06,Akin,In Progress,Bug Fix,6.8,2025-10-24 11:08:53
1267,Expect sing organization.,Radio act agreement former price share. Simple state animal tough. Road technology agency attention left.,Medium,2025-11-23,Jo,Completed,Feature,5.9,2025-10-13 05:54:34
1268,Team add this.,Mr country argue environment room unit. Administration though camera low wrong. Late national claim reduce much.,Low,2025-11-19,Jo,Pending,Testing,10.0,2025-10-04 15:49:33
1269,Kid street range.,Past add institution. Language network bag rest significant draw.,Medium,2025-10-31,Akin,In Progress,Bug Fix,6.2,2025-10-15 18:02:05
1270,Rule news one wide bank.,Design defense trade free rule tough now. Case bill anything subject current.,Critical,2025-11-06,Jane,In Progress,Feature,7.5,2025-10-12 05:30:42
1271,We last doctor.,Leg wide huge it have. Light deep most forward kid full media. Table authority even address mother north onto.,High,2025-11-05,Jo,On Hold,UI/UX,2.0,2025-10-28 16:32:55
1272,Generation part protect professor.,Project nor collection process reality many. Option long available significant. Agent seven remember.,Low,2025-11-19,Shan,Completed,Bug Fix,8.8,2025-10-03 09:20:56
1273,Federal artist sure.,Alone others minute never financial. Mouth color try.,Critical,2025-11-22,Dia,In Progress,UI/UX,3.2,2025-10-07 14:22:24
1274,Thank provide she again anyone.,Sister always price deep billion nice only. Weight explain imagine if traditional. South this natural.,Critical,2025-11-20,Dia,On Hold,Feature,9.3,2025-10-19 12:23:40
1275,Face owner upon.,Successful growth hold. Even yeah she need. Food us far surface television once.,High,2025-11-14,Shan,In Progress,Testing,8.9,2025-10-29 17:18:30
1276,Attention push see.,Response heart cultural. Certainly drug court open hair also situation.,Medium,2025-11-19,Akin,Completed,Bug Fix,8.4,2025-10-09 08:43:46
1277,Bag rise these.,Know practice similar account. Community skill production that world I establish.,Critical,2025-11-24,Shan,On Hold,UI/UX,4.0,2025-10-17 00:33:10
1278,Defense commercial whose.,Particularly easy certain involve. Only here eye home usually especially its.,High,2025-11-11,Jo,On Hold,Documentation,8.9,2025-10-30 13:57:56
1279,Amount how kind particularly.,Media somebody start different another. Bit first plan early one boy. Pretty within father hard.,High,2025-11-21,Shan,In Progress,Testing,9.1,2025-10-06 12:35:22
1280,Part major church speech.,Around explain key fly model. Dream nearly actually return ground boy Republican less.,Low,2025-11-22,Shan,Pending,UI/UX,7.5,2025-10-22 18:10:03
1281,Edge key born three wear.,Energy language hot letter room. None article so might spring. Size prepare push trip every six.,Low,2025-11-18,Jane,In Progress,UI/UX,4.3,2025-10-06 09:23:30
1282,Place training team.,Draw card or computer within include.,Medium,2025-11-04,Shan,Completed,Testing,4.6,2025-10-02 20:08:56
1283,Election edge here cost hit.,Mother card box director member. Back score key gas.,Low,2025-11-24,Akin,Completed,Testing,7.4,2025-10-11 17:57:00
1284,Create American send officer ten.,Foot may impact many let least break energy.,Medium,2025-11-17,Jo,On Hold,Documentation,4.9,2025-10-17 08:02:27
1285,Now later these suffer benefit.,Shoulder security minute event certain decide different interview. Near none on. Draw win strategy figure usually.,Critical,2025-11-28,Dia,In Progress,Documentation,4.7,2025-10-15 22:46:17
1286,Loss could any.,Close protect cell suddenly room program concern. Loss herself cost. Suggest could travel from anyone project.,High,2025-11-17,Jane,In Progress,Feature,3.6,2025-10-25 13:35:31
1287,Throw or.,Down official parent member on car.,Medium,2025-11-24,Dia,On Hold,UI/UX,8.8,2025-10-13 14:34:14
1288,Capital hour look.,About activity movie big. On player defense dinner rule. Door artist law brother point.,Medium,2025-11-08,Jane,On Hold,Testing,5.7,2025-10-05 21:17:17
1289,Act over.,Sea majority thus direction become break. Effect sea page town send protect. Audience talk message list.,High,2025-11-13,Akin,On Hold,Feature,9.1,2025-10-30 14:11:29
1290,Hair check through away.,Will level other. Evidence field care media seem indeed well girl.,Critical,2025-11-15,Jane,Completed,Bug Fix,5.4,2025-10-09 10:35:15
1291,Road sense.,Which security table have. Admit without expect prepare world turn.,Critical,2025-11-23,Jane,In Progress,Feature,7.7,2025-10-25 03:35:18
1292,Go my argue crime three.,Behind loss how positive rest.,High,2025-11-24,Akin,On Hold,Documentation,9.6,2025-10-16 03:56:08
1293,Energy drive wall.,Maybe accept majority speech. For chance sort budget from. Board trade issue when manage year then.,Low,2025-11-07,Akin,In Progress,Testing,5.5,2025-10-25 03:37:56
1294,Really significant top.,Without real top rise language. Kid specific happen compare create land us.,Medium,2025-11-23,Jo,In Progress,Feature,7.5,2025-10-29 09:42:29
1295,Congress college health.,Into which people fine effort seat citizen. Worker situation movie kid serious style ago.,Low,2025-11-04,Shan,On Hold,Documentation,4.4,2025-10-16 14:51:19
1296,Pull town behind rule.,Take wrong station suggest. Say never north campaign anyone whether seek. Off hit life activity authority.,Critical,2025-11-18,Shan,In Progress,Documentation,2.9,2025-10-26 01:27:30
1297,Place thus character realize character.,Determine budget line rule finish myself attack culture. Short describe range.,Low,2025-11-04,Dia,In Progress,Documentation,8.8,2025-10-28 16:18:45
1298,Lawyer thousand act.,Task amount physical agree responsibility their. Test soldier message mother might. Character plan reason book.,High,2025-11-13,Dia,In Progress,Feature,7.6,2025-10-19 09:39:21
1299,Able agency sister plan performance.,"Industry house American conference image ahead.
Environment seven heavy. Kid little affect a cost. Role hold should.",Critical,2025-11-09,Shan,Completed,Feature,4.3,2025-10-15 15:26:46
1300,Clearly process.,Important number foreign serve. Environmental once wrong last.,Critical,2025-11-06,Shan,Pending,Feature,7.0,2025-10-13 02:29:50
1301,Open different write foot.,Fire blue hard floor clearly individual pick who. Drive sometimes apply past. Letter listen record technology region.,Critical,2025-11-28,Jo,Completed,Testing,3.7,2025-10-06 10:17:51
1302,No floor amount yes.,Natural relate walk who national trial work. Along whom natural. I catch evening message side design.,Low,2025-11-21,Akin,In Progress,Documentation,7.1,2025-10-26 10:10:09
1303,You mouth dog their.,Simply mention certain miss. Detail thought cold catch resource least. Gas show value. Add group edge way.,Critical,2025-11-16,Jo,Pending,Testing,3.3,2025-10-01 09:19:03
1304,According single car.,Choice candidate difference it different order. Debate development really brother international.,Critical,2025-11-23,Jo,On Hold,Feature,7.0,2025-10-24 13:09:20
1305,None fire team such.,Word again house. Available war blood. Dark accept of rest gas much small plant.,Low,2025-11-17,Akin,Pending,Bug Fix,1.2,2025-10-07 12:25:35
1306,Floor perform nor.,Write church thing candidate. Leg individual air. Week would lead company couple hit.,Medium,2025-11-28,Shan,Pending,Testing,2.9,2025-10-12 13:39:34
1307,Learn owner generation on.,Employee bed pass brother. This size first. Seat director no spring.,Critical,2025-11-25,Jane,On Hold,Bug Fix,4.5,2025-10-18 11:37:07
1308,Nothing news set notice.,Science occur upon control plant hundred exist main. Into story peace for stock nice.,Critical,2025-11-18,Dia,On Hold,Documentation,8.2,2025-10-15 14:18:19
1309,Five win hot.,"Past number southern affect. Move buy try cell message knowledge then.
Son prevent might.",Medium,2025-11-17,Shan,Completed,Bug Fix,6.9,2025-10-15 11:26:29
1310,Role next risk and.,Station few cost off already challenge. Cut radio within.,Low,2025-11-15,Jo,Pending,Feature,6.5,2025-10-22 19:58:33
1311,Admit kid.,Wall whatever material hair among with. Religious serious development in short. Long receive chance kid reason get.,High,2025-11-16,Dia,In Progress,Feature,6.7,2025-10-02 13:11:26
1312,Box great then.,May rather both. Company outside benefit think indeed church television few.,Low,2025-11-18,Akin,On Hold,UI/UX,1.4,2025-10-14 00:22:06
1313,Sometimes almost enough.,Along style describe thank head reduce arrive. Condition exist use gas. Structure miss fund.,Low,2025-11-14,Shan,Pending,UI/UX,2.3,2025-10-20 20:03:36
1314,Focus all worker wait.,Interesting begin here pressure off. Those table of right. Natural by assume drug.,Low,2025-11-13,Akin,Completed,UI/UX,3.3,2025-10-21 09:22:46
1315,There although some huge.,"Recently near vote include.
Case sense conference threat despite cut. Serve apply grow choose.",High,2025-11-16,Jo,Pending,Testing,2.6,2025-10-15 00:44:13
1316,Garden prevent idea firm.,Owner money clearly majority.,Low,2025-11-21,Shan,In Progress,Feature,5.7,2025-10-07 18:28:57
1317,Score easy discover remember.,Window special environmental course network agent for. Whatever animal hope business. Read baby peace task mind.,Critical,2025-11-14,Shan,On Hold,UI/UX,5.0,2025-10-27 20:55:36
1318,Challenge officer ok understand.,Price fire certain. Usually go several tough.,Low,2025-11-08,Dia,In Progress,Feature,5.8,2025-10-17 15:15:18
1319,Drop fire social.,Six young color property money cold. Analysis ahead paper place.,Medium,2025-11-22,Jane,Pending,Testing,8.2,2025-10-20 09:46:37
1320,Score forget film.,Thank involve artist. Build view where third upon. Experience view operation task argue.,Medium,2025-10-31,Akin,Completed,Feature,4.5,2025-10-02 18:03:57
1321,Floor interview recognize view financial.,Box leave rise soldier others must with. Generation area million why since rich.,Medium,2025-11-04,Jo,Pending,Feature,3.2,2025-10-29 19:14:34
1322,Compare relationship recent happen.,Value tell less thought health reflect. These media simply exist production action. Lose economic production store.,Critical,2025-11-24,Akin,Pending,Testing,1.5,2025-10-05 12:31:45
1323,Never spring under account.,Job what serious spend order. Become series culture interest win space. Arm science also must.,Low,2025-11-24,Jo,Pending,Documentation,5.2,2025-10-20 16:05:32
1324,Fire home upon.,Issue choice trade. Imagine method democratic someone better window. Act which ask good market law range.,High,2025-11-28,Akin,On Hold,Testing,1.4,2025-10-16 18:10:04
1325,Ago win.,Last each step create. Resource might natural purpose bad building.,Low,2025-11-06,Jane,In Progress,Feature,7.2,2025-10-05 16:30:53
1326,Price without.,Religious little control music compare first. Require quite yeah pay certainly. Wonder view before tree people success.,High,2025-11-22,Shan,On Hold,Testing,6.4,2025-10-05 12:36:41
1327,Like certainly religious prevent follow.,"Painting money certain news director. Rather see he statement large meeting drop.
Future back guy describe current.",High,2025-11-24,Jo,On Hold,UI/UX,5.1,2025-10-22 06:43:32
1328,Often officer.,Most politics culture Mr should computer without. Out kitchen television hot great.,Medium,2025-11-15,Akin,Pending,UI/UX,1.5,2025-10-11 10:11:06
1329,Reflect who.,Once source film popular. Who several me. State surface official he skill lose water.,Critical,2025-11-22,Shan,Pending,Feature,2.1,2025-10-05 13:52:40
1330,Not thank success message.,Million final whose most stand federal left. Let reflect return phone street.,Critical,2025-11-20,Jo,On Hold,Bug Fix,3.8,2025-10-05 11:10:57
1331,Smile gas between task.,Evidence responsibility place before avoid its line. Design side style raise real game. Crime me environment best item.,Medium,2025-11-11,Dia,On Hold,Documentation,4.7,2025-10-28 01:03:02
1332,Plant laugh remain help.,Wide minute message until. Seek actually control floor throughout suddenly this. Themselves sport north son song.,High,2025-11-14,Shan,In Progress,Bug Fix,8.0,2025-10-19 15:34:32
1333,Public crime where season front.,Choice somebody maintain hour positive picture position. Charge word town answer four concern structure.,Medium,2025-11-13,Akin,On Hold,Feature,7.7,2025-10-03 12:02:28
1334,Series drop in.,Project show gas. Law eat poor behind onto.,High,2025-11-24,Jo,Pending,Feature,7.6,2025-10-27 17:40:45
1335,Them until prove usually sea.,List I force himself. Field hard glass service office unit.,Medium,2025-11-11,Dia,Completed,Documentation,6.4,2025-10-03 22:42:31
1336,Company range authority.,Sound specific simply decide institution door. Specific process science better.,Medium,2025-11-20,Akin,On Hold,Feature,1.7,2025-10-24 00:52:58
1337,Plan even exist best anyone.,Him walk whole open. Huge red inside owner its decade. Heart listen its start.,High,2025-11-17,Jo,In Progress,Bug Fix,4.6,2025-10-26 19:34:37
1338,Real before computer.,Finish send collection interesting low tonight.,Medium,2025-11-22,Jane,On Hold,Testing,9.9,2025-10-02 11:51:54
1339,Picture gun lose recently a.,Too money exist nature rich. Kitchen lead on. We six like far break.,High,2025-11-12,Akin,Completed,Feature,9.7,2025-10-15 09:02:35
1340,His discussion leader despite.,Pick term way difficult appear service weight. International article religious window win.,Low,2025-11-13,Jane,Pending,Testing,7.1,2025-10-20 03:35:29
1341,Person close much.,Respond data cell without respond total for mention. Entire tree answer. Difficult catch have save.,Medium,2025-11-20,Akin,Completed,Testing,6.2,2025-10-18 00:24:20
1342,Provide number job increase sometimes.,Own radio common discover she name manage.,Low,2025-11-22,Jane,On Hold,Feature,6.4,2025-10-06 14:08:00
1343,Last interest mean.,Keep guess guy beyond. Chair wish data wife structure win.,Critical,2025-11-27,Jo,On Hold,Feature,6.3,2025-10-11 13:42:51
1344,Product choice upon.,Operation easy decade event. Lawyer Democrat computer concern test. Morning then per century room.,Critical,2025-11-14,Jo,Completed,UI/UX,7.4,2025-10-05 22:07:01
1345,Suffer themselves begin movement material.,Talk large conference set down high. Along even administration newspaper out. Language up life let myself.,Low,2025-11-20,Jane,In Progress,Feature,8.4,2025-10-04 05:27:42
1346,Wrong difficult source.,Detail eye make other recognize. Possible pass and avoid decision smile. Behind time task many firm opportunity.,Medium,2025-11-20,Jo,Pending,UI/UX,6.8,2025-10-12 05:23:43
1347,Shake interview would prepare political.,Source ago population ready firm thing apply. Reduce figure its police gas almost what.,Low,2025-11-10,Jane,Pending,Feature,1.7,2025-10-03 04:00:31
1348,Enter she.,Blue skin religious man matter agree direction.,Critical,2025-11-12,Jo,In Progress,Documentation,7.4,2025-10-13 19:30:58
1349,Risk color name.,"Foot player moment customer apply.
Your face agreement. Gun drug upon buy. Within lose involve.",Low,2025-11-28,Dia,In Progress,Testing,3.6,2025-10-05 05:32:40
1350,Fight past.,Begin campaign parent trouble six officer machine.,Medium,2025-11-03,Shan,Pending,Feature,3.1,2025-10-24 15:49:14
1351,Three view create hour.,Degree against I pick. Computer few never police offer usually.,Medium,2025-11-23,Shan,In Progress,Bug Fix,9.2,2025-10-03 00:02:49
1352,Because air.,"Beyond customer teach thus.
Staff reason his strong star.",Low,2025-11-16,Jo,In Progress,UI/UX,9.2,2025-10-04 15:11:17
1353,Night type by.,Instead onto contain turn general. Great family eat affect language buy decision. Case inside within and country.,Low,2025-10-31,Jane,On Hold,Bug Fix,1.8,2025-10-14 17:38:03
1354,Reality return radio same never.,Safe kid local where however picture. Affect run within project cell. Officer newspaper threat.,Critical,2025-11-14,Jo,In Progress,UI/UX,5.1,2025-10-08 22:56:04
1355,Similar care.,Car analysis determine choose safe. Body police test everyone weight science serve. Hit mouth concern key firm.,High,2025-11-04,Akin,On Hold,Feature,6.7,2025-10-16 07:42:34
1356,City win everyone.,"Girl season hand personal couple per fine.
Eight yes vote public expect. Make benefit lose wall recently lead.",Low,2025-11-10,Dia,Pending,UI/UX,3.9,2025-10-22 19:10:10
1357,Low trade find physical.,Practice firm treat space spend. Expect group TV start.,Medium,2025-11-28,Dia,Pending,Testing,1.3,2025-10-09 07:07:45
1358,Former remember available dinner discuss.,Line material American doctor plan address. Political politics generation close level stuff.,Low,2025-11-16,Jo,In Progress,Feature,6.2,2025-10-13 05:11:57
1359,Blue son real allow.,Focus appear doctor budget society. According value value affect however kind. Poor much training here face.,Critical,2025-11-25,Shan,In Progress,Testing,1.5,2025-10-09 01:32:55
1360,Wear part while.,Response hit city not street reach. Western walk sure culture room work.,Critical,2025-11-10,Shan,Pending,Testing,1.7,2025-10-08 06:56:59
1361,Child work weight security.,Perform already wish. Study during risk four worry news happen key.,Medium,2025-11-09,Akin,On Hold,Bug Fix,5.5,2025-10-11 17:44:43
1362,Best community house.,Main choice discover anything.,High,2025-11-27,Jane,Pending,Feature,3.1,2025-10-24 21:32:35
1363,Control last every.,Visit short music establish pretty. Style people travel matter star significant. American rise break.,High,2025-11-08,Akin,In Progress,Bug Fix,7.4,2025-10-16 12:41:34
1364,Entire hundred south.,Ability lot teacher prevent. Arm change everyone large. Energy western situation.,Critical,2025-11-10,Jo,In Progress,Feature,7.3,2025-10-19 10:20:27
1365,That parent.,"Street language table six. Other new table themselves. Draw dream by economy.
Owner several official week.",Critical,2025-11-18,Jane,Pending,Documentation,3.2,2025-10-21 22:44:09
1366,Generation computer once TV raise.,"Before day dinner good. Doctor this rest tend bad fast fund.
Town order major other million wear week attorney.",Critical,2025-11-24,Dia,On Hold,Testing,8.6,2025-10-14 17:08:07
1367,Far account long eat.,Side expert it table middle expect send. Marriage place head politics order decide student.,High,2025-11-05,Jo,In Progress,Documentation,8.3,2025-10-04 16:41:16
1368,Trial head according trouble idea.,Begin leader beyond article.,High,2025-11-21,Shan,In Progress,Feature,4.4,2025-10-29 11:33:55
1369,Must society let.,Employee inside fire whom away thank. Us player take thus chance.,Critical,2025-11-28,Jane,On Hold,UI/UX,7.6,2025-10-20 17:38:46
1370,See view year explain.,Take standard choose animal them understand. Knowledge three ground.,High,2025-11-11,Akin,On Hold,UI/UX,8.3,2025-10-27 18:14:40
1371,Machine computer.,Commercial themselves someone lose somebody require. Modern floor though plan structure.,Critical,2025-11-19,Shan,Pending,UI/UX,9.8,2025-10-28 17:00:24
1372,Work keep military.,Course fact seek security. Prevent resource need carry personal piece. Past require pull little.,Critical,2025-11-24,Akin,Completed,Bug Fix,10.0,2025-10-30 12:40:22
1373,Education difficult score know theory.,Learn decade poor time three. Same appear skill process evidence owner.,High,2025-11-24,Jo,Completed,Testing,2.2,2025-10-28 16:35:40
1374,Art owner century light.,Center kitchen learn technology prepare speech room body. Ready art modern night child scene president.,High,2025-11-11,Jane,On Hold,Feature,7.7,2025-10-08 00:33:12
1375,Answer add.,Maintain call particular. Detail read level sound surface see.,Low,2025-11-21,Jane,Pending,UI/UX,2.2,2025-10-03 15:31:44
1376,Chance black shake grow.,They will form wait. Maintain pick word coach.,Critical,2025-10-31,Jane,On Hold,Bug Fix,9.0,2025-10-27 05:13:18
1377,Your keep put song.,Establish church value. Mission hold pressure seat modern. Likely talk this each however a court.,Low,2025-11-09,Shan,Pending,Feature,8.0,2025-10-24 13:49:46
1378,Choice foot catch.,Husband laugh someone leg evidence. Five attack structure.,Low,2025-11-24,Shan,Completed,Testing,1.9,2025-10-19 11:42:36
1379,So eat exactly response.,Page hour it school military cultural artist nation. Local find interview machine stand answer seek professor.,High,2025-11-11,Jo,Completed,UI/UX,9.2,2025-10-24 15:22:49
1380,Stay open employee.,I help wind discussion page.,Medium,2025-11-18,Dia,Completed,UI/UX,3.9,2025-10-18 17:52:40
1381,Show they year.,"Trouble represent guy event glass book. Relate despite product but.
Must home while.",Critical,2025-11-01,Jo,Pending,Feature,3.4,2025-10-06 18:07:21
1382,Seat join thank.,Suffer message suggest authority such talk she. Consumer fall thus foreign today. End world lay quality magazine sure.,Medium,2025-11-20,Jane,In Progress,Testing,7.5,2025-10-07 05:02:22
1383,Join concern.,National quite range like break technology. Gun year American article analysis.,Low,2025-11-21,Akin,Pending,UI/UX,9.7,2025-10-16 11:27:13
1384,Message rich similar position these.,Human role approach wish woman everyone near bit. Know couple law room end these next.,Medium,2025-11-02,Dia,Completed,Documentation,7.1,2025-10-04 08:22:11
1385,Role argue field role.,Know night financial maybe defense. Beyond office town us happy wait.,Critical,2025-11-21,Akin,Pending,Bug Fix,4.2,2025-10-05 06:31:53
1386,Would raise.,Garden event short. Player task it time.,Critical,2025-11-12,Shan,Pending,UI/UX,2.6,2025-10-18 23:40:36
1387,Their their force dog.,View respond same early relate. Film big house food police. Old assume positive should though purpose.,Medium,2025-11-25,Jane,Pending,UI/UX,8.1,2025-10-10 03:52:58
1388,News past.,Above decade position dream. Share generation know top remain set.,Medium,2025-11-26,Jo,In Progress,Testing,7.0,2025-10-07 05:41:59
1389,Fear rich trial body.,Event hope need TV piece thousand.,Low,2025-11-27,Jane,On Hold,Bug Fix,6.3,2025-10-01 01:30:02
1390,Risk type.,"It fund exist minute. Must not teach give success.
Kitchen might change star region include. Put media best off.",High,2025-11-21,Akin,On Hold,UI/UX,3.4,2025-10-11 18:29:28
1391,West or area.,Mention if interesting agent government. Center make bill think. Oil or address accept.,High,2025-11-06,Jo,On Hold,UI/UX,7.8,2025-10-29 01:25:48
1392,Always certainly near dog line.,Cover guy talk north political together authority. Trouble participant leader piece indeed where.,High,2025-11-16,Shan,Completed,Feature,7.1,2025-10-29 19:03:29
1393,International grow own us know.,Court one natural too turn. Unit land system parent return certainly. Go head start spring full writer should.,High,2025-11-06,Shan,Pending,Documentation,8.1,2025-10-23 00:26:15
1394,Plant within campaign billion resource.,"Account carry everyone. You decision only class hour.
Result real sit population full few large. Push morning skill.",Low,2025-11-22,Jane,In Progress,Feature,3.4,2025-10-01 01:31:05
1395,Sea still.,Listen physical we a visit war born surface. Author produce officer because. Life center card.,Critical,2025-11-16,Jane,In Progress,Bug Fix,7.1,2025-10-24 18:00:12
1396,Difficult author.,Happen accept knowledge expert. City current before.,Medium,2025-10-31,Shan,Completed,Bug Fix,9.4,2025-10-10 05:14:39
1397,Per floor bring state.,Up similar difficult apply. Generation model hotel leader system. Step save commercial identify wear.,Low,2025-11-15,Akin,In Progress,UI/UX,2.7,2025-10-26 04:10:35
1398,Focus decision begin loss.,National rather most your page but national while. Teach easy get capital condition.,Low,2025-11-15,Akin,Pending,Documentation,7.9,2025-10-14 06:59:14
1399,Ready send clear send.,Race body they issue which collection. Country develop attorney feeling partner five.,High,2025-11-24,Jane,Pending,UI/UX,5.6,2025-10-27 01:06:33
1400,Toward describe camera school.,Democrat sign watch inside attack cover. Quite one anything you child difficult.,Low,2025-11-23,Jane,Pending,Feature,1.4,2025-10-06 11:54:24
1401,Onto north.,Seat yet road mission popular. A along cut century. Wish college well peace edge garden phone little.,Low,2025-11-01,Jo,On Hold,Documentation,1.4,2025-10-12 23:07:13
1402,Identify friend public.,Wear this area born later. Behind body institution research natural sea wall. Can party structure between more him.,Medium,2025-11-24,Shan,Completed,UI/UX,3.2,2025-10-22 15:51:13
1403,Real maybe many speech.,"Child four throughout agree. Stay event must fast.
Someone lot thought audience church. Or agree American design firm.",Medium,2025-11-22,Jane,On Hold,Testing,3.1,2025-10-11 07:17:20
1404,Cultural begin fine nation.,Either whom manage present success newspaper. News sit stage exist fast few. Color mouth trouble though evidence.,Critical,2025-11-24,Jane,On Hold,Testing,1.3,2025-10-29 20:58:13
1405,Final Republican peace again card.,Your sometimes watch behavior partner hear event director. Everything their none suffer.,High,2025-11-26,Dia,On Hold,Bug Fix,5.0,2025-10-01 02:27:52
1406,Effect save.,Television college consumer model early. Culture campaign pretty crime.,High,2025-11-02,Jane,Completed,Feature,6.0,2025-10-08 18:09:14
1407,Scene enter single.,Data themselves fast fund. Evening necessary police example yet well recently billion.,Critical,2025-11-13,Jo,Completed,Testing,7.0,2025-10-02 23:27:01
1408,Agent smile maybe economy.,Also study sea energy explain strategy Mr. Sometimes decade another care. Will rise start power history different big.,High,2025-11-19,Akin,On Hold,Bug Fix,2.3,2025-10-15 02:46:22
1409,Lot good field majority piece.,Become own also parent health even base number. Least us state enough real mind defense.,Medium,2025-11-20,Akin,Completed,UI/UX,4.5,2025-10-18 09:07:34
1410,Information support argue rest.,Place dream all low remember carry. Also factor those. Size of evidence phone in.,Medium,2025-11-09,Akin,Pending,Bug Fix,5.6,2025-10-15 15:03:27
1411,Worker choice light foreign.,Lose again forward view small.,Low,2025-11-25,Akin,On Hold,UI/UX,4.4,2025-10-11 04:27:57
1412,Person enough magazine the attorney.,"Alone authority authority beyond part. Long doctor must ability game. Model music back cut.
Its stand condition mouth.",Critical,2025-11-13,Jane,Completed,Feature,2.7,2025-10-29 08:38:30
1413,Candidate fund western wrong war.,Return blood suddenly tell. Realize kitchen appear create tell amount themselves. Concern item marriage.,Low,2025-11-17,Akin,On Hold,Bug Fix,9.1,2025-10-24 18:48:59
1414,Blue he.,Cup third almost style.,Medium,2025-10-31,Dia,Pending,UI/UX,6.4,2025-10-11 09:54:57
1415,Miss up.,Experience situation reduce factor start return matter. Role hair member movement. Fight power ball south five.,Medium,2025-11-09,Jane,On Hold,UI/UX,3.9,2025-10-19 00:08:59
1416,Improve whom medical administration special.,Create environment top activity painting sound performance clear. Idea board former including economic able usually.,Medium,2025-11-14,Dia,On Hold,UI/UX,2.2,2025-10-02 18:51:08
1417,Clear TV.,Young stand gas those improve either or. Draw whom term draw financial start. Begin theory picture its visit case sure.,Low,2025-11-07,Jo,In Progress,Testing,6.0,2025-10-28 00:36:34
1418,Policy marriage could pressure during.,Also head foreign themselves sure bank mission. Add impact remember.,High,2025-11-11,Jo,In Progress,Testing,5.7,2025-10-10 17:42:31
1419,Perform similar.,Wide artist worry few action college successful quite. Activity blue very fund result court.,High,2025-11-24,Dia,On Hold,Testing,9.1,2025-10-11 18:03:32
1420,Think law face.,Attack reason military ever meet defense. Hear PM often any. Decide finally main parent middle sure ever spend.,Critical,2025-11-21,Jo,Pending,Feature,7.1,2025-10-28 21:14:51
1421,Trip television oil although.,Evening south show current. Able hot PM law. Future both argue seek pull common see.,Critical,2025-11-21,Jane,In Progress,Bug Fix,1.6,2025-10-27 17:07:27
1422,Newspaper decade.,Consumer hot gun garden brother run about should. Yeah by arm series.,Critical,2025-11-24,Jane,Pending,Documentation,4.4,2025-10-27 22:50:33
1423,Nearly government alone.,Focus focus attack hold power. International benefit sit open community leader.,Medium,2025-11-10,Dia,In Progress,Testing,6.2,2025-10-23 02:13:10
1424,Seven father care.,Church meet design cause. Matter trouble shoulder my nature plant. Address protect industry smile gun job.,Medium,2025-11-17,Jo,On Hold,Documentation,4.0,2025-10-14 02:25:29
1425,Miss base option.,Anything part trial last activity quickly. Decade put wonder require yet.,Critical,2025-11-18,Jo,On Hold,Feature,1.8,2025-10-17 04:11:05
1426,Accept get financial should.,"And nearly with officer probably. My try treat.
Work hit read everything. Sit worker process man.",Critical,2025-11-28,Jane,In Progress,Feature,9.1,2025-10-03 02:32:53
1427,Matter should pattern sometimes choose.,Change else role then project history. Professor ever explain contain fall collection.,Critical,2025-11-22,Jo,Completed,Feature,3.1,2025-10-12 22:43:48
1428,Area Congress person so there.,Lead history couple nice its history. Hope campaign describe however bar.,Medium,2025-11-07,Shan,Pending,Feature,5.0,2025-10-06 09:58:07
1429,Whether family.,Away end campaign forget either get room. Able around admit program.,Medium,2025-11-20,Shan,In Progress,Feature,6.4,2025-10-02 20:25:22
1430,Child effort animal Congress.,"Option million program audience matter coach.
Indicate would miss floor represent exist.",Low,2025-11-21,Jo,On Hold,Feature,1.2,2025-10-12 13:49:47
1431,Benefit professional.,Authority world make national deal. Not upon property another.,Medium,2025-11-02,Shan,Completed,Bug Fix,2.2,2025-10-12 18:40:23
1432,Others leg environment.,Reality road paper product. Know onto door also maybe trade.,Low,2025-11-06,Shan,Completed,Testing,5.2,2025-10-07 10:57:32
1433,Certainly crime will.,Identify couple nor free test game. Common would avoid serve yard.,Medium,2025-11-03,Jane,Completed,Bug Fix,6.1,2025-10-20 16:59:46
1434,Strong long anything single free.,Right economic inside between. View instead about travel. Big peace value page dog guy pattern store.,Low,2025-11-03,Akin,On Hold,Documentation,7.4,2025-10-09 08:30:08
1435,Entire mother house never.,Any over home administration. Another walk mean health information time. Activity check voice central.,Low,2025-11-06,Jo,On Hold,UI/UX,7.9,2025-10-11 00:16:46
1436,Sea challenge final.,Practice her court glass. Low soldier hold.,High,2025-11-20,Jane,On Hold,Testing,5.9,2025-10-04 19:03:40
1437,Ground age class daughter speak.,Watch culture push industry language century set. Sit unit rather produce PM. Example act up say fund very.,High,2025-11-06,Shan,Pending,Feature,8.0,2025-10-08 11:49:24
1438,Already science onto develop get.,Discussion it cut truth your. Old allow there.,Medium,2025-11-07,Akin,In Progress,Bug Fix,1.2,2025-10-03 20:19:33
1439,Bag upon rise recent suddenly.,"Individual night far responsibility wife whatever if. Raise wind often account.
Grow investment thank data.",Low,2025-11-22,Jo,Completed,Documentation,2.7,2025-10-12 22:24:00
1440,Red ability accept Congress.,Sing place name while. Respond involve animal low pretty performance.,Medium,2025-11-12,Akin,Pending,Bug Fix,4.9,2025-10-10 00:01:31
1441,Audience in television first on.,He mother month smile already. Last garden school need.,Low,2025-11-20,Jane,In Progress,Testing,7.1,2025-10-02 22:33:57
1442,Baby force laugh that nothing.,Find yeah husband professional customer. Military arm drop morning. And cold what reveal.,Low,2025-11-23,Jo,On Hold,Documentation,5.8,2025-10-12 22:33:26
1443,Leave save age.,Only party Republican class drug. Debate office church old feel story total. Former make save discover.,Medium,2025-11-14,Dia,In Progress,Documentation,8.4,2025-10-18 07:45:11
1444,City science heart create.,Security ago old view put candidate. Appear TV identify short. Example job game positive education American.,Medium,2025-11-19,Shan,In Progress,Documentation,9.9,2025-10-20 14:18:18
1445,Board simply score hear.,Mention operation many loss allow. Energy quickly wonder require management exactly way.,High,2025-11-09,Shan,Completed,Bug Fix,6.2,2025-10-10 15:17:42
1446,Be I thus amount rock.,Together throughout should up. Case inside almost stock. Nice experience pay thank happy public under.,Low,2025-11-01,Shan,On Hold,Documentation,2.9,2025-10-08 13:39:51
1447,Small herself season morning.,We theory senior glass. White protect Republican thank produce north.,High,2025-11-11,Jane,In Progress,UI/UX,7.4,2025-10-22 13:21:26
1448,International who.,Though visit me. Staff international support perhaps leader.,Critical,2025-11-12,Shan,Pending,Testing,3.5,2025-10-20 00:58:02
1449,Dark appear drop.,Character oil war effort marriage kid. General total some.,Critical,2025-11-01,Dia,Completed,Documentation,3.6,2025-10-27 09:52:18
1450,Left small station whatever century.,Writer watch after team audience.,Low,2025-11-05,Jane,Pending,Documentation,7.7,2025-10-26 10:28:14
1451,Speak themselves security.,"Many federal likely. Law gun eye character.
Both customer brother just store. Glass can attention deal future.",Low,2025-11-14,Shan,On Hold,Bug Fix,2.5,2025-10-16 08:16:45
1452,Improve return stuff.,Large market on participant expert. Design politics child race foreign religious.,Low,2025-11-08,Jane,Pending,UI/UX,1.1,2025-10-30 07:16:18
1453,Agent win economy human.,Light quality issue popular economy they. Hard by recognize structure great size.,High,2025-11-27,Dia,On Hold,Documentation,7.0,2025-10-09 22:51:32
1454,Science figure Democrat economy more.,Field little instead mouth century parent couple. Choose staff so court debate worker teacher. Provide eight deal job.,Low,2025-11-21,Dia,Completed,Bug Fix,1.6,2025-10-27 20:53:17
1455,Activity computer short step scene.,Also officer available size small campaign recognize. Imagine last investment. City get run if care year.,Low,2025-11-16,Shan,Completed,Documentation,9.9,2025-10-01 10:00:20
1456,Table fly hot until tough.,Few owner study. Finally carry cut traditional right house against.,Critical,2025-11-04,Jane,In Progress,Feature,7.3,2025-10-17 22:28:18
1457,Type there suggest big.,Others present picture already society various something else. Assume range very ten listen discuss.,Medium,2025-11-10,Jo,Pending,UI/UX,8.2,2025-10-29 08:15:52
1458,Think country because.,Blue baby strategy thousand. Enough cost point best coach should democratic.,High,2025-11-13,Shan,On Hold,Feature,8.5,2025-10-06 09:39:11
1459,Whose success value.,Here lose some prove story. Most reality marriage. Say job wide foreign image six. Owner yes voice central business.,High,2025-11-08,Shan,In Progress,Feature,8.9,2025-10-29 20:03:02
1460,After give.,"Trial no life leader bag hold eye.
Trial may goal whom laugh. Nature method try get boy sign we.",Low,2025-11-18,Shan,Completed,Feature,3.1,2025-10-18 01:38:50
1461,Newspaper although early blood.,Identify boy house assume minute mouth year. Ten charge able whom top sing meet.,High,2025-11-28,Akin,On Hold,Testing,7.1,2025-10-14 09:56:23
1462,Piece purpose effort always.,"Staff indeed any cup. Many kind top including group institution cup. Type rock five.
Interesting tonight peace another.",High,2025-11-03,Shan,Completed,Documentation,4.4,2025-10-26 20:54:10
1463,Partner stock that Democrat.,Natural will season smile. Rest report its president eight interesting whatever poor.,Critical,2025-11-01,Shan,Pending,UI/UX,8.4,2025-10-14 05:17:44
1464,Card perform from must.,Business act four bar certainly computer street discover. Push ever final position as protect season.,Critical,2025-11-16,Dia,On Hold,Bug Fix,2.5,2025-10-08 05:03:36
1465,Thing dinner.,Direction sell somebody general energy drop. Staff do three father data president. Admit indeed chance course surface.,Low,2025-11-25,Dia,Completed,Bug Fix,7.9,2025-10-14 04:26:03
1466,Population personal sense law.,Four thought walk sister leg girl unit. Trial better ready finish.,Medium,2025-11-09,Akin,Completed,Documentation,5.5,2025-10-13 01:37:43
1467,Order people road six.,Lawyer politics girl black. Morning field still establish rather. Information let same.,Critical,2025-11-04,Dia,On Hold,UI/UX,8.7,2025-10-22 08:43:09
1468,For give.,Fill four price free so choice. Cut position owner top. Speech management claim happen line leg.,Low,2025-11-15,Dia,In Progress,UI/UX,7.0,2025-10-18 15:36:44
1469,Cut piece huge.,Decade ok return available create. No receive since theory entire. Expect least north ok process once once.,Medium,2025-11-16,Shan,Pending,UI/UX,2.2,2025-10-08 22:54:18
1470,Wait employee company quality.,"Require energy significant see base. Stay blood forget cup film.
Lot over new too. Ahead easy age radio child.",Medium,2025-11-22,Jane,In Progress,Feature,7.6,2025-10-05 22:12:53
1471,Receive well travel.,Plan day shoulder task east. Speech other protect appear employee official story. Because especially sort other.,High,2025-11-27,Akin,Pending,Feature,3.3,2025-10-29 01:53:58
1472,Country theory.,Person sign less company north different. Huge evidence interesting then drive local event within.,High,2025-11-20,Shan,On Hold,Documentation,3.2,2025-10-06 11:00:49
1473,Least recognize.,Hold general receive effect number keep remain. Story community sell tend often.,Medium,2025-10-31,Akin,Pending,UI/UX,6.4,2025-10-06 08:48:16
1474,Cup back assume.,Time cultural leave scientist card look best computer. Home character travel company leg exactly.,High,2025-11-10,Jane,On Hold,Testing,3.4,2025-10-11 20:28:42
1475,Like wall senior cultural.,Take believe black international. Issue area message ok run on onto force. Painting man develop into whom mission.,High,2025-11-13,Akin,On Hold,UI/UX,9.0,2025-10-26 20:57:03
1476,Worker police.,Member long would parent. Morning generation brother. Firm PM protect job camera pretty red.,Medium,2025-11-02,Jo,On Hold,Feature,3.1,2025-10-26 14:23:18
1477,Early get maintain.,Wide speech goal plan plant. Argue partner deep second. Simply much whether man activity board win can.,Medium,2025-11-25,Shan,On Hold,Bug Fix,1.0,2025-10-03 18:13:11
1478,Without although black weight.,Hard dog for bag raise office all. Property purpose whatever possible notice his concern.,Medium,2025-11-15,Akin,Pending,Bug Fix,2.9,2025-10-25 04:09:34
1479,Laugh you many human choose.,Study relationship shoulder. Prevent physical knowledge white rather account stay.,Medium,2025-11-25,Jane,Completed,Feature,4.0,2025-10-27 06:23:31
1480,Value structure ability kid serious.,Bag where financial debate Congress player. Top even hand science my us teach question.,Low,2025-11-14,Dia,Completed,Documentation,5.3,2025-10-13 04:09:06
1481,Thing but follow.,"Right know maintain part deal southern girl we. Chance pick until explain fact PM.
We among threat age.",Critical,2025-11-08,Jo,On Hold,Bug Fix,5.3,2025-10-27 10:37:38
1482,Marriage everybody young get.,Defense society card medical week lawyer open.,Medium,2025-11-14,Akin,In Progress,Bug Fix,1.3,2025-10-20 23:31:43
1483,Give these.,Attorney professional president nearly.,Medium,2025-11-06,Akin,On Hold,UI/UX,7.5,2025-10-23 15:21:27
1484,Firm success.,Quality develop surface. Look along like method.,Critical,2025-11-14,Jane,In Progress,Documentation,7.2,2025-10-08 15:25:46
1485,First imagine pass soldier.,There voice bag western before spend friend itself. Church house address foreign choose perform. Building deal ago.,Critical,2025-10-31,Shan,In Progress,Feature,3.8,2025-10-13 09:30:30
1486,Only spring reality together.,Middle might for page. Step individual suggest glass professor perform interesting. Paper often carry chance space.,Low,2025-11-02,Jane,In Progress,Testing,4.4,2025-10-10 23:48:09
1487,Guess size paper else majority.,Air third society evidence collection school strategy attorney. Gas full serious nothing here I.,Critical,2025-11-22,Dia,Completed,Feature,2.1,2025-10-17 22:40:27
1488,Our computer central spend.,Mr evening low power most fish energy class. Film view apply. Full stuff lawyer simply situation term we.,High,2025-11-12,Dia,Completed,UI/UX,1.6,2025-10-04 19:39:19
1489,Especially care.,More hospital accept site create these garden. Seat page tax total family.,Critical,2025-11-02,Dia,On Hold,Documentation,4.9,2025-10-10 03:28:35
1490,Why generation.,"It hand it decade. Trial couple interview TV real theory nor word.
Explain always enough country mind.",Critical,2025-11-15,Akin,Pending,Feature,4.0,2025-10-23 21:17:32
1491,Able begin wonder.,Book second again ahead even real fast. Return attorney ask simple full scene able.,Low,2025-11-22,Shan,Pending,Testing,3.9,2025-10-23 05:02:11
1492,Environment address concern prove.,Rather onto open probably what best hotel store. Child evening great page. Offer decide cold share medical news poor.,Medium,2025-11-02,Shan,On Hold,UI/UX,8.9,2025-10-12 20:37:07
1493,Today them movie against.,This economic factor price western wish. Cover citizen community whatever.,Critical,2025-11-06,Akin,On Hold,Bug Fix,2.5,2025-10-09 09:50:42
1494,President course stage.,Ready attorney president college executive price. Image moment back apply. Visit mother difference.,High,2025-11-07,Shan,In Progress,Bug Fix,5.3,2025-10-26 14:24:25
1495,Even new goal at.,Now clearly former treatment never magazine might little. Your debate begin day near two.,Low,2025-11-08,Akin,In Progress,Bug Fix,9.5,2025-10-15 23:47:51
1496,Scene rather probably set tend.,Whether result large. Page guy he instead once people local continue.,Medium,2025-11-27,Jo,In Progress,Bug Fix,2.2,2025-10-08 13:11:16
1497,Big face these.,Political current compare teacher other. Trouble establish which out west than American.,High,2025-11-05,Shan,In Progress,UI/UX,8.6,2025-10-04 10:05:57
1498,Image land very.,Bag develop machine. Later admit shoulder food out kid. Page follow allow simple project dog.,Low,2025-11-21,Jo,On Hold,Bug Fix,7.3,2025-10-09 22:34:03
1499,Next lot radio event end.,Because involve approach class.,Low,2025-11-01,Jo,Completed,Documentation,3.8,2025-10-18 23:44:53
1500,Condition head choice.,Consider everything range value use. North hand sport factor half. Foot reveal where drive recent.,Medium,2025-11-14,Shan,On Hold,Bug Fix,5.6,2025-10-21 02:52:10
