task_id,title,description,created_at,due_date,estimated_hours,actual_hours,assigned_user,status,task_type,priority,priority_score,tags,user_workload_hours,days_until_due,is_overdue
TASK-1001,Update doc update documentation for payment/login flow,"This task involves implementing a new feature related to payment. Expected steps: design, implementation.",2025-09-15 16:37:36,2025-10-07 16:37:36,29.9,34.4,user_19,in_progress,bug,high,29.45,security,36.1,22,1
TASK-1002,Refactor optimization in API/ETL,"This task involves implementing performance improvement related to API. Expected steps: investigation, fix, release.",2025-09-17 21:09:26,2025-09-18 21:09:26,30.6,29.3,user_14,open,feature,high,39.7,"backend,ci",22.8,1,1
TASK-1003,Write doc update for notifications/reporting,"This task involves fixing performance improvement related to notifications. Expected steps: analysis, design, implementation, testing.",2025-09-22 19:00:38,2025-10-05 19:00:38,4.1,4.9,user_21,in_progress,documentation,high,27.71,"backend,frontend,docs",46.4,13,1
TASK-1004,Fix optimization in API/checkout module,"This task involves writing performance improvement related to API. Expected steps: investigation, fix, release.",2025-08-29 11:28:42,2025-09-10 11:28:42,9.2,13.4,user_30,in_progress,bug,high,41.89,security,43.7,12,1
TASK-1005,Implement doc update for profile/search ranking feature,"This task involves updating an API change related to profile. Expected steps: design, implementation.",2025-09-14 03:17:22,2025-10-11 03:17:22,31.0,28.8,user_27,open,documentation,high,29.71,docs,54.8,27,1
TASK-1006,Refactor optimization in notifications/endpoint,"This task involves researching performance improvement related to notifications. Expected steps: design, implementation.",2025-09-01 13:04:52,2025-09-09 13:04:52,30.1,28.0,user_24,in_progress,research,high,45.52,bugfix,30.6,8,1
TASK-1007,Fix feature in auth/checkout module,"This task involves updating a new feature related to auth. Expected steps: write tests, refactor, deploy.",2025-09-11 11:46:54,2025-09-24 11:46:54,15.9,23.4,,in_progress,research,high,37.48,backend,40.9,13,1
TASK-1008,Refactor bug in database/email flow,"This task involves writing performance improvement related to database. Expected steps: design, implementation.",2025-09-07 05:02:54,2025-10-01 05:02:54,35.2,43.3,user_17,blocked,research,high,38.1,"research,security,docs",9.2,24,1
TASK-1009,Implement bug for analytics/ETL feature,"This task involves refactoring documentation related to analytics. Expected steps: write tests, refactor, deploy.",2025-08-25 04:23:26,2025-09-24 04:23:26,15.2,13.1,,blocked,feature,high,33.33,"backend,ci,perf",49.0,30,1
TASK-1010,Refactor optimization in UI/dashboard,"This task involves refactoring a new feature related to UI. Expected steps: investigation, fix, release.",2025-09-09 10:17:33,2025-09-29 10:17:33,17.5,20.3,user_18,blocked,feature,high,34.56,"api,perf",54.0,20,1
TASK-1011,Research feature for payment/endpoint improvement,"This task involves fixing documentation related to payment. Expected steps: analysis, design, implementation, testing.",2025-09-11 05:56:58,2025-09-19 05:56:58,23.9,20.6,user_23,in_progress,feature,high,37.62,api,4.3,8,1
TASK-1012,Implement feature for database/user profile feature,"This task involves refactoring a new feature related to database. Expected steps: write tests, refactor, deploy.",2025-08-31 21:19:31,2025-09-16 21:19:31,32.5,28.0,user_4,in_progress,documentation,high,42.12,"frontend,backend",3.6,16,1
TASK-1013,Update feature documentation for notifications/checkout,"This task involves implementing a new feature related to notifications. Expected steps: write tests, refactor, deploy.",2025-08-28 19:17:55,2025-09-03 19:17:55,11.9,12.8,user_30,open,research,high,42.87,"security,frontend,backend",55.6,6,1
TASK-1014,Implement optimization for UI/search ranking feature,"This task involves researching a new feature related to UI. Expected steps: write tests, refactor, deploy.",2025-09-20 16:07:34,2025-09-26 16:07:34,15.8,6.7,,open,maintenance,high,33.09,"security,perf,bugfix",11.4,6,1
TASK-1015,Implement refactor for auth/reporting feature,"This task involves fixing documentation related to auth. Expected steps: analysis, design, implementation, testing.",2025-08-26 02:28:11,2025-09-11 02:28:11,20.6,9.9,,open,research,high,41.02,backend,35.7,16,1
TASK-1016,Update bug documentation for API/search ranking,"This task involves refactoring a new feature related to API. Expected steps: analysis, design, implementation, testing.",2025-09-12 04:19:19,2025-09-26 04:19:19,26.6,22.1,user_11,done,feature,high,37.67,"docs,research",23.7,14,1
TASK-1017,Update doc update documentation for database/user profile,"This task involves fixing a bug related to database. Expected steps: write tests, refactor, deploy.",2025-09-12 05:36:07,2025-10-01 05:36:07,39.8,27.7,user_7,in_progress,feature,high,39.13,docs,22.2,19,1
TASK-1018,Implement doc update for profile/ETL feature,"This task involves refactoring an API change related to profile. Expected steps: analysis, design, implementation, testing.",2025-09-13 15:13:44,2025-10-01 15:13:44,12.7,13.9,user_29,open,bug,high,32.99,"security,bugfix,research",16.9,18,1
TASK-1019,Implement doc update for notifications/endpoint feature,"This task involves refactoring performance improvement related to notifications. Expected steps: investigation, fix, release.",2025-09-20 18:12:34,2025-10-18 18:12:34,3.0,2.2,user_27,open,bug,high,19.77,research,9.7,28,1
TASK-1020,Research refactor for analytics/search ranking improvement,"This task involves fixing a bug related to analytics. Expected steps: analysis, design, implementation, testing.",2025-09-21 22:48:14,2025-10-14 22:48:14,36.3,20.9,user_27,open,research,high,27.5,frontend,18.5,23,1
TASK-1021,Fix feature in notifications/endpoint module,"This task involves updating a bug related to notifications. Expected steps: investigation, fix, release.",2025-09-17 00:03:04,2025-10-16 00:03:04,35.1,50.5,,in_progress,feature,high,30.34,db,1.5,29,1
TASK-1022,Update feature documentation for notifications/search ranking,"This task involves writing a new feature related to notifications. Expected steps: analysis, design, implementation, testing.",2025-09-05 01:47:50,2025-09-07 01:47:50,34.5,32.2,user_27,done,documentation,high,46.93,docs,1.4,2,1
TASK-1023,Implement doc update for search/email flow feature,"This task involves fixing documentation related to search. Expected steps: investigation, fix, release.",2025-09-12 20:14:03,2025-09-25 20:14:03,27.5,28.1,user_11,done,bug,high,38.89,"bugfix,research",2.3,13,1
TASK-1024,Refactor doc update in search/email flow,"This task involves researching an API change related to search. Expected steps: analysis, design, implementation, testing.",2025-09-05 03:42:29,2025-09-24 03:42:29,8.4,4.8,user_14,open,research,high,35.11,"docs,api,db",4.2,19,1
TASK-1025,Update doc update documentation for notifications/reporting,"This task involves updating a bug related to notifications. Expected steps: investigation, fix, release.",2025-09-08 19:29:44,2025-09-30 19:29:44,16.9,14.1,user_10,in_progress,feature,high,31.98,"bugfix,research",24.4,22,1
TASK-1026,Fix feature in database/schema module,"This task involves researching an API change related to database. Expected steps: investigation, fix, release.",2025-09-07 13:09:32,2025-09-22 13:09:32,27.3,28.2,user_26,done,feature,high,39.75,"security,api",5.6,15,1
TASK-1027,Implement feature for database/endpoint feature,"This task involves implementing a bug related to database. Expected steps: analysis, design, implementation, testing.",2025-08-31 22:39:14,2025-09-16 22:39:14,24.8,16.2,user_15,in_progress,research,high,39.43,"db,perf,ci",14.6,16,1
TASK-1028,Update optimization documentation for auth/checkout,"This task involves implementing a new feature related to auth. Expected steps: write tests, refactor, deploy.",2025-08-26 02:31:28,2025-09-03 02:31:28,36.8,40.9,user_5,blocked,research,high,52.8,"api,perf,db",49.8,8,1
TASK-1029,Refactor optimization in profile/dashboard,"This task involves researching documentation related to profile. Expected steps: design, implementation.",2025-09-18 19:04:07,2025-09-27 19:04:07,30.9,25.3,user_21,open,maintenance,high,34.57,"docs,research",20.2,9,1
TASK-1030,Refactor feature in payment/dashboard,"This task involves implementing performance improvement related to payment. Expected steps: design, implementation.",2025-09-14 18:59:21,2025-09-17 18:59:21,17.2,15.7,user_15,in_progress,feature,high,40.6,"ci,frontend",51.4,3,1
TASK-1031,Refactor bug in search/user profile,"This task involves writing documentation related to search. Expected steps: write tests, refactor, deploy.",2025-09-19 04:50:59,2025-10-16 04:50:59,17.3,14.2,user_18,blocked,feature,high,24.9,"db,perf",1.7,27,1
TASK-1032,Write optimization for search/dashboard,"This task involves implementing an API change related to search. Expected steps: analysis, design, implementation, testing.",2025-09-20 19:21:22,2025-10-09 19:21:22,23.0,35.8,user_21,in_progress,maintenance,high,27.51,"db,api",12.7,19,1
TASK-1033,Write doc update for notifications/search ranking,"This task involves researching documentation related to notifications. Expected steps: analysis, design, implementation, testing.",2025-09-07 16:59:18,2025-10-01 16:59:18,22.0,21.9,,open,bug,high,34.31,"frontend,ci,docs",12.0,24,1
TASK-1034,Fix feature in reports/dashboard module,"This task involves implementing performance improvement related to reports. Expected steps: analysis, design, implementation, testing.",2025-09-10 12:25:31,2025-09-17 12:25:31,19.1,13.0,user_12,open,research,high,42.14,"backend,bugfix,research",6.5,7,1
TASK-1035,Fix optimization in database/reporting module,"This task involves researching a new feature related to database. Expected steps: analysis, design, implementation, testing.",2025-09-11 08:40:40,2025-10-08 08:40:40,25.5,31.8,user_25,open,research,high,32.13,"frontend,api,db",39.7,27,1
TASK-1036,Fix bug in analytics/email flow module,"This task involves researching performance improvement related to analytics. Expected steps: analysis, design, implementation, testing.",2025-09-06 14:30:15,2025-09-18 14:30:15,25.8,16.4,user_23,open,feature,high,41.33,"research,security,perf",27.9,12,1
TASK-1037,Update doc update documentation for reports/schema,"This task involves implementing a bug related to reports. Expected steps: investigation, fix, release.",2025-09-20 01:08:30,2025-09-28 01:08:30,30.3,32.2,user_22,open,bug,high,36.53,"bugfix,perf",12.7,8,1
TASK-1038,Write refactor for notifications/schema,"This task involves updating documentation related to notifications. Expected steps: analysis, design, implementation, testing.",2025-09-09 02:20:20,2025-09-16 02:20:20,4.3,1.8,user_16,in_progress,feature,high,38.31,"perf,ci,frontend",5.6,7,1
TASK-1039,Implement doc update for search/endpoint feature,"This task involves updating an API change related to search. Expected steps: investigation, fix, release.",2025-09-07 19:06:53,2025-09-24 19:06:53,14.4,8.7,,in_progress,documentation,high,35.89,"research,ci",13.8,17,1
TASK-1040,Update bug documentation for API/email flow,"This task involves updating an API change related to API. Expected steps: design, implementation.",2025-08-30 08:16:36,2025-09-23 08:16:36,19.9,21.1,user_25,in_progress,documentation,high,39.38,research,13.6,24,1
TASK-1041,Implement refactor for database/login flow feature,"This task involves implementing documentation related to database. Expected steps: analysis, design, implementation, testing.",2025-09-22 19:51:35,2025-10-10 19:51:35,12.4,15.1,,in_progress,maintenance,high,24.49,ci,17.1,18,1
TASK-1042,Research feature for profile/email flow improvement,"This task involves fixing documentation related to profile. Expected steps: write tests, refactor, deploy.",2025-08-28 00:30:36,2025-08-31 00:30:36,16.6,17.5,user_21,in_progress,feature,high,46.07,"research,backend,docs",7.1,3,1
TASK-1043,Research refactor for reports/reporting improvement,"This task involves implementing an API change related to reports. Expected steps: write tests, refactor, deploy.",2025-09-07 02:44:16,2025-09-22 02:44:16,12.6,12.2,user_14,open,research,high,33.82,"backend,docs,security",15.9,15,1
TASK-1044,Fix feature in UI/endpoint module,"This task involves refactoring a bug related to UI. Expected steps: design, implementation.",2025-08-24 16:17:38,2025-09-08 16:17:38,27.9,25.4,user_2,open,documentation,high,46.59,"backend,docs",55.4,15,1
TASK-1045,Update optimization documentation for reports/endpoint,"This task involves fixing an API change related to reports. Expected steps: design, implementation.",2025-09-13 00:39:51,2025-10-13 00:39:51,11.4,6.3,user_2,open,documentation,high,25.76,"research,perf,backend",28.1,30,1
TASK-1046,Write refactor for search/schema,"This task involves refactoring performance improvement related to search. Expected steps: write tests, refactor, deploy.",2025-08-27 00:17:08,2025-08-29 00:17:08,35.7,28.0,user_20,open,bug,high,51.28,"ci,frontend,research",34.6,2,1
TASK-1047,Implement optimization for profile/ETL feature,"This task involves writing a new feature related to profile. Expected steps: write tests, refactor, deploy.",2025-09-12 15:24:44,2025-09-28 15:24:44,38.8,33.4,user_14,open,bug,high,39.55,"db,perf",17.3,16,1
TASK-1048,Research optimization for analytics/login flow improvement,"This task involves fixing documentation related to analytics. Expected steps: investigation, fix, release.",2025-09-03 07:07:28,2025-09-28 07:07:28,16.8,22.1,user_1,in_progress,research,high,33.67,docs,31.1,25,1
TASK-1049,Refactor bug in profile/user profile,"This task involves implementing documentation related to profile. Expected steps: design, implementation.",2025-09-21 10:17:30,2025-10-06 10:17:30,35.4,39.0,user_1,done,research,high,35.08,"bugfix,research,frontend",33.1,15,1
TASK-1050,Fix optimization in API/checkout module,"This task involves fixing a new feature related to API. Expected steps: write tests, refactor, deploy.",2025-09-21 13:52:39,2025-10-01 13:52:39,20.8,9.8,user_27,in_progress,maintenance,high,31.88,"bugfix,db,docs",55.3,10,1
TASK-1051,Refactor doc update in UI/checkout,"This task involves researching documentation related to UI. Expected steps: investigation, fix, release.",2025-09-18 05:09:46,2025-09-28 05:09:46,29.3,32.1,user_19,done,maintenance,high,38.19,"security,perf",20.7,10,1
TASK-1052,Refactor optimization in analytics/search ranking,"This task involves writing a new feature related to analytics. Expected steps: design, implementation.",2025-09-10 18:03:42,2025-09-18 18:03:42,34.4,30.4,user_11,in_progress,maintenance,high,41.31,"bugfix,perf,frontend",7.6,8,1
TASK-1053,Refactor optimization in notifications/checkout,"This task involves fixing an API change related to notifications. Expected steps: write tests, refactor, deploy.",2025-08-25 01:25:03,2025-08-30 01:25:03,17.0,13.5,user_5,open,documentation,high,47.59,"db,backend,api",51.1,5,1
TASK-1054,Refactor optimization in search/email flow,"This task involves refactoring a bug related to search. Expected steps: analysis, design, implementation, testing.",2025-08-31 15:24:07,2025-09-22 15:24:07,36.9,43.7,,in_progress,maintenance,high,42.77,"backend,perf,bugfix",41.6,22,1
TASK-1055,Fix bug in auth/email flow module,"This task involves writing documentation related to auth. Expected steps: investigation, fix, release.",2025-09-06 12:27:42,2025-09-14 12:27:42,21.7,28.4,user_26,open,feature,high,39.73,"ci,docs",29.9,8,1
TASK-1056,Refactor optimization in UI/endpoint,"This task involves updating documentation related to UI. Expected steps: write tests, refactor, deploy.",2025-09-01 06:12:09,2025-09-02 06:12:09,36.1,46.2,user_10,in_progress,feature,high,48.59,"ci,research",38.3,1,1
TASK-1057,Research doc update for database/user profile improvement,"This task involves implementing performance improvement related to database. Expected steps: write tests, refactor, deploy.",2025-08-27 19:09:28,2025-09-09 19:09:28,23.3,17.4,user_23,open,maintenance,high,43.03,"frontend,perf,research",46.5,13,1
TASK-1058,Implement feature for reports/email flow feature,"This task involves updating a new feature related to reports. Expected steps: investigation, fix, release.",2025-09-13 22:21:28,2025-10-07 22:21:28,30.9,28.0,user_5,in_progress,bug,high,30.72,"frontend,api",43.9,24,1
TASK-1059,Fix optimization in database/email flow module,"This task involves implementing a new feature related to database. Expected steps: design, implementation.",2025-09-17 04:39:23,2025-10-16 04:39:23,38.9,42.8,user_30,open,feature,high,28.06,"research,api",48.3,29,1
TASK-1060,Research feature for payment/dashboard improvement,"This task involves updating performance improvement related to payment. Expected steps: investigation, fix, release.",2025-08-27 07:23:07,2025-09-09 07:23:07,1.5,1.9,user_15,open,documentation,high,40.72,"api,backend,docs",28.3,13,1
TASK-1061,Refactor refactor in analytics/email flow,"This task involves implementing a bug related to analytics. Expected steps: write tests, refactor, deploy.",2025-09-20 21:07:35,2025-09-30 21:07:35,26.3,22.5,user_2,done,documentation,high,36.74,backend,14.1,10,1
TASK-1062,Refactor optimization in UI/search ranking,"This task involves writing an API change related to UI. Expected steps: write tests, refactor, deploy.",2025-09-11 05:15:08,2025-10-05 05:15:08,7.0,6.6,user_4,blocked,research,high,27.94,"frontend,api",13.0,24,1
TASK-1063,Research bug for API/email flow improvement,"This task involves updating documentation related to API. Expected steps: investigation, fix, release.",2025-08-26 09:57:48,2025-09-04 09:57:48,8.4,5.6,user_28,blocked,bug,high,44.99,"ci,frontend,security",47.2,9,1
TASK-1064,Implement feature for UI/reporting feature,"This task involves fixing an API change related to UI. Expected steps: design, implementation.",2025-09-11 04:33:47,2025-10-08 04:33:47,34.9,22.4,user_5,blocked,research,high,29.99,bugfix,32.4,27,1
TASK-1065,Implement feature for payment/login flow feature,"This task involves fixing documentation related to payment. Expected steps: design, implementation.",2025-09-11 06:20:29,2025-09-12 06:20:29,7.8,9.7,user_24,in_progress,bug,high,41.29,"perf,api",30.8,1,1
TASK-1066,Fix feature in profile/ETL module,"This task involves refactoring a bug related to profile. Expected steps: investigation, fix, release.",2025-09-07 08:09:28,2025-09-08 08:09:28,3.4,4.8,user_13,in_progress,bug,high,41.13,"backend,ci",19.3,1,1
TASK-1067,Implement doc update for payment/dashboard feature,"This task involves refactoring an API change related to payment. Expected steps: investigation, fix, release.",2025-09-05 00:37:06,2025-09-25 00:37:06,21.7,21.2,user_20,in_progress,bug,high,38.1,"security,docs,db",27.1,20,1
TASK-1068,Implement optimization for search/email flow feature,"This task involves researching performance improvement related to search. Expected steps: analysis, design, implementation, testing.",2025-09-02 23:24:08,2025-09-13 23:24:08,26.9,35.0,user_5,in_progress,maintenance,high,40.72,backend,25.9,11,1
TASK-1069,Update refactor documentation for notifications/dashboard,"This task involves fixing an API change related to notifications. Expected steps: investigation, fix, release.",2025-09-13 16:46:37,2025-09-27 16:46:37,14.8,16.4,user_25,in_progress,bug,high,35.8,"research,api,backend",34.7,14,1
TASK-1070,Implement feature for UI/user profile feature,"This task involves fixing documentation related to UI. Expected steps: investigation, fix, release.",2025-08-28 01:05:05,2025-09-06 01:05:05,23.4,18.9,user_28,in_progress,research,high,46.75,"security,frontend,research",1.7,9,1
TASK-1071,Write doc update for database/email flow,"This task involves fixing a new feature related to database. Expected steps: design, implementation.",2025-09-10 14:07:07,2025-09-23 14:07:07,3.7,4.1,user_1,open,research,high,32.32,"perf,api",9.4,13,1
TASK-1072,Write refactor for notifications/reporting,"This task involves fixing a bug related to notifications. Expected steps: design, implementation.",2025-08-29 07:42:09,2025-09-18 07:42:09,2.9,4.2,user_15,in_progress,maintenance,high,36.62,"research,docs",45.3,20,1
TASK-1073,Fix bug in notifications/search ranking module,"This task involves writing an API change related to notifications. Expected steps: write tests, refactor, deploy.",2025-09-09 09:45:35,2025-09-19 09:45:35,2.8,2.8,user_20,open,feature,high,34.57,bugfix,45.8,10,1
TASK-1074,Write bug for notifications/checkout,"This task involves researching performance improvement related to notifications. Expected steps: design, implementation.",2025-08-28 11:22:52,2025-09-15 11:22:52,28.4,41.7,user_27,in_progress,documentation,high,40.54,"frontend,db,ci",27.6,18,1
TASK-1075,Fix optimization in notifications/reporting module,"This task involves refactoring performance improvement related to notifications. Expected steps: write tests, refactor, deploy.",2025-09-02 06:49:06,2025-09-15 06:49:06,1.8,0.4,user_26,done,maintenance,high,39.02,"backend,db",50.7,13,1
TASK-1076,Implement optimization for search/reporting feature,"This task involves refactoring a bug related to search. Expected steps: write tests, refactor, deploy.",2025-09-19 17:08:42,2025-10-13 17:08:42,14.2,17.7,user_6,open,bug,high,25.49,api,21.1,24,1
TASK-1077,Update bug documentation for UI/endpoint,"This task involves implementing documentation related to UI. Expected steps: design, implementation.",2025-08-29 19:17:12,2025-09-03 19:17:12,30.6,31.4,user_6,done,maintenance,high,48.44,"ci,perf,api",51.9,5,1
TASK-1078,Update optimization documentation for notifications/dashboard,"This task involves fixing performance improvement related to notifications. Expected steps: write tests, refactor, deploy.",2025-09-12 12:57:52,2025-10-08 12:57:52,11.7,10.7,user_17,open,maintenance,high,27.6,api,49.9,26,1
TASK-1079,Fix refactor in payment/reporting module,"This task involves refactoring performance improvement related to payment. Expected steps: write tests, refactor, deploy.",2025-09-11 00:12:16,2025-10-07 00:12:16,29.8,30.6,user_30,blocked,feature,high,31.07,"security,bugfix",57.5,26,1
TASK-1080,Research bug for payment/email flow improvement,"This task involves refactoring a new feature related to payment. Expected steps: analysis, design, implementation, testing.",2025-09-01 00:44:34,2025-09-16 00:44:34,39.6,16.0,user_20,open,documentation,high,46.51,"db,api",40.7,15,1
TASK-1081,Fix doc update in notifications/checkout module,"This task involves fixing an API change related to notifications. Expected steps: write tests, refactor, deploy.",2025-09-02 02:57:11,2025-09-26 02:57:11,34.2,31.9,,in_progress,feature,high,37.51,"bugfix,api,research",58.1,24,1
TASK-1082,Update refactor documentation for search/dashboard,"This task involves updating a bug related to search. Expected steps: investigation, fix, release.",2025-09-10 08:47:28,2025-10-01 08:47:28,31.9,35.3,user_22,in_progress,research,high,33.35,"db,security,api",1.1,21,1
TASK-1083,Write doc update for UI/endpoint,"This task involves researching a new feature related to UI. Expected steps: design, implementation.",2025-09-23 14:21:02,2025-09-28 14:21:02,4.0,5.8,user_4,in_progress,research,high,32.98,"frontend,api,bugfix",35.8,5,1
TASK-1084,Implement refactor for UI/dashboard feature,"This task involves implementing performance improvement related to UI. Expected steps: analysis, design, implementation, testing.",2025-09-05 22:11:08,2025-09-27 22:11:08,29.1,24.6,,in_progress,maintenance,high,34.99,research,57.9,22,1
TASK-1085,Research refactor for API/email flow improvement,"This task involves researching performance improvement related to API. Expected steps: investigation, fix, release.",2025-09-16 22:37:00,2025-10-03 22:37:00,21.6,16.4,,blocked,research,high,30.01,"frontend,perf",52.4,17,1
TASK-1086,Refactor bug in payment/ETL,"This task involves writing a bug related to payment. Expected steps: design, implementation.",2025-09-01 18:46:37,2025-09-30 18:46:37,21.0,17.8,user_3,done,feature,high,34.78,"frontend,db",3.2,29,1
TASK-1087,Refactor optimization in notifications/endpoint,"This task involves fixing documentation related to notifications. Expected steps: design, implementation.",2025-08-25 10:39:44,2025-09-24 10:39:44,4.9,6.2,user_11,blocked,feature,high,31.17,"bugfix,perf",26.9,30,1
TASK-1088,Fix doc update in payment/login flow module,"This task involves implementing a new feature related to payment. Expected steps: write tests, refactor, deploy.",2025-08-27 22:25:19,2025-09-06 22:25:19,10.3,11.3,user_8,in_progress,research,high,42.85,perf,35.8,10,1
TASK-1089,Fix feature in analytics/reporting module,"This task involves updating a new feature related to analytics. Expected steps: investigation, fix, release.",2025-09-06 11:25:09,2025-09-26 11:25:09,14.8,12.4,user_6,in_progress,bug,high,34.58,"backend,security",32.6,20,1
TASK-1090,Refactor optimization in analytics/login flow,"This task involves researching a bug related to analytics. Expected steps: write tests, refactor, deploy.",2025-09-23 00:42:56,2025-10-02 00:42:56,30.1,34.7,user_3,open,bug,high,35.88,"api,bugfix,frontend",21.1,9,1
TASK-1091,Write optimization for UI/user profile,"This task involves updating a new feature related to UI. Expected steps: design, implementation.",2025-08-26 11:47:59,2025-09-20 11:47:59,37.8,38.9,user_7,open,feature,high,43.99,"research,security",23.9,25,1
TASK-1092,Refactor bug in profile/schema,"This task involves updating a new feature related to profile. Expected steps: investigation, fix, release.",2025-09-04 07:23:19,2025-09-29 07:23:19,2.9,3.7,user_9,open,documentation,high,30.26,"perf,db",20.3,25,1
TASK-1093,Implement doc update for profile/user profile feature,"This task involves refactoring documentation related to profile. Expected steps: analysis, design, implementation, testing.",2025-09-15 09:51:57,2025-09-18 09:51:57,17.8,14.1,,open,documentation,high,38.17,api,39.7,3,1
TASK-1094,Write optimization for profile/reporting,"This task involves implementing performance improvement related to profile. Expected steps: investigation, fix, release.",2025-09-07 00:18:02,2025-10-01 00:18:02,34.9,31.5,user_14,open,bug,high,33.86,"db,api,bugfix",57.2,24,1
TASK-1095,Implement bug for reports/user profile feature,"This task involves implementing a bug related to reports. Expected steps: design, implementation.",2025-09-16 22:53:54,2025-09-28 22:53:54,15.1,13.3,,open,feature,high,33.92,"api,perf",45.8,12,1
TASK-1096,Refactor doc update in UI/ETL,"This task involves researching documentation related to UI. Expected steps: investigation, fix, release.",2025-09-01 02:05:16,2025-09-05 02:05:16,2.0,1.1,user_17,open,research,high,40.49,"perf,docs",59.8,4,1
TASK-1097,Write bug for profile/endpoint,"This task involves implementing a bug related to profile. Expected steps: write tests, refactor, deploy.",2025-08-29 18:40:48,2025-09-21 18:40:48,18.4,20.0,user_22,done,documentation,high,38.02,"backend,security,research",53.5,23,1
TASK-1098,Implement refactor for UI/email flow feature,"This task involves implementing a bug related to UI. Expected steps: design, implementation.",2025-09-17 08:39:16,2025-09-25 08:39:16,31.8,34.3,user_18,in_progress,maintenance,high,39.88,"bugfix,backend,security",18.6,8,1
TASK-1099,Update optimization documentation for profile/ETL,"This task involves researching an API change related to profile. Expected steps: analysis, design, implementation, testing.",2025-08-28 08:36:09,2025-09-08 08:36:09,26.1,26.1,user_22,in_progress,feature,high,47.61,"ci,bugfix,security",26.0,11,1
TASK-1100,Fix feature in payment/ETL module,"This task involves writing a new feature related to payment. Expected steps: design, implementation.",2025-09-03 06:40:59,2025-09-26 06:40:59,9.8,9.1,,in_progress,documentation,high,35.19,"docs,security",16.5,23,1
TASK-1101,Update refactor documentation for database/reporting,"This task involves fixing an API change related to database. Expected steps: design, implementation.",2025-09-11 08:28:10,2025-09-30 08:28:10,7.0,4.0,user_24,done,documentation,high,32.61,"frontend,ci,backend",2.7,19,1
TASK-1102,Update feature documentation for reports/schema,"This task involves refactoring performance improvement related to reports. Expected steps: analysis, design, implementation, testing.",2025-09-08 12:57:17,2025-09-29 12:57:17,22.3,19.5,user_10,in_progress,maintenance,high,33.45,frontend,9.5,21,1
TASK-1103,Research feature for profile/user profile improvement,"This task involves writing an API change related to profile. Expected steps: design, implementation.",2025-09-02 23:25:36,2025-09-25 23:25:36,13.5,12.1,,open,maintenance,high,32.35,"security,ci",6.4,23,1
TASK-1104,Implement doc update for profile/checkout feature,"This task involves researching a new feature related to profile. Expected steps: design, implementation.",2025-08-27 12:04:18,2025-09-06 12:04:18,37.9,28.8,,in_progress,feature,high,50.65,"api,docs,bugfix",29.9,10,1
TASK-1105,Refactor doc update in profile/user profile,"This task involves researching a bug related to profile. Expected steps: analysis, design, implementation, testing.",2025-09-21 22:56:06,2025-10-08 22:56:06,18.8,17.9,user_19,open,bug,high,27.67,"perf,research,frontend",50.8,17,1
TASK-1106,Research doc update for UI/schema improvement,"This task involves researching documentation related to UI. Expected steps: analysis, design, implementation, testing.",2025-09-05 14:47:10,2025-09-24 14:47:10,22.9,25.7,user_10,open,research,high,36.33,"research,backend,bugfix",58.5,19,1
TASK-1107,Research refactor for notifications/email flow improvement,"This task involves writing a new feature related to notifications. Expected steps: design, implementation.",2025-09-11 16:08:26,2025-09-24 16:08:26,20.5,32.1,user_5,in_progress,maintenance,high,36.2,ci,53.6,13,1
TASK-1108,Implement doc update for notifications/reporting feature,"This task involves implementing performance improvement related to notifications. Expected steps: investigation, fix, release.",2025-09-11 09:50:57,2025-09-28 09:50:57,33.3,35.0,user_23,in_progress,maintenance,high,38.74,"api,backend",58.8,17,1
TASK-1109,Refactor refactor in database/login flow,"This task involves researching documentation related to database. Expected steps: design, implementation.",2025-09-15 05:46:31,2025-10-04 05:46:31,19.7,21.2,user_24,in_progress,maintenance,high,29.68,"docs,frontend,backend",11.4,19,1
TASK-1110,Research feature for notifications/search ranking improvement,"This task involves researching a new feature related to notifications. Expected steps: write tests, refactor, deploy.",2025-09-08 15:40:38,2025-09-28 15:40:38,36.9,36.1,,in_progress,bug,high,38.41,"docs,security,api",59.9,20,1
TASK-1111,Research doc update for analytics/search ranking improvement,"This task involves implementing performance improvement related to analytics. Expected steps: investigation, fix, release.",2025-09-09 23:41:02,2025-10-01 23:41:02,31.1,13.2,user_21,blocked,documentation,high,35.27,docs,16.7,22,1
TASK-1112,Write doc update for API/schema,"This task involves updating a new feature related to API. Expected steps: write tests, refactor, deploy.",2025-09-03 02:38:12,2025-09-15 02:38:12,22.9,22.7,,in_progress,documentation,high,39.69,"security,db,ci",49.1,12,1
TASK-1113,Implement doc update for database/login flow feature,"This task involves updating a bug related to database. Expected steps: investigation, fix, release.",2025-09-21 07:39:15,2025-10-12 07:39:15,11.0,11.2,user_7,blocked,documentation,high,27.87,"research,bugfix,backend",36.9,21,1
TASK-1114,Refactor bug in API/endpoint,"This task involves updating an API change related to API. Expected steps: design, implementation.",2025-09-12 17:41:15,2025-09-14 17:41:15,4.9,8.5,user_16,open,feature,high,35.51,"bugfix,db,perf",28.6,2,1
TASK-1115,Implement doc update for database/email flow feature,"This task involves updating a bug related to database. Expected steps: analysis, design, implementation, testing.",2025-09-13 04:01:21,2025-09-21 04:01:21,21.9,20.6,user_30,open,feature,high,37.97,frontend,59.8,8,1
TASK-1116,Research doc update for profile/dashboard improvement,"This task involves fixing a bug related to profile. Expected steps: investigation, fix, release.",2025-09-10 15:17:59,2025-09-14 15:17:59,37.2,40.6,user_15,done,research,high,44.56,security,28.1,4,1
TASK-1117,Implement feature for payment/email flow feature,"This task involves updating performance improvement related to payment. Expected steps: investigation, fix, release.",2025-09-15 03:45:29,2025-09-16 03:45:29,29.7,29.4,user_19,in_progress,feature,high,40.82,"db,ci,api",5.2,1,1
TASK-1118,Update feature documentation for payment/dashboard,"This task involves researching documentation related to payment. Expected steps: design, implementation.",2025-08-24 19:17:06,2025-09-06 19:17:06,10.2,6.6,user_11,open,research,high,40.6,"api,docs,frontend",40.1,13,1
TASK-1119,Research optimization for database/dashboard improvement,"This task involves updating an API change related to database. Expected steps: investigation, fix, release.",2025-09-14 07:22:35,2025-10-05 07:22:35,36.7,49.3,user_20,open,feature,high,34.23,"ci,api",25.0,21,1
TASK-1120,Refactor feature in profile/ETL,"This task involves implementing an API change related to profile. Expected steps: analysis, design, implementation, testing.",2025-09-09 08:43:56,2025-09-26 08:43:56,28.4,34.8,user_19,open,research,high,39.19,ci,32.2,17,1
TASK-1121,Implement optimization for notifications/ETL feature,"This task involves fixing a new feature related to notifications. Expected steps: write tests, refactor, deploy.",2025-08-27 07:50:43,2025-09-13 07:50:43,18.4,22.8,user_5,in_progress,maintenance,high,42.0,"perf,research,frontend",23.8,17,1
TASK-1122,Fix bug in API/reporting module,"This task involves fixing performance improvement related to API. Expected steps: investigation, fix, release.",2025-09-14 14:38:40,2025-10-02 14:38:40,39.8,28.9,,open,maintenance,high,33.62,"bugfix,ci",45.9,18,1
TASK-1123,Update optimization documentation for search/email flow,"This task involves researching performance improvement related to search. Expected steps: write tests, refactor, deploy.",2025-08-27 00:08:50,2025-09-18 00:08:50,35.1,49.9,user_28,open,feature,high,44.98,"security,bugfix",43.7,22,1
TASK-1124,Implement doc update for auth/login flow feature,"This task involves researching an API change related to auth. Expected steps: write tests, refactor, deploy.",2025-09-09 13:21:34,2025-10-06 13:21:34,10.0,5.8,user_5,open,bug,high,26.16,"db,frontend,docs",12.4,27,1
TASK-1125,Fix optimization in reports/login flow module,"This task involves refactoring a bug related to reports. Expected steps: design, implementation.",2025-09-15 19:33:25,2025-09-28 19:33:25,18.1,21.3,user_25,done,bug,high,31.82,"docs,api",34.6,13,1
TASK-1126,Update doc update documentation for notifications/endpoint,"This task involves implementing an API change related to notifications. Expected steps: design, implementation.",2025-09-06 00:07:50,2025-09-15 00:07:50,3.4,5.6,,done,feature,high,38.31,"security,perf",2.8,9,1
TASK-1127,Write doc update for search/ETL,"This task involves updating performance improvement related to search. Expected steps: write tests, refactor, deploy.",2025-08-29 01:48:14,2025-09-11 01:48:14,8.2,5.8,user_8,blocked,documentation,high,42.43,perf,54.9,13,1
TASK-1128,Refactor refactor in search/search ranking,"This task involves refactoring a new feature related to search. Expected steps: write tests, refactor, deploy.",2025-08-31 21:13:32,2025-09-07 21:13:32,13.9,11.5,user_15,blocked,bug,high,43.46,frontend,16.1,7,1
TASK-1129,Update bug documentation for reports/reporting,"This task involves fixing a new feature related to reports. Expected steps: design, implementation.",2025-09-07 23:31:52,2025-10-05 23:31:52,36.4,37.5,user_30,open,feature,high,36.09,perf,54.9,28,1
TASK-1130,Update optimization documentation for reports/endpoint,"This task involves implementing an API change related to reports. Expected steps: investigation, fix, release.",2025-09-16 20:44:14,2025-09-29 20:44:14,19.2,16.3,user_10,open,research,high,35.25,"backend,perf",45.7,13,1
TASK-1131,Write doc update for API/email flow,"This task involves researching a bug related to API. Expected steps: design, implementation.",2025-09-15 20:04:08,2025-09-16 20:04:08,11.2,6.0,,in_progress,maintenance,high,37.22,api,13.8,1,1
TASK-1132,Refactor refactor in API/user profile,"This task involves updating documentation related to API. Expected steps: investigation, fix, release.",2025-09-16 11:59:13,2025-10-02 11:59:13,38.7,39.5,user_16,in_progress,documentation,high,34.59,"security,perf,bugfix",55.0,16,1
TASK-1133,Refactor bug in auth/ETL,"This task involves fixing a bug related to auth. Expected steps: analysis, design, implementation, testing.",2025-09-05 23:17:23,2025-10-02 23:17:23,25.6,17.4,user_5,open,research,high,32.9,ci,38.3,27,1
TASK-1134,Refactor bug in profile/user profile,"This task involves fixing an API change related to profile. Expected steps: write tests, refactor, deploy.",2025-08-24 22:54:00,2025-09-10 22:54:00,29.2,33.3,user_10,open,maintenance,high,46.37,backend,55.1,17,1
TASK-1135,Refactor feature in UI/endpoint,"This task involves refactoring an API change related to UI. Expected steps: investigation, fix, release.",2025-09-18 01:19:18,2025-09-27 01:19:18,32.0,23.2,user_13,in_progress,feature,high,39.85,research,41.0,9,1
TASK-1136,Fix optimization in auth/checkout module,"This task involves researching performance improvement related to auth. Expected steps: write tests, refactor, deploy.",2025-08-26 06:46:12,2025-08-27 06:46:12,28.4,41.6,user_28,in_progress,documentation,high,52.51,security,55.1,1,1
TASK-1137,Implement optimization for API/reporting feature,"This task involves writing a bug related to API. Expected steps: analysis, design, implementation, testing.",2025-09-14 03:09:22,2025-09-23 03:09:22,36.1,27.6,user_2,open,documentation,high,37.8,ci,8.7,9,1
TASK-1138,Update doc update documentation for search/checkout,"This task involves implementing an API change related to search. Expected steps: design, implementation.",2025-09-10 14:23:18,2025-10-08 14:23:18,16.2,14.6,,open,feature,high,29.69,"backend,security,api",3.2,28,1
TASK-1139,Research doc update for API/checkout improvement,"This task involves refactoring an API change related to API. Expected steps: write tests, refactor, deploy.",2025-09-22 15:59:24,2025-10-03 15:59:24,2.2,2.7,user_15,in_progress,documentation,high,28.21,"db,bugfix",40.8,11,1
TASK-1140,Update refactor documentation for search/checkout,"This task involves writing a new feature related to search. Expected steps: analysis, design, implementation, testing.",2025-08-27 01:26:05,2025-09-01 01:26:05,15.8,10.0,user_5,in_progress,documentation,high,46.46,frontend,56.6,5,1
TASK-1141,Research bug for notifications/schema improvement,"This task involves implementing a bug related to notifications. Expected steps: design, implementation.",2025-09-06 12:40:21,2025-09-24 12:40:21,22.6,24.1,user_1,open,research,high,34.99,"api,db,frontend",17.5,18,1
TASK-1142,Research feature for payment/ETL improvement,"This task involves refactoring an API change related to payment. Expected steps: design, implementation.",2025-09-14 03:47:41,2025-09-20 03:47:41,6.4,8.9,user_16,open,feature,high,35.45,"research,perf",47.0,6,1
TASK-1143,Write optimization for database/endpoint,"This task involves refactoring an API change related to database. Expected steps: design, implementation.",2025-09-07 08:01:40,2025-09-12 08:01:40,12.9,6.7,,open,research,high,40.48,"perf,api",25.8,5,1
TASK-1144,Update doc update documentation for reports/dashboard,"This task involves writing an API change related to reports. Expected steps: design, implementation.",2025-09-07 23:15:16,2025-09-13 23:15:16,38.6,40.7,,open,maintenance,high,47.56,api,22.6,6,1
TASK-1145,Research refactor for notifications/checkout improvement,"This task involves implementing an API change related to notifications. Expected steps: design, implementation.",2025-09-14 01:12:01,2025-10-02 01:12:01,2.0,2.2,user_23,open,documentation,high,30.56,db,40.4,18,1
TASK-1146,Implement doc update for database/endpoint feature,"This task involves updating a new feature related to database. Expected steps: write tests, refactor, deploy.",2025-09-17 06:30:09,2025-09-20 06:30:09,18.5,22.8,user_19,in_progress,research,high,40.32,"db,security,frontend",47.4,3,1
TASK-1147,Write bug for analytics/reporting,"This task involves fixing a new feature related to analytics. Expected steps: investigation, fix, release.",2025-08-29 14:07:52,2025-09-18 14:07:52,2.7,1.7,,in_progress,maintenance,high,38.37,"db,backend",0.6,20,1
TASK-1148,Write refactor for API/ETL,"This task involves refactoring an API change related to API. Expected steps: design, implementation.",2025-09-06 23:19:40,2025-09-19 23:19:40,19.1,11.5,user_23,in_progress,documentation,high,40.81,"backend,research",25.0,13,1
TASK-1149,Fix doc update in payment/dashboard module,"This task involves writing documentation related to payment. Expected steps: write tests, refactor, deploy.",2025-09-17 03:02:30,2025-10-04 03:02:30,19.8,22.9,user_15,in_progress,maintenance,high,30.55,"frontend,backend",1.4,17,1
TASK-1150,Write feature for payment/dashboard,"This task involves refactoring a new feature related to payment. Expected steps: design, implementation.",2025-09-03 12:40:47,2025-09-17 12:40:47,38.4,41.8,user_13,in_progress,feature,high,44.38,"db,frontend",44.2,14,1
TASK-1151,Implement optimization for profile/reporting feature,"This task involves researching a bug related to profile. Expected steps: design, implementation.",2025-08-30 18:31:56,2025-09-24 18:31:56,28.4,30.5,user_19,open,research,high,36.11,"docs,perf",6.8,25,1
TASK-1152,Update doc update documentation for profile/ETL,"This task involves refactoring performance improvement related to profile. Expected steps: write tests, refactor, deploy.",2025-09-11 05:00:38,2025-09-23 05:00:38,14.7,16.2,user_6,blocked,documentation,high,38.03,"backend,bugfix,api",7.1,12,1
TASK-1153,Write doc update for payment/dashboard,"This task involves updating a new feature related to payment. Expected steps: write tests, refactor, deploy.",2025-09-06 03:29:58,2025-09-11 03:29:58,23.4,18.6,user_16,in_progress,feature,high,43.95,"research,bugfix",11.2,5,1
TASK-1154,Research doc update for reports/login flow improvement,"This task involves fixing performance improvement related to reports. Expected steps: design, implementation.",2025-08-30 10:51:35,2025-09-12 10:51:35,38.6,41.3,user_16,in_progress,maintenance,high,45.8,"perf,bugfix",5.0,13,1
TASK-1155,Fix bug in API/schema module,"This task involves writing a new feature related to API. Expected steps: investigation, fix, release.",2025-08-29 15:28:40,2025-09-13 15:28:40,23.1,25.1,user_16,in_progress,bug,high,42.48,"security,api",32.5,15,1
TASK-1156,Fix feature in profile/ETL module,"This task involves researching a bug related to profile. Expected steps: design, implementation.",2025-09-02 12:43:04,2025-09-04 12:43:04,18.5,14.5,user_27,open,bug,high,47.58,docs,48.6,2,1
TASK-1157,Refactor optimization in notifications/reporting,"This task involves implementing an API change related to notifications. Expected steps: design, implementation.",2025-09-17 03:27:32,2025-10-14 03:27:32,9.1,14.2,user_12,in_progress,research,high,24.51,"research,ci",34.4,27,1
TASK-1158,Refactor optimization in payment/dashboard,"This task involves fixing documentation related to payment. Expected steps: design, implementation.",2025-09-14 15:23:40,2025-09-19 15:23:40,10.7,12.2,user_27,open,maintenance,high,36.59,"research,db,security",27.1,5,1
TASK-1159,Update refactor documentation for payment/search ranking,"This task involves updating documentation related to payment. Expected steps: investigation, fix, release.",2025-09-07 05:44:53,2025-09-23 05:44:53,13.8,8.9,user_25,blocked,bug,high,36.91,"api,backend",47.7,16,1
TASK-1160,Research feature for API/search ranking improvement,"This task involves researching documentation related to API. Expected steps: investigation, fix, release.",2025-09-18 10:46:29,2025-09-29 10:46:29,22.3,26.7,user_28,in_progress,documentation,high,36.43,frontend,6.0,11,1
TASK-1161,Research feature for auth/checkout improvement,"This task involves researching performance improvement related to auth. Expected steps: analysis, design, implementation, testing.",2025-09-23 08:29:27,2025-10-07 08:29:27,8.9,6.3,user_5,done,documentation,high,26.07,"backend,api",15.0,14,1
TASK-1162,Write optimization for UI/login flow,"This task involves updating documentation related to UI. Expected steps: design, implementation.",2025-09-06 11:24:49,2025-09-09 11:24:49,28.4,35.1,user_16,open,research,high,44.31,"perf,frontend,security",41.7,3,1
TASK-1163,Fix optimization in search/dashboard module,"This task involves fixing a new feature related to search. Expected steps: write tests, refactor, deploy.",2025-08-27 06:41:08,2025-09-22 06:41:08,5.0,6.7,user_29,open,maintenance,high,35.87,bugfix,4.1,26,1
TASK-1164,Refactor feature in auth/reporting,"This task involves researching documentation related to auth. Expected steps: design, implementation.",2025-09-12 10:35:06,2025-09-17 10:35:06,36.9,27.8,user_15,done,bug,high,45.36,backend,35.4,5,1
TASK-1165,Research doc update for notifications/search ranking improvement,"This task involves implementing a new feature related to notifications. Expected steps: investigation, fix, release.",2025-09-12 22:29:39,2025-09-20 22:29:39,22.6,29.1,user_20,open,bug,high,40.26,"research,docs,security",44.9,8,1
TASK-1166,Write optimization for auth/endpoint,"This task involves researching a bug related to auth. Expected steps: design, implementation.",2025-09-08 14:04:00,2025-09-28 14:04:00,3.8,4.3,,open,documentation,high,33.43,db,51.6,20,1
TASK-1167,Refactor refactor in search/email flow,"This task involves updating a new feature related to search. Expected steps: write tests, refactor, deploy.",2025-09-22 05:34:24,2025-10-17 05:34:24,3.8,4.7,user_1,open,bug,high,23.87,"security,research",37.7,25,1
TASK-1168,Refactor optimization in search/search ranking,"This task involves fixing an API change related to search. Expected steps: design, implementation.",2025-09-01 22:08:39,2025-09-11 22:08:39,4.1,6.4,,done,feature,high,39.5,"ci,backend",18.6,10,1
TASK-1169,Research feature for API/login flow improvement,"This task involves fixing performance improvement related to API. Expected steps: analysis, design, implementation, testing.",2025-09-07 04:47:42,2025-09-27 04:47:42,3.1,2.9,user_22,in_progress,bug,high,29.18,frontend,9.8,20,1
TASK-1170,Write doc update for analytics/ETL,"This task involves implementing documentation related to analytics. Expected steps: design, implementation.",2025-09-16 02:12:23,2025-10-14 02:12:23,11.5,8.9,,blocked,bug,high,23.98,"research,security",3.8,28,1
TASK-1171,Update optimization documentation for reports/checkout,"This task involves researching an API change related to reports. Expected steps: investigation, fix, release.",2025-08-26 06:17:00,2025-09-23 06:17:00,23.1,16.9,user_9,blocked,research,high,38.49,docs,44.4,28,1
TASK-1172,Fix feature in auth/login flow module,"This task involves fixing performance improvement related to auth. Expected steps: investigation, fix, release.",2025-09-05 02:06:45,2025-09-10 02:06:45,8.0,6.0,,open,maintenance,high,39.72,db,55.0,5,1
TASK-1173,Write refactor for database/checkout,"This task involves writing a bug related to database. Expected steps: analysis, design, implementation, testing.",2025-08-29 23:29:43,2025-09-24 23:29:43,21.1,20.6,user_13,open,maintenance,high,38.05,"api,backend",33.2,26,1
TASK-1174,Fix doc update in notifications/endpoint module,"This task involves refactoring documentation related to notifications. Expected steps: design, implementation.",2025-09-07 12:23:40,2025-09-26 12:23:40,38.9,42.9,,blocked,research,high,40.58,bugfix,0.4,19,1
TASK-1175,Research refactor for auth/endpoint improvement,"This task involves writing a bug related to auth. Expected steps: investigation, fix, release.",2025-08-24 15:25:12,2025-09-15 15:25:12,15.7,17.0,user_10,open,research,high,42.06,"perf,frontend",58.4,22,1
TASK-1176,Implement bug for database/checkout feature,"This task involves implementing an API change related to database. Expected steps: write tests, refactor, deploy.",2025-09-14 14:58:37,2025-09-26 14:58:37,18.9,23.6,user_19,open,feature,high,35.47,"backend,frontend",26.1,12,1
TASK-1177,Implement doc update for API/schema feature,"This task involves writing performance improvement related to API. Expected steps: investigation, fix, release.",2025-09-03 03:22:08,2025-09-12 03:22:08,10.1,10.1,,open,research,high,38.56,bugfix,27.0,9,1
TASK-1178,Write refactor for search/checkout,"This task involves writing a new feature related to search. Expected steps: write tests, refactor, deploy.",2025-09-02 20:20:56,2025-09-11 20:20:56,34.2,49.1,user_26,in_progress,research,high,43.04,"bugfix,backend",42.7,9,1
TASK-1179,Write bug for search/ETL,"This task involves updating documentation related to search. Expected steps: investigation, fix, release.",2025-09-18 04:49:55,2025-09-24 04:49:55,2.2,2.0,user_15,in_progress,research,high,31.69,"backend,bugfix",7.3,6,1
TASK-1180,Fix feature in API/dashboard module,"This task involves researching documentation related to API. Expected steps: analysis, design, implementation, testing.",2025-09-11 01:38:26,2025-09-20 01:38:26,36.8,66.8,user_3,open,maintenance,high,43.41,api,7.4,9,1
TASK-1181,Research refactor for auth/dashboard improvement,"This task involves researching performance improvement related to auth. Expected steps: write tests, refactor, deploy.",2025-08-25 11:35:40,2025-09-16 11:35:40,17.6,20.9,user_30,open,documentation,high,39.75,frontend,36.8,22,1
TASK-1182,Refactor optimization in API/schema,"This task involves researching an API change related to API. Expected steps: write tests, refactor, deploy.",2025-08-26 10:16:20,2025-09-04 10:16:20,15.9,11.8,user_21,done,research,high,44.43,"frontend,db,api",28.8,9,1
TASK-1183,Research refactor for notifications/reporting improvement,"This task involves writing performance improvement related to notifications. Expected steps: investigation, fix, release.",2025-08-29 23:50:05,2025-09-09 23:50:05,24.3,16.5,user_26,blocked,bug,high,45.9,"security,api",46.0,11,1
TASK-1184,Implement feature for UI/checkout feature,"This task involves updating a new feature related to UI. Expected steps: investigation, fix, release.",2025-09-09 14:37:26,2025-10-05 14:37:26,36.8,42.1,user_8,in_progress,maintenance,high,33.13,bugfix,14.2,26,1
TASK-1185,Write bug for notifications/reporting,"This task involves updating documentation related to notifications. Expected steps: design, implementation.",2025-09-10 11:48:21,2025-09-17 11:48:21,33.6,31.3,user_16,in_progress,feature,high,42.67,frontend,14.0,7,1
TASK-1186,Implement optimization for auth/ETL feature,"This task involves fixing documentation related to auth. Expected steps: design, implementation.",2025-09-17 19:00:29,2025-09-28 19:00:29,29.0,35.2,,blocked,documentation,high,33.6,ci,42.3,11,1
TASK-1187,Implement doc update for payment/ETL feature,"This task involves fixing documentation related to payment. Expected steps: write tests, refactor, deploy.",2025-09-11 04:17:57,2025-09-22 04:17:57,12.8,14.6,user_6,in_progress,maintenance,high,37.52,"api,bugfix",42.4,11,1
TASK-1188,Refactor feature in reports/email flow,"This task involves updating an API change related to reports. Expected steps: design, implementation.",2025-09-04 22:48:14,2025-09-28 22:48:14,27.9,27.3,user_24,open,research,high,35.04,"frontend,bugfix,api",55.3,24,1
TASK-1189,Refactor bug in API/reporting,"This task involves researching a new feature related to API. Expected steps: investigation, fix, release.",2025-09-15 23:00:52,2025-09-23 23:00:52,14.5,10.8,user_21,done,bug,high,37.01,"api,perf,frontend",15.9,8,1
TASK-1190,Implement doc update for payment/email flow feature,"This task involves fixing a bug related to payment. Expected steps: analysis, design, implementation, testing.",2025-09-05 04:14:31,2025-09-29 04:14:31,17.4,9.5,user_14,in_progress,maintenance,high,32.74,"backend,perf",47.3,24,1
TASK-1191,Refactor optimization in API/dashboard,"This task involves fixing a bug related to API. Expected steps: investigation, fix, release.",2025-08-25 04:49:24,2025-09-03 04:49:24,38.1,33.0,user_6,done,feature,high,51.78,"backend,api,perf",42.3,9,1
TASK-1192,Research optimization for UI/reporting improvement,"This task involves implementing a bug related to UI. Expected steps: analysis, design, implementation, testing.",2025-09-03 12:45:19,2025-09-10 12:45:19,17.0,21.4,user_30,in_progress,documentation,high,43.7,"docs,backend",3.0,7,1
TASK-1193,Refactor feature in analytics/user profile,"This task involves fixing documentation related to analytics. Expected steps: analysis, design, implementation, testing.",2025-09-06 10:14:37,2025-09-16 10:14:37,33.1,35.2,user_16,open,bug,high,41.65,"research,backend,perf",50.6,10,1
TASK-1194,Write optimization for search/user profile,"This task involves updating documentation related to search. Expected steps: analysis, design, implementation, testing.",2025-09-12 20:30:40,2025-09-25 20:30:40,8.2,5.1,,open,maintenance,high,30.86,"perf,research",13.6,13,1
TASK-1195,Write feature for reports/login flow,"This task involves updating a bug related to reports. Expected steps: analysis, design, implementation, testing.",2025-09-13 15:25:44,2025-10-09 15:25:44,22.1,23.2,,in_progress,research,high,26.72,"security,db",57.9,26,1
TASK-1196,Update feature documentation for profile/reporting,"This task involves researching documentation related to profile. Expected steps: analysis, design, implementation, testing.",2025-09-05 10:37:35,2025-10-03 10:37:35,28.9,32.2,user_29,in_progress,research,high,34.67,"bugfix,backend,perf",10.4,28,1
TASK-1197,Implement feature for API/endpoint feature,"This task involves fixing performance improvement related to API. Expected steps: analysis, design, implementation, testing.",2025-09-23 05:55:44,2025-10-07 05:55:44,8.9,6.5,user_5,blocked,documentation,high,26.88,"backend,ci,db",33.4,14,1
TASK-1198,Refactor refactor in notifications/schema,"This task involves researching a bug related to notifications. Expected steps: write tests, refactor, deploy.",2025-08-27 23:22:51,2025-09-01 23:22:51,6.8,7.1,user_25,done,bug,high,46.98,"backend,research,api",52.7,5,1
TASK-1199,Write refactor for search/user profile,"This task involves refactoring performance improvement related to search. Expected steps: analysis, design, implementation, testing.",2025-08-29 18:21:04,2025-09-11 18:21:04,6.6,6.7,user_23,in_progress,maintenance,high,41.77,"docs,frontend",44.7,13,1
TASK-1200,Write doc update for notifications/login flow,"This task involves writing documentation related to notifications. Expected steps: investigation, fix, release.",2025-09-18 21:13:01,2025-10-16 21:13:01,28.2,18.5,user_28,open,documentation,high,29.01,"api,research",43.7,28,1
TASK-1201,Refactor optimization in payment/endpoint,"This task involves implementing performance improvement related to payment. Expected steps: write tests, refactor, deploy.",2025-09-16 09:12:09,2025-10-14 09:12:09,15.6,17.3,user_26,open,documentation,high,26.67,"bugfix,security",52.8,28,1
TASK-1202,Fix feature in UI/endpoint module,"This task involves fixing a new feature related to UI. Expected steps: analysis, design, implementation, testing.",2025-09-07 07:00:37,2025-10-07 07:00:37,15.1,17.6,user_12,blocked,research,high,28.5,frontend,14.5,30,1
TASK-1203,Research feature for reports/user profile improvement,"This task involves researching an API change related to reports. Expected steps: investigation, fix, release.",2025-09-03 22:13:36,2025-09-30 22:13:36,35.9,47.6,user_23,open,bug,high,35.61,ci,46.8,27,1
TASK-1204,Implement feature for API/endpoint feature,"This task involves writing performance improvement related to API. Expected steps: analysis, design, implementation, testing.",2025-09-19 12:54:03,2025-10-14 12:54:03,27.6,36.3,user_5,in_progress,research,high,29.52,research,36.5,25,1
TASK-1205,Write optimization for database/search ranking,"This task involves writing performance improvement related to database. Expected steps: investigation, fix, release.",2025-08-31 03:28:40,2025-09-10 03:28:40,27.4,16.1,user_13,in_progress,bug,high,45.04,"api,security,research",17.9,10,1
TASK-1206,Fix doc update in profile/checkout module,"This task involves writing documentation related to profile. Expected steps: investigation, fix, release.",2025-09-01 10:23:35,2025-09-24 10:23:35,38.1,27.4,user_7,open,feature,high,42.12,"db,api,bugfix",43.3,23,1
TASK-1207,Update doc update documentation for profile/schema,"This task involves researching performance improvement related to profile. Expected steps: write tests, refactor, deploy.",2025-09-15 16:48:52,2025-10-04 16:48:52,28.6,33.0,user_7,open,feature,high,33.65,"perf,api,research",50.7,19,1
TASK-1208,Update doc update documentation for analytics/dashboard,"This task involves fixing performance improvement related to analytics. Expected steps: design, implementation.",2025-09-15 19:49:44,2025-10-09 19:49:44,32.5,37.5,user_6,done,documentation,high,31.77,api,13.4,24,1
TASK-1209,Write doc update for search/email flow,"This task involves writing an API change related to search. Expected steps: investigation, fix, release.",2025-09-07 12:16:30,2025-09-11 12:16:30,19.4,22.4,,in_progress,research,high,40.74,security,7.2,4,1
TASK-1210,Update doc update documentation for search/ETL,"This task involves researching a bug related to search. Expected steps: design, implementation.",2025-08-28 17:16:13,2025-09-04 17:16:13,14.4,31.0,,done,maintenance,high,43.1,"bugfix,backend,perf",20.0,7,1
TASK-1211,Implement bug for notifications/login flow feature,"This task involves researching documentation related to notifications. Expected steps: design, implementation.",2025-09-16 10:25:35,2025-09-22 10:25:35,23.5,27.5,user_26,blocked,bug,high,36.35,"db,ci",25.7,6,1
TASK-1212,Research bug for search/login flow improvement,"This task involves refactoring a new feature related to search. Expected steps: investigation, fix, release.",2025-09-22 02:25:00,2025-10-21 02:25:00,13.6,18.2,user_7,open,bug,high,22.35,docs,41.6,29,1
TASK-1213,Write bug for database/dashboard,"This task involves researching an API change related to database. Expected steps: investigation, fix, release.",2025-08-29 14:37:19,2025-09-25 14:37:19,2.8,3.6,,in_progress,research,high,32.54,"db,bugfix",20.6,27,1
TASK-1214,Research feature for notifications/endpoint improvement,"This task involves researching a bug related to notifications. Expected steps: design, implementation.",2025-08-31 07:52:43,2025-09-05 07:52:43,9.2,11.0,user_17,open,documentation,high,44.9,db,52.6,5,1
TASK-1215,Write bug for analytics/reporting,"This task involves refactoring a bug related to analytics. Expected steps: analysis, design, implementation, testing.",2025-09-13 04:56:10,2025-09-14 04:56:10,2.9,2.6,user_15,open,research,high,36.84,"bugfix,docs,frontend",18.1,1,1
TASK-1216,Update doc update documentation for payment/ETL,"This task involves refactoring an API change related to payment. Expected steps: design, implementation.",2025-09-06 03:55:19,2025-10-05 03:55:19,5.1,6.3,user_4,open,bug,high,28.01,"docs,research,ci",21.5,29,1
TASK-1217,Research bug for database/dashboard improvement,"This task involves refactoring performance improvement related to database. Expected steps: design, implementation.",2025-09-14 05:52:27,2025-09-30 05:52:27,13.9,10.7,user_22,open,bug,high,33.96,"perf,bugfix,backend",46.8,16,1
TASK-1218,Fix feature in payment/schema module,"This task involves researching documentation related to payment. Expected steps: investigation, fix, release.",2025-09-07 12:38:49,2025-09-11 12:38:49,32.7,30.4,,done,documentation,high,47.05,"db,backend",5.7,4,1
TASK-1219,Fix feature in auth/dashboard module,"This task involves writing documentation related to auth. Expected steps: write tests, refactor, deploy.",2025-09-22 06:01:53,2025-10-01 06:01:53,35.3,30.2,user_27,open,bug,high,35.56,"research,db",41.4,9,1
TASK-1220,Research bug for search/dashboard improvement,"This task involves implementing a bug related to search. Expected steps: design, implementation.",2025-08-27 17:02:27,2025-09-26 17:02:27,24.0,24.6,user_22,in_progress,research,high,35.2,"ci,frontend",51.8,30,1
TASK-1221,Update optimization documentation for UI/user profile,"This task involves fixing performance improvement related to UI. Expected steps: write tests, refactor, deploy.",2025-08-25 23:28:03,2025-09-03 23:28:03,26.5,44.9,user_28,in_progress,research,high,48.92,api,31.1,9,1
TASK-1222,Update optimization documentation for reports/checkout,"This task involves updating a new feature related to reports. Expected steps: write tests, refactor, deploy.",2025-09-03 23:18:25,2025-09-25 23:18:25,26.0,11.4,user_27,in_progress,research,high,34.47,"bugfix,security,perf",51.1,22,1
TASK-1223,Implement doc update for payment/user profile feature,"This task involves implementing documentation related to payment. Expected steps: investigation, fix, release.",2025-08-26 02:37:11,2025-09-03 02:37:11,22.5,27.1,user_27,open,maintenance,high,47.22,"perf,backend,ci",26.8,8,1
TASK-1224,Fix bug in profile/login flow module,"This task involves researching performance improvement related to profile. Expected steps: analysis, design, implementation, testing.",2025-09-10 07:30:06,2025-09-11 07:30:06,33.2,17.1,user_20,in_progress,research,high,45.95,"perf,api,security",49.5,1,1
TASK-1225,Implement refactor for profile/email flow feature,"This task involves refactoring an API change related to profile. Expected steps: write tests, refactor, deploy.",2025-09-15 02:21:40,2025-09-27 02:21:40,28.9,24.8,user_25,in_progress,bug,high,35.99,"research,security,api",42.1,12,1
TASK-1226,Fix feature in UI/user profile module,"This task involves updating performance improvement related to UI. Expected steps: analysis, design, implementation, testing.",2025-09-01 05:27:20,2025-09-08 05:27:20,8.3,11.0,,open,maintenance,high,43.78,api,6.5,7,1
TASK-1227,Research bug for auth/reporting improvement,"This task involves researching performance improvement related to auth. Expected steps: design, implementation.",2025-09-22 12:20:34,2025-09-23 12:20:34,21.7,22.1,user_30,in_progress,research,high,37.25,"bugfix,ci,security",6.2,1,1
TASK-1228,Update doc update documentation for reports/reporting,"This task involves refactoring performance improvement related to reports. Expected steps: write tests, refactor, deploy.",2025-09-22 23:36:28,2025-10-22 23:36:28,28.0,18.9,user_13,done,documentation,high,23.36,bugfix,24.8,30,1
TASK-1229,Update refactor documentation for analytics/schema,"This task involves writing an API change related to analytics. Expected steps: design, implementation.",2025-08-30 15:00:27,2025-09-19 15:00:27,28.9,22.7,user_30,in_progress,feature,high,40.3,"api,backend,ci",33.7,20,1
TASK-1230,Refactor refactor in reports/search ranking,"This task involves writing performance improvement related to reports. Expected steps: analysis, design, implementation, testing.",2025-09-09 06:43:58,2025-09-10 06:43:58,15.9,19.1,user_2,open,feature,high,45.1,"research,bugfix,frontend",41.4,1,1
TASK-1231,Write bug for API/ETL,"This task involves writing performance improvement related to API. Expected steps: analysis, design, implementation, testing.",2025-09-12 01:57:56,2025-10-04 01:57:56,29.8,23.3,,in_progress,research,high,32.9,"research,frontend,db",23.3,22,1
TASK-1232,Update bug documentation for notifications/ETL,"This task involves fixing documentation related to notifications. Expected steps: design, implementation.",2025-09-12 05:10:18,2025-10-07 05:10:18,34.6,36.8,user_8,done,documentation,high,34.2,"ci,docs,security",17.7,25,1
TASK-1233,Implement feature for payment/dashboard feature,"This task involves updating an API change related to payment. Expected steps: analysis, design, implementation, testing.",2025-09-04 21:57:00,2025-09-18 21:57:00,11.9,12.1,user_6,in_progress,documentation,high,34.91,"bugfix,frontend",9.2,14,1
TASK-1234,Write refactor for reports/login flow,"This task involves updating documentation related to reports. Expected steps: write tests, refactor, deploy.",2025-09-17 07:06:04,2025-10-05 07:06:04,15.0,12.1,user_11,in_progress,feature,high,30.1,"bugfix,db,security",5.5,18,1
TASK-1235,Implement doc update for API/email flow feature,"This task involves writing documentation related to API. Expected steps: design, implementation.",2025-09-22 02:35:21,2025-10-12 02:35:21,21.7,35.7,,blocked,bug,high,25.91,"perf,docs",54.3,20,1
TASK-1236,Refactor bug in reports/endpoint,"This task involves updating documentation related to reports. Expected steps: write tests, refactor, deploy.",2025-09-21 01:50:19,2025-09-25 01:50:19,16.0,19.0,user_10,open,research,high,36.81,"security,ci",26.7,4,1
TASK-1237,Fix doc update in database/endpoint module,"This task involves refactoring a bug related to database. Expected steps: analysis, design, implementation, testing.",2025-08-29 14:53:30,2025-09-23 14:53:30,22.0,8.6,user_3,open,feature,high,38.72,"backend,docs",32.3,25,1
TASK-1238,Update feature documentation for search/checkout,"This task involves fixing performance improvement related to search. Expected steps: investigation, fix, release.",2025-08-25 17:38:44,2025-08-28 17:38:44,3.1,3.3,user_18,open,feature,high,48.17,"db,perf",37.8,3,1
TASK-1239,Research optimization for notifications/login flow improvement,"This task involves updating a bug related to notifications. Expected steps: analysis, design, implementation, testing.",2025-09-12 20:11:30,2025-10-02 20:11:30,3.5,2.8,user_2,in_progress,bug,high,27.99,"backend,research,security",36.4,20,1
TASK-1240,Write optimization for profile/search ranking,"This task involves updating a bug related to profile. Expected steps: write tests, refactor, deploy.",2025-08-29 06:55:13,2025-09-06 06:55:13,6.3,7.9,user_26,blocked,documentation,high,45.06,research,40.6,8,1
TASK-1241,Update refactor documentation for notifications/login flow,"This task involves refactoring a new feature related to notifications. Expected steps: analysis, design, implementation, testing.",2025-08-25 20:26:38,2025-09-13 20:26:38,24.3,18.5,user_3,open,documentation,high,40.92,"security,bugfix,ci",11.0,19,1
TASK-1242,Refactor bug in database/endpoint,"This task involves implementing an API change related to database. Expected steps: analysis, design, implementation, testing.",2025-09-19 03:21:59,2025-10-19 03:21:59,39.6,38.2,user_21,in_progress,documentation,high,28.78,"backend,docs",43.5,30,1
TASK-1243,Research feature for notifications/email flow improvement,"This task involves updating a new feature related to notifications. Expected steps: analysis, design, implementation, testing.",2025-09-02 03:39:58,2025-09-05 03:39:58,36.1,41.6,user_15,open,documentation,high,50.19,ci,34.0,3,1
TASK-1244,Write bug for search/dashboard,"This task involves writing a new feature related to search. Expected steps: design, implementation.",2025-09-14 23:09:02,2025-10-05 23:09:02,18.0,22.7,user_5,in_progress,documentation,high,31.99,"perf,api",46.5,21,1
TASK-1245,Research feature for analytics/checkout improvement,"This task involves updating an API change related to analytics. Expected steps: analysis, design, implementation, testing.",2025-09-18 20:27:30,2025-10-16 20:27:30,33.2,21.2,,open,bug,high,28.78,security,37.9,28,1
TASK-1246,Refactor refactor in reports/search ranking,"This task involves implementing a bug related to reports. Expected steps: investigation, fix, release.",2025-09-09 21:39:55,2025-09-27 21:39:55,19.4,17.5,user_12,open,research,high,35.55,"bugfix,perf",30.1,18,1
TASK-1247,Fix refactor in search/email flow module,"This task involves fixing a new feature related to search. Expected steps: design, implementation.",2025-09-16 07:33:20,2025-09-21 07:33:20,18.4,15.8,user_19,in_progress,feature,high,38.86,"api,frontend",13.1,5,1
TASK-1248,Research doc update for API/checkout improvement,"This task involves writing a new feature related to API. Expected steps: analysis, design, implementation, testing.",2025-09-13 15:44:56,2025-09-30 15:44:56,36.4,29.3,user_16,done,bug,high,33.98,"api,backend,research",50.1,17,1
TASK-1249,Write refactor for reports/ETL,"This task involves implementing performance improvement related to reports. Expected steps: write tests, refactor, deploy.",2025-09-04 13:22:52,2025-09-25 13:22:52,36.0,55.1,user_9,open,feature,high,39.28,"api,perf",47.6,21,1
TASK-1250,Refactor feature in auth/ETL,"This task involves researching a new feature related to auth. Expected steps: design, implementation.",2025-08-26 21:52:15,2025-09-16 21:52:15,12.0,13.5,user_6,open,bug,high,39.21,"api,backend",28.9,21,1
TASK-1251,Research refactor for profile/endpoint improvement,"This task involves implementing performance improvement related to profile. Expected steps: analysis, design, implementation, testing.",2025-08-31 21:48:36,2025-09-05 21:48:36,23.4,14.5,user_21,in_progress,research,high,44.41,research,55.3,5,1
TASK-1252,Refactor refactor in search/reporting,"This task involves updating a bug related to search. Expected steps: investigation, fix, release.",2025-09-22 00:23:24,2025-09-29 00:23:24,18.5,23.6,,done,feature,high,32.3,"ci,bugfix",47.7,7,1
TASK-1253,Implement doc update for reports/ETL feature,"This task involves implementing documentation related to reports. Expected steps: write tests, refactor, deploy.",2025-09-11 11:52:17,2025-09-14 11:52:17,10.0,16.4,user_4,open,research,high,41.3,"db,bugfix,backend",10.6,3,1
TASK-1254,Refactor refactor in reports/login flow,"This task involves refactoring a bug related to reports. Expected steps: analysis, design, implementation, testing.",2025-09-08 01:34:51,2025-09-13 01:34:51,36.2,47.4,user_1,done,maintenance,high,45.35,"frontend,security",25.7,5,1
TASK-1255,Research refactor for search/email flow improvement,"This task involves updating an API change related to search. Expected steps: analysis, design, implementation, testing.",2025-09-06 08:43:11,2025-09-15 08:43:11,19.6,10.7,user_28,open,research,high,42.8,"research,docs",0.3,9,1
TASK-1256,Update refactor documentation for auth/reporting,"This task involves fixing an API change related to auth. Expected steps: analysis, design, implementation, testing.",2025-09-04 20:23:20,2025-09-11 20:23:20,27.8,23.8,user_12,open,maintenance,high,44.82,"research,security",25.4,7,1
TASK-1257,Write optimization for reports/schema,"This task involves implementing performance improvement related to reports. Expected steps: write tests, refactor, deploy.",2025-08-29 23:02:43,2025-09-16 23:02:43,22.6,31.2,user_10,in_progress,maintenance,high,41.7,"backend,docs,perf",47.0,18,1
TASK-1258,Implement refactor for payment/endpoint feature,"This task involves researching documentation related to payment. Expected steps: analysis, design, implementation, testing.",2025-08-29 10:05:55,2025-09-19 10:05:55,1.2,0.9,user_5,in_progress,research,high,34.92,research,13.3,21,1
TASK-1259,Fix optimization in reports/login flow module,"This task involves researching an API change related to reports. Expected steps: investigation, fix, release.",2025-09-14 22:43:25,2025-10-04 22:43:25,3.2,3.6,user_6,in_progress,maintenance,high,25.19,"security,research,docs",2.0,20,1
TASK-1260,Refactor feature in analytics/ETL,"This task involves refactoring a new feature related to analytics. Expected steps: analysis, design, implementation, testing.",2025-09-04 09:22:48,2025-09-25 09:22:48,1.0,1.2,user_9,blocked,documentation,high,33.05,"ci,docs",31.1,21,1
TASK-1261,Update refactor documentation for payment/checkout,"This task involves writing an API change related to payment. Expected steps: investigation, fix, release.",2025-09-04 00:32:58,2025-10-01 00:32:58,11.8,8.5,user_7,in_progress,maintenance,high,31.73,"bugfix,db",30.4,27,1
TASK-1262,Refactor doc update in payment/ETL,"This task involves writing a bug related to payment. Expected steps: investigation, fix, release.",2025-09-19 21:10:07,2025-10-16 21:10:07,31.9,31.3,user_15,done,research,high,27.3,api,57.7,27,1
TASK-1263,Research bug for profile/reporting improvement,"This task involves researching a bug related to profile. Expected steps: investigation, fix, release.",2025-08-26 15:00:23,2025-09-16 15:00:23,31.8,0.9,user_23,open,documentation,high,41.92,"security,ci",0.6,21,1
TASK-1264,Write bug for API/schema,"This task involves researching documentation related to API. Expected steps: analysis, design, implementation, testing.",2025-09-10 05:38:40,2025-09-16 05:38:40,19.6,13.6,user_29,in_progress,feature,high,42.66,"docs,perf,ci",14.1,6,1
TASK-1265,Implement feature for database/endpoint feature,"This task involves implementing a new feature related to database. Expected steps: investigation, fix, release.",2025-08-29 06:41:03,2025-09-02 06:41:03,5.7,5.3,user_22,in_progress,bug,high,45.96,"frontend,perf,api",37.2,4,1
TASK-1266,Research optimization for reports/schema improvement,"This task involves implementing an API change related to reports. Expected steps: investigation, fix, release.",2025-09-05 12:50:26,2025-09-30 12:50:26,23.5,14.7,user_26,in_progress,research,high,31.86,"db,bugfix",27.4,25,1
TASK-1267,Fix doc update in analytics/user profile module,"This task involves updating a bug related to analytics. Expected steps: analysis, design, implementation, testing.",2025-09-13 19:43:17,2025-09-26 19:43:17,23.7,35.3,user_20,done,feature,high,35.98,research,28.3,13,1
TASK-1268,Refactor feature in notifications/email flow,"This task involves researching performance improvement related to notifications. Expected steps: design, implementation.",2025-09-06 04:06:51,2025-10-01 04:06:51,15.5,8.8,,open,feature,high,32.46,"docs,backend,research",48.2,25,1
TASK-1269,Refactor feature in search/search ranking,"This task involves implementing a new feature related to search. Expected steps: write tests, refactor, deploy.",2025-09-17 18:26:55,2025-09-23 18:26:55,17.4,15.1,user_29,blocked,research,high,36.15,"perf,research",15.1,6,1
TASK-1270,Refactor bug in auth/search ranking,"This task involves updating a new feature related to auth. Expected steps: analysis, design, implementation, testing.",2025-08-31 01:30:14,2025-09-09 01:30:14,19.6,20.4,user_15,in_progress,documentation,high,43.22,"security,research,api",1.2,9,1
TASK-1271,Fix feature in notifications/reporting module,"This task involves refactoring an API change related to notifications. Expected steps: design, implementation.",2025-09-22 23:30:57,2025-10-02 23:30:57,14.8,21.2,user_16,blocked,maintenance,high,32.91,"ci,research",27.8,10,1
TASK-1272,Implement optimization for UI/email flow feature,"This task involves updating an API change related to UI. Expected steps: write tests, refactor, deploy.",2025-09-19 01:34:33,2025-09-22 01:34:33,4.1,2.3,user_11,open,documentation,high,35.37,"db,research,perf",46.9,3,1
TASK-1273,Write optimization for reports/ETL,"This task involves researching a new feature related to reports. Expected steps: design, implementation.",2025-09-19 05:23:59,2025-09-24 05:23:59,29.4,39.7,user_24,in_progress,bug,high,36.93,"backend,ci",3.8,5,1
TASK-1274,Research bug for analytics/login flow improvement,"This task involves researching an API change related to analytics. Expected steps: analysis, design, implementation, testing.",2025-08-27 17:11:45,2025-09-16 17:11:45,7.1,7.1,user_29,open,feature,high,36.16,"perf,bugfix",7.9,20,1
TASK-1275,Implement doc update for auth/login flow feature,"This task involves writing performance improvement related to auth. Expected steps: write tests, refactor, deploy.",2025-09-22 20:21:14,2025-10-10 20:21:14,37.5,26.5,user_5,done,research,high,29.89,"perf,db,research",54.5,18,1
TASK-1276,Research bug for analytics/endpoint improvement,"This task involves researching documentation related to analytics. Expected steps: investigation, fix, release.",2025-09-05 23:09:15,2025-09-10 23:09:15,12.8,14.6,user_27,blocked,feature,high,40.78,"security,frontend",41.3,5,1
TASK-1277,Research bug for profile/schema improvement,"This task involves researching documentation related to profile. Expected steps: design, implementation.",2025-09-17 12:02:23,2025-10-05 12:02:23,15.6,16.5,user_18,in_progress,feature,high,28.44,"db,ci,docs",15.8,18,1
TASK-1278,Research refactor for API/ETL improvement,"This task involves updating documentation related to API. Expected steps: investigation, fix, release.",2025-09-13 01:15:23,2025-10-01 01:15:23,32.5,26.6,user_28,open,feature,high,34.45,"perf,ci,research",42.0,18,1
TASK-1279,Research bug for API/email flow improvement,"This task involves implementing a bug related to API. Expected steps: analysis, design, implementation, testing.",2025-08-30 04:14:33,2025-09-03 04:14:33,12.0,12.3,user_15,in_progress,feature,high,43.35,perf,13.0,4,1
TASK-1280,Research doc update for database/user profile improvement,"This task involves researching a bug related to database. Expected steps: investigation, fix, release.",2025-08-27 00:07:41,2025-09-21 00:07:41,38.1,33.7,user_25,open,research,high,41.47,research,49.0,25,1
TASK-1281,Fix optimization in payment/endpoint module,"This task involves researching a new feature related to payment. Expected steps: analysis, design, implementation, testing.",2025-08-30 13:46:37,2025-09-23 13:46:37,31.1,32.2,user_7,in_progress,documentation,high,41.4,frontend,44.7,24,1
TASK-1282,Refactor doc update in analytics/checkout,"This task involves researching documentation related to analytics. Expected steps: design, implementation.",2025-09-04 09:52:28,2025-09-06 09:52:28,34.7,41.6,user_4,open,maintenance,high,47.56,research,35.1,2,1
TASK-1283,Research bug for API/login flow improvement,"This task involves refactoring performance improvement related to API. Expected steps: design, implementation.",2025-09-04 17:46:28,2025-09-07 17:46:28,10.7,15.8,user_22,in_progress,bug,high,40.44,"bugfix,security,backend",7.5,3,1
TASK-1284,Implement doc update for notifications/ETL feature,"This task involves researching a new feature related to notifications. Expected steps: analysis, design, implementation, testing.",2025-09-14 06:37:38,2025-09-26 06:37:38,29.3,18.4,user_2,in_progress,maintenance,high,37.66,"perf,docs,bugfix",32.6,12,1
TASK-1285,Write refactor for profile/schema,"This task involves refactoring a new feature related to profile. Expected steps: analysis, design, implementation, testing.",2025-09-09 12:47:10,2025-09-24 12:47:10,12.5,20.5,user_12,in_progress,research,high,34.4,frontend,37.2,15,1
TASK-1286,Write doc update for reports/endpoint,"This task involves updating a bug related to reports. Expected steps: write tests, refactor, deploy.",2025-08-30 07:04:24,2025-09-21 07:04:24,20.4,8.5,user_20,open,maintenance,high,38.78,backend,31.4,22,1
TASK-1287,Fix feature in auth/dashboard module,"This task involves fixing a new feature related to auth. Expected steps: analysis, design, implementation, testing.",2025-09-08 03:50:02,2025-09-12 03:50:02,2.2,2.1,user_13,in_progress,research,high,39.56,"research,frontend,api",13.2,4,1
TASK-1288,Update feature documentation for payment/login flow,"This task involves updating performance improvement related to payment. Expected steps: analysis, design, implementation, testing.",2025-09-07 15:22:12,2025-09-28 15:22:12,3.4,4.0,user_29,in_progress,documentation,high,32.15,ci,15.9,21,1
TASK-1289,Fix bug in payment/schema module,"This task involves implementing an API change related to payment. Expected steps: analysis, design, implementation, testing.",2025-08-27 15:14:58,2025-09-04 15:14:58,21.7,23.5,user_17,in_progress,research,high,46.97,security,45.0,8,1
TASK-1290,Research doc update for payment/reporting improvement,"This task involves updating performance improvement related to payment. Expected steps: write tests, refactor, deploy.",2025-09-20 02:00:02,2025-09-26 02:00:02,31.9,25.9,user_17,open,feature,high,38.05,"perf,api,security",33.0,6,1
TASK-1291,Write optimization for notifications/search ranking,"This task involves updating documentation related to notifications. Expected steps: design, implementation.",2025-09-10 11:49:53,2025-09-17 11:49:53,15.6,14.6,user_24,open,maintenance,high,38.86,"frontend,ci",59.0,7,1
TASK-1292,Refactor feature in auth/ETL,"This task involves writing a bug related to auth. Expected steps: investigation, fix, release.",2025-09-23 03:07:53,2025-09-30 03:07:53,34.4,29.3,user_27,done,documentation,high,38.48,"security,bugfix,backend",2.3,7,1
TASK-1293,Write doc update for UI/dashboard,"This task involves writing an API change related to UI. Expected steps: design, implementation.",2025-08-31 14:07:23,2025-09-26 14:07:23,12.7,10.5,user_19,done,bug,high,35.16,"bugfix,perf",49.5,26,1
TASK-1294,Update refactor documentation for reports/checkout,"This task involves updating documentation related to reports. Expected steps: analysis, design, implementation, testing.",2025-09-15 12:32:08,2025-10-04 12:32:08,15.9,20.0,user_30,blocked,documentation,high,32.58,"db,backend",52.2,19,1
TASK-1295,Implement optimization for reports/login flow feature,"This task involves fixing documentation related to reports. Expected steps: analysis, design, implementation, testing.",2025-09-03 04:16:31,2025-09-22 04:16:31,6.8,7.5,user_8,open,maintenance,high,37.22,"ci,security,backend",13.3,19,1
TASK-1296,Write feature for search/dashboard,"This task involves writing a bug related to search. Expected steps: write tests, refactor, deploy.",2025-09-10 17:48:16,2025-09-12 17:48:16,22.4,17.7,user_13,in_progress,feature,high,43.79,"security,docs",29.3,2,1
TASK-1297,Update refactor documentation for reports/endpoint,"This task involves refactoring an API change related to reports. Expected steps: design, implementation.",2025-08-31 20:50:03,2025-09-09 20:50:03,31.3,39.7,user_30,in_progress,bug,high,46.62,"api,ci",11.4,9,1
TASK-1298,Write doc update for reports/login flow,"This task involves implementing documentation related to reports. Expected steps: write tests, refactor, deploy.",2025-09-12 07:03:30,2025-09-27 07:03:30,2.8,3.1,user_7,in_progress,feature,high,32.85,backend,44.4,15,1
TASK-1299,Implement doc update for reports/dashboard feature,"This task involves fixing documentation related to reports. Expected steps: analysis, design, implementation, testing.",2025-09-02 18:03:08,2025-09-18 18:03:08,1.9,2.4,user_18,open,research,high,35.5,"security,perf",37.4,16,1
TASK-1300,Implement refactor for auth/search ranking feature,"This task involves updating an API change related to auth. Expected steps: analysis, design, implementation, testing.",2025-09-01 06:17:45,2025-09-03 06:17:45,12.1,14.4,user_20,open,maintenance,high,46.19,backend,23.3,2,1
TASK-1301,Write bug for notifications/checkout,"This task involves writing performance improvement related to notifications. Expected steps: design, implementation.",2025-09-22 23:49:05,2025-10-09 23:49:05,39.1,29.4,user_11,in_progress,research,high,32.48,docs,30.0,17,1
TASK-1302,Research bug for analytics/login flow improvement,"This task involves implementing an API change related to analytics. Expected steps: investigation, fix, release.",2025-09-03 14:32:15,2025-09-16 14:32:15,30.0,25.0,user_22,open,documentation,high,40.68,"research,frontend,ci",52.7,13,1
TASK-1303,Fix feature in analytics/schema module,"This task involves implementing documentation related to analytics. Expected steps: write tests, refactor, deploy.",2025-09-13 07:21:29,2025-09-16 07:21:29,29.5,36.1,user_22,in_progress,feature,high,41.99,"bugfix,db,research",54.6,3,1
TASK-1304,Write feature for profile/ETL,"This task involves implementing a new feature related to profile. Expected steps: design, implementation.",2025-09-19 11:25:49,2025-09-29 11:25:49,27.9,33.0,,done,maintenance,high,38.06,ci,55.0,10,1
TASK-1305,Write refactor for payment/ETL,"This task involves updating a bug related to payment. Expected steps: design, implementation.",2025-09-03 03:02:15,2025-10-02 03:02:15,6.7,6.7,user_11,done,maintenance,high,32.15,"perf,research",9.1,29,1
TASK-1306,Implement feature for payment/dashboard feature,"This task involves fixing an API change related to payment. Expected steps: investigation, fix, release.",2025-09-11 18:24:09,2025-10-01 18:24:09,10.0,10.4,user_22,open,bug,high,31.44,"bugfix,security",50.8,20,1
TASK-1307,Research optimization for notifications/dashboard improvement,"This task involves researching performance improvement related to notifications. Expected steps: design, implementation.",2025-08-29 12:17:37,2025-09-06 12:17:37,2.3,3.2,user_1,done,maintenance,high,40.57,"docs,ci,backend",10.6,8,1
TASK-1308,Research doc update for reports/user profile improvement,"This task involves researching a new feature related to reports. Expected steps: write tests, refactor, deploy.",2025-09-05 17:52:17,2025-09-07 17:52:17,24.7,20.3,user_24,open,research,high,47.64,"ci,security,frontend",31.2,2,1
TASK-1309,Research feature for profile/login flow improvement,"This task involves refactoring an API change related to profile. Expected steps: write tests, refactor, deploy.",2025-09-23 02:43:31,2025-09-25 02:43:31,22.8,26.5,user_21,done,feature,high,35.52,"research,ci",27.7,2,1
TASK-1310,Research bug for database/reporting improvement,"This task involves updating an API change related to database. Expected steps: design, implementation.",2025-09-07 12:08:39,2025-09-28 12:08:39,18.6,17.5,user_4,open,research,high,36.41,"security,bugfix,db",24.8,21,1
TASK-1311,Research optimization for auth/dashboard improvement,"This task involves refactoring a new feature related to auth. Expected steps: write tests, refactor, deploy.",2025-08-27 07:17:48,2025-09-07 07:17:48,28.0,26.2,,blocked,bug,high,44.56,"perf,api,backend",31.4,11,1
TASK-1312,Research feature for analytics/reporting improvement,"This task involves researching an API change related to analytics. Expected steps: write tests, refactor, deploy.",2025-08-25 21:58:47,2025-08-31 21:58:47,36.6,48.7,user_22,done,feature,high,53.16,frontend,25.2,6,1
TASK-1313,Write feature for profile/schema,"This task involves fixing a new feature related to profile. Expected steps: design, implementation.",2025-08-24 16:54:40,2025-09-18 16:54:40,10.9,13.6,user_28,in_progress,bug,high,37.72,"docs,ci",35.3,25,1
TASK-1314,Research optimization for profile/search ranking improvement,"This task involves fixing an API change related to profile. Expected steps: analysis, design, implementation, testing.",2025-08-31 22:33:39,2025-09-18 22:33:39,11.8,14.7,user_27,blocked,bug,high,35.78,api,2.2,18,1
TASK-1315,Fix doc update in reports/reporting module,"This task involves writing a bug related to reports. Expected steps: analysis, design, implementation, testing.",2025-08-27 20:45:59,2025-09-02 20:45:59,7.3,10.2,user_22,in_progress,research,high,44.82,"bugfix,perf,api",55.9,6,1
TASK-1316,Fix doc update in database/email flow module,"This task involves researching a bug related to database. Expected steps: write tests, refactor, deploy.",2025-09-18 21:33:01,2025-09-21 21:33:01,12.4,12.5,user_23,done,documentation,high,36.12,"docs,ci,frontend",6.6,3,1
TASK-1317,Update optimization documentation for analytics/checkout,"This task involves updating an API change related to analytics. Expected steps: investigation, fix, release.",2025-09-06 09:50:45,2025-10-04 09:50:45,13.3,16.0,user_20,open,feature,high,30.73,"security,perf",29.6,28,1
TASK-1318,Implement doc update for reports/endpoint feature,"This task involves implementing a bug related to reports. Expected steps: analysis, design, implementation, testing.",2025-08-25 07:38:16,2025-09-15 07:38:16,32.1,29.1,user_7,blocked,maintenance,high,42.99,"api,security",48.4,21,1
TASK-1319,Implement doc update for auth/endpoint feature,"This task involves writing a bug related to auth. Expected steps: investigation, fix, release.",2025-09-02 14:34:18,2025-09-20 14:34:18,13.6,14.9,user_22,open,maintenance,high,37.84,"frontend,bugfix,docs",19.8,18,1
TASK-1320,Write bug for profile/user profile,"This task involves updating a new feature related to profile. Expected steps: write tests, refactor, deploy.",2025-08-29 06:14:44,2025-09-13 06:14:44,35.8,34.4,user_11,in_progress,maintenance,high,47.3,security,18.0,15,1
TASK-1321,Update refactor documentation for notifications/ETL,"This task involves fixing a new feature related to notifications. Expected steps: investigation, fix, release.",2025-09-17 14:01:58,2025-10-16 14:01:58,32.0,32.9,user_5,open,bug,high,27.1,"security,bugfix",34.3,29,1
TASK-1322,Research bug for UI/reporting improvement,"This task involves writing documentation related to UI. Expected steps: analysis, design, implementation, testing.",2025-09-01 17:50:44,2025-09-04 17:50:44,20.4,24.0,user_15,blocked,documentation,high,44.66,"bugfix,backend",22.5,3,1
TASK-1323,Fix optimization in API/checkout module,"This task involves refactoring a bug related to API. Expected steps: write tests, refactor, deploy.",2025-09-20 17:56:08,2025-09-25 17:56:08,8.4,6.3,,in_progress,research,high,32.23,"bugfix,backend",49.3,5,1
TASK-1324,Refactor bug in UI/endpoint,"This task involves researching performance improvement related to UI. Expected steps: analysis, design, implementation, testing.",2025-08-24 17:19:35,2025-09-23 17:19:35,2.7,4.4,user_28,open,maintenance,high,34.99,security,46.0,30,1
TASK-1325,Update refactor documentation for database/login flow,"This task involves writing a new feature related to database. Expected steps: investigation, fix, release.",2025-08-30 14:46:02,2025-09-09 14:46:02,11.8,8.2,user_15,in_progress,documentation,high,40.11,"backend,frontend",57.5,10,1
TASK-1326,Refactor feature in analytics/checkout,"This task involves refactoring documentation related to analytics. Expected steps: investigation, fix, release.",2025-09-01 17:31:29,2025-09-24 17:31:29,32.4,20.6,user_6,open,research,high,40.44,"perf,frontend,bugfix",1.7,23,1
TASK-1327,Update optimization documentation for auth/checkout,"This task involves fixing a bug related to auth. Expected steps: write tests, refactor, deploy.",2025-09-05 08:32:51,2025-09-28 08:32:51,24.2,32.6,user_27,in_progress,maintenance,high,35.92,"api,docs",42.8,23,1
TASK-1328,Update optimization documentation for analytics/checkout,"This task involves refactoring a new feature related to analytics. Expected steps: analysis, design, implementation, testing.",2025-09-17 23:37:12,2025-10-17 23:37:12,28.2,34.9,user_10,in_progress,maintenance,high,25.99,bugfix,51.7,30,1
TASK-1329,Refactor optimization in database/email flow,"This task involves implementing documentation related to database. Expected steps: investigation, fix, release.",2025-09-07 04:43:52,2025-09-08 04:43:52,3.5,4.2,user_16,in_progress,feature,high,40.11,"ci,bugfix",30.5,1,1
TASK-1330,Research refactor for payment/email flow improvement,"This task involves updating a bug related to payment. Expected steps: investigation, fix, release.",2025-09-09 13:56:39,2025-09-22 13:56:39,24.0,28.5,user_8,in_progress,maintenance,high,37.72,"docs,db",47.1,13,1
TASK-1331,Research refactor for reports/email flow improvement,"This task involves updating a new feature related to reports. Expected steps: design, implementation.",2025-09-13 11:26:53,2025-09-16 11:26:53,29.8,29.7,user_27,in_progress,research,high,42.94,"security,backend",49.3,3,1
TASK-1332,Implement bug for database/search ranking feature,"This task involves refactoring a bug related to database. Expected steps: write tests, refactor, deploy.",2025-09-03 10:06:04,2025-09-24 10:06:04,26.7,19.5,user_27,open,research,high,39.86,"frontend,bugfix,security",27.2,21,1
TASK-1333,Write refactor for search/reporting,"This task involves researching a new feature related to search. Expected steps: design, implementation.",2025-09-14 01:03:34,2025-09-25 01:03:34,12.7,13.0,user_22,open,maintenance,high,35.63,"backend,frontend",36.7,11,1
TASK-1334,Refactor doc update in search/dashboard,"This task involves fixing documentation related to search. Expected steps: analysis, design, implementation, testing.",2025-08-24 14:58:28,2025-09-11 14:58:28,33.0,26.3,user_28,open,bug,high,43.78,"ci,db,api",42.7,18,1
TASK-1335,Research refactor for search/search ranking improvement,"This task involves implementing a new feature related to search. Expected steps: write tests, refactor, deploy.",2025-08-28 18:29:49,2025-09-15 18:29:49,16.0,20.7,,blocked,feature,high,38.64,"bugfix,ci,frontend",4.3,18,1
TASK-1336,Fix optimization in UI/user profile module,"This task involves implementing a bug related to UI. Expected steps: design, implementation.",2025-09-12 20:46:56,2025-09-26 20:46:56,34.5,33.0,,in_progress,maintenance,high,38.52,"security,db",33.1,14,1
TASK-1337,Research feature for search/email flow improvement,"This task involves implementing performance improvement related to search. Expected steps: analysis, design, implementation, testing.",2025-09-10 22:28:59,2025-10-08 22:28:59,29.5,22.2,user_9,in_progress,research,high,31.28,frontend,34.1,28,1
TASK-1338,Update refactor documentation for notifications/checkout,"This task involves researching a bug related to notifications. Expected steps: design, implementation.",2025-09-15 12:06:03,2025-10-02 12:06:03,39.4,35.6,,blocked,maintenance,high,36.46,"ci,backend,docs",28.3,17,1
TASK-1339,Update refactor documentation for payment/ETL,"This task involves writing an API change related to payment. Expected steps: analysis, design, implementation, testing.",2025-09-20 16:56:55,2025-10-08 16:56:55,31.4,35.3,user_17,done,research,high,32.45,"api,research",17.4,18,1
TASK-1340,Fix refactor in reports/schema module,"This task involves writing a bug related to reports. Expected steps: write tests, refactor, deploy.",2025-09-10 22:37:44,2025-09-29 22:37:44,3.0,2.5,,blocked,research,high,27.74,"backend,bugfix",30.3,19,1
TASK-1341,Write refactor for database/dashboard,"This task involves writing documentation related to database. Expected steps: investigation, fix, release.",2025-08-25 00:35:36,2025-08-29 00:35:36,24.5,18.5,,in_progress,maintenance,high,49.75,research,47.0,4,1
TASK-1342,Implement refactor for profile/dashboard feature,"This task involves fixing documentation related to profile. Expected steps: analysis, design, implementation, testing.",2025-09-22 14:51:22,2025-10-12 14:51:22,37.4,40.1,user_16,blocked,maintenance,high,31.83,perf,43.6,20,1
TASK-1343,Implement doc update for API/reporting feature,"This task involves fixing documentation related to API. Expected steps: analysis, design, implementation, testing.",2025-08-26 04:11:02,2025-09-10 04:11:02,16.6,17.8,user_24,done,research,high,41.49,"db,perf,research",8.7,15,1
TASK-1344,Research optimization for auth/schema improvement,"This task involves researching documentation related to auth. Expected steps: analysis, design, implementation, testing.",2025-08-27 12:28:11,2025-09-14 12:28:11,25.9,22.0,,in_progress,documentation,high,41.85,"backend,research",39.3,18,1
TASK-1345,Research refactor for profile/endpoint improvement,"This task involves implementing an API change related to profile. Expected steps: investigation, fix, release.",2025-09-13 22:19:28,2025-09-19 22:19:28,13.2,11.3,user_1,blocked,bug,high,36.7,"backend,perf,api",13.2,6,1
TASK-1346,Write bug for database/endpoint,"This task involves fixing an API change related to database. Expected steps: analysis, design, implementation, testing.",2025-08-26 07:19:20,2025-09-15 07:19:20,26.6,28.5,user_20,in_progress,bug,high,40.25,"bugfix,db,ci",53.8,20,1
TASK-1347,Update doc update documentation for UI/schema,"This task involves researching a bug related to UI. Expected steps: write tests, refactor, deploy.",2025-09-21 06:42:29,2025-09-30 06:42:29,31.0,17.5,user_22,blocked,documentation,high,34.49,research,46.6,9,1
TASK-1348,Research bug for search/email flow improvement,"This task involves writing documentation related to search. Expected steps: design, implementation.",2025-09-06 19:34:52,2025-09-22 19:34:52,39.2,22.6,user_13,open,maintenance,high,38.88,"db,docs,backend",54.8,16,1
TASK-1349,Update bug documentation for database/checkout,"This task involves fixing a bug related to database. Expected steps: investigation, fix, release.",2025-09-16 21:58:41,2025-09-17 21:58:41,36.0,28.2,user_21,open,bug,high,43.52,"bugfix,api",54.3,1,1
TASK-1350,Refactor optimization in auth/ETL,"This task involves researching performance improvement related to auth. Expected steps: write tests, refactor, deploy.",2025-09-18 22:04:58,2025-10-13 22:04:58,32.7,30.6,user_8,open,maintenance,high,27.15,"api,ci,research",24.0,25,1
TASK-1351,Update refactor documentation for payment/email flow,"This task involves writing a bug related to payment. Expected steps: write tests, refactor, deploy.",2025-09-16 09:53:37,2025-09-26 09:53:37,26.3,28.8,user_2,done,feature,high,35.75,"backend,api",29.2,10,1
TASK-1352,Update feature documentation for profile/endpoint,"This task involves fixing a new feature related to profile. Expected steps: analysis, design, implementation, testing.",2025-09-15 04:34:46,2025-10-04 04:34:46,10.3,14.9,user_26,in_progress,documentation,high,29.56,"frontend,ci",20.4,19,1
TASK-1353,Write bug for auth/search ranking,"This task involves implementing an API change related to auth. Expected steps: write tests, refactor, deploy.",2025-09-21 19:13:55,2025-10-19 19:13:55,35.1,44.1,user_19,open,bug,high,24.2,perf,39.2,28,1
TASK-1354,Research feature for reports/login flow improvement,"This task involves updating a new feature related to reports. Expected steps: analysis, design, implementation, testing.",2025-08-29 18:23:12,2025-08-31 18:23:12,36.3,34.6,user_4,in_progress,feature,high,52.94,backend,6.9,2,1
TASK-1355,Refactor bug in reports/endpoint,"This task involves implementing performance improvement related to reports. Expected steps: investigation, fix, release.",2025-09-17 22:39:45,2025-10-11 22:39:45,27.5,27.3,user_22,in_progress,feature,high,28.11,frontend,35.6,24,1
TASK-1356,Write doc update for payment/checkout,"This task involves implementing performance improvement related to payment. Expected steps: design, implementation.",2025-09-14 11:42:01,2025-10-02 11:42:01,7.4,5.2,user_19,open,bug,high,31.44,"ci,db,bugfix",0.9,18,1
TASK-1357,Research bug for payment/login flow improvement,"This task involves implementing a bug related to payment. Expected steps: investigation, fix, release.",2025-09-06 02:02:50,2025-10-02 02:02:50,31.9,31.7,user_5,open,documentation,high,35.0,"docs,bugfix",36.6,26,1
TASK-1358,Fix optimization in reports/dashboard module,"This task involves refactoring a bug related to reports. Expected steps: investigation, fix, release.",2025-09-04 00:49:19,2025-09-05 00:49:19,22.8,20.8,user_17,done,research,high,45.87,"security,docs,perf",46.2,1,1
TASK-1359,Update bug documentation for API/schema,"This task involves implementing a bug related to API. Expected steps: design, implementation.",2025-09-14 03:44:34,2025-10-14 03:44:34,19.5,21.4,user_22,done,bug,high,27.12,"docs,db",15.1,30,1
TASK-1360,Refactor bug in profile/login flow,"This task involves updating a bug related to profile. Expected steps: design, implementation.",2025-08-29 08:09:36,2025-08-30 08:09:36,19.9,15.0,user_29,open,maintenance,high,49.44,"db,docs",44.8,1,1
TASK-1361,Write doc update for API/checkout,"This task involves implementing a bug related to API. Expected steps: design, implementation.",2025-09-15 17:32:45,2025-10-13 17:32:45,8.8,10.2,,open,research,high,24.18,"bugfix,docs",55.7,28,1
TASK-1362,Research doc update for UI/search ranking improvement,"This task involves implementing performance improvement related to UI. Expected steps: design, implementation.",2025-09-12 13:25:21,2025-09-21 13:25:21,8.9,13.0,user_23,in_progress,documentation,high,33.96,"perf,db",10.3,9,1
TASK-1363,Write refactor for API/schema,"This task involves implementing an API change related to API. Expected steps: design, implementation.",2025-09-10 22:36:53,2025-09-28 22:36:53,34.3,33.2,user_28,in_progress,feature,high,37.32,"research,frontend",43.8,18,1
TASK-1364,Update doc update documentation for API/endpoint,"This task involves researching an API change related to API. Expected steps: design, implementation.",2025-09-20 08:28:47,2025-10-09 08:28:47,37.9,42.5,,done,maintenance,high,34.98,perf,44.0,19,1
TASK-1365,Refactor refactor in auth/search ranking,"This task involves researching performance improvement related to auth. Expected steps: analysis, design, implementation, testing.",2025-09-07 04:07:30,2025-09-15 04:07:30,4.2,5.1,user_23,in_progress,feature,high,36.0,"docs,backend",1.0,8,1
TASK-1366,Update optimization documentation for database/dashboard,"This task involves refactoring an API change related to database. Expected steps: analysis, design, implementation, testing.",2025-09-22 21:23:25,2025-10-07 21:23:25,31.1,27.4,,in_progress,documentation,high,32.35,"frontend,backend,db",53.6,15,1
TASK-1367,Write doc update for analytics/login flow,"This task involves researching documentation related to analytics. Expected steps: design, implementation.",2025-09-17 05:30:20,2025-09-20 05:30:20,25.2,26.9,user_30,open,documentation,high,41.48,db,21.9,3,1
TASK-1368,Refactor doc update in auth/email flow,"This task involves implementing an API change related to auth. Expected steps: analysis, design, implementation, testing.",2025-09-10 10:06:48,2025-10-05 10:06:48,9.0,9.0,,open,bug,high,29.55,"ci,docs,security",19.2,25,1
TASK-1369,Write doc update for analytics/search ranking,"This task involves fixing a bug related to analytics. Expected steps: investigation, fix, release.",2025-09-03 22:55:50,2025-09-19 22:55:50,20.6,21.2,user_16,in_progress,research,high,40.62,"ci,api",48.0,16,1
TASK-1370,Update optimization documentation for payment/endpoint,"This task involves fixing a bug related to payment. Expected steps: write tests, refactor, deploy.",2025-09-20 12:53:18,2025-09-30 12:53:18,38.4,29.5,user_6,open,feature,high,37.16,security,57.1,10,1
TASK-1371,Fix refactor in database/search ranking module,"This task involves implementing performance improvement related to database. Expected steps: investigation, fix, release.",2025-09-06 04:51:39,2025-09-30 04:51:39,26.1,26.3,user_3,open,feature,high,36.39,"api,db,ci",39.3,24,1
TASK-1372,Write refactor for profile/reporting,"This task involves refactoring performance improvement related to profile. Expected steps: write tests, refactor, deploy.",2025-09-02 17:18:24,2025-09-07 17:18:24,36.0,41.4,user_26,open,maintenance,high,47.06,"frontend,bugfix",21.2,5,1
TASK-1373,Research feature for UI/reporting improvement,"This task involves updating an API change related to UI. Expected steps: investigation, fix, release.",2025-08-30 01:36:33,2025-09-05 01:36:33,33.7,48.4,user_22,blocked,feature,high,47.43,api,34.5,6,1
TASK-1374,Research feature for database/email flow improvement,"This task involves implementing an API change related to database. Expected steps: analysis, design, implementation, testing.",2025-09-13 13:33:56,2025-09-25 13:33:56,6.8,8.8,user_6,in_progress,bug,high,35.46,"perf,bugfix",56.9,12,1
TASK-1375,Write refactor for UI/login flow,"This task involves refactoring documentation related to UI. Expected steps: investigation, fix, release.",2025-09-07 19:34:59,2025-09-17 19:34:59,38.8,63.9,user_19,in_progress,research,high,44.4,"api,backend",43.9,10,1
TASK-1376,Fix bug in UI/ETL module,"This task involves writing a bug related to UI. Expected steps: write tests, refactor, deploy.",2025-09-12 02:58:59,2025-09-20 02:58:59,18.4,14.2,user_2,in_progress,feature,high,38.6,research,11.7,8,1
TASK-1377,Fix bug in analytics/user profile module,"This task involves refactoring performance improvement related to analytics. Expected steps: design, implementation.",2025-09-08 07:30:08,2025-09-28 07:30:08,24.6,31.0,,done,documentation,high,34.91,"db,api,ci",22.4,20,1
TASK-1378,Write doc update for notifications/email flow,"This task involves researching an API change related to notifications. Expected steps: analysis, design, implementation, testing.",2025-08-31 01:40:04,2025-09-29 01:40:04,18.3,19.3,,blocked,documentation,high,31.98,"db,ci,bugfix",50.1,29,1
TASK-1379,Refactor feature in payment/dashboard,"This task involves writing performance improvement related to payment. Expected steps: investigation, fix, release.",2025-08-26 13:58:14,2025-09-14 13:58:14,30.5,50.5,user_14,in_progress,documentation,high,43.17,"perf,bugfix,docs",11.2,19,1
TASK-1380,Research optimization for database/ETL improvement,"This task involves fixing documentation related to database. Expected steps: investigation, fix, release.",2025-09-08 10:07:11,2025-10-02 10:07:11,19.1,14.5,user_1,open,documentation,high,34.6,"perf,backend,research",25.0,24,1
TASK-1381,Research bug for API/login flow improvement,"This task involves writing performance improvement related to API. Expected steps: analysis, design, implementation, testing.",2025-09-11 13:34:09,2025-09-23 13:34:09,23.7,17.7,user_28,open,maintenance,high,40.11,api,30.8,12,1
TASK-1382,Refactor feature in auth/schema,"This task involves refactoring a bug related to auth. Expected steps: design, implementation.",2025-09-03 04:32:16,2025-10-02 04:32:16,28.0,23.0,user_2,open,maintenance,high,34.78,"frontend,research",17.5,29,1
TASK-1383,Update feature documentation for payment/ETL,"This task involves updating a new feature related to payment. Expected steps: analysis, design, implementation, testing.",2025-09-11 13:28:35,2025-09-17 13:28:35,22.2,8.1,,blocked,documentation,high,39.3,"api,backend,ci",49.4,6,1
TASK-1384,Fix doc update in UI/ETL module,"This task involves writing performance improvement related to UI. Expected steps: write tests, refactor, deploy.",2025-09-03 19:23:34,2025-10-03 19:23:34,7.4,6.2,user_17,open,feature,high,30.46,"ci,security,backend",25.0,30,1
TASK-1385,Fix bug in payment/dashboard module,"This task involves researching documentation related to payment. Expected steps: investigation, fix, release.",2025-09-14 07:55:26,2025-09-19 07:55:26,32.9,25.4,,in_progress,documentation,high,39.94,"frontend,backend",13.3,5,1
TASK-1386,Update doc update documentation for UI/endpoint,"This task involves implementing a new feature related to UI. Expected steps: design, implementation.",2025-09-23 00:45:58,2025-10-07 00:45:58,27.9,29.2,user_3,open,maintenance,high,32.87,docs,6.5,14,1
TASK-1387,Update bug documentation for analytics/reporting,"This task involves researching a bug related to analytics. Expected steps: investigation, fix, release.",2025-08-25 21:31:48,2025-09-04 21:31:48,27.0,29.8,user_26,open,research,high,45.93,bugfix,40.2,10,1
TASK-1388,Fix doc update in payment/dashboard module,"This task involves refactoring documentation related to payment. Expected steps: investigation, fix, release.",2025-08-29 09:58:07,2025-09-15 09:58:07,31.5,49.2,user_17,in_progress,bug,high,44.9,security,13.0,17,1
TASK-1389,Implement refactor for database/dashboard feature,"This task involves fixing a bug related to database. Expected steps: design, implementation.",2025-09-21 05:06:39,2025-10-19 05:06:39,28.6,36.8,user_19,open,bug,high,24.12,"db,ci",12.9,28,1
TASK-1390,Implement doc update for search/checkout feature,"This task involves fixing performance improvement related to search. Expected steps: analysis, design, implementation, testing.",2025-09-09 04:34:16,2025-09-25 04:34:16,30.7,25.4,user_18,in_progress,bug,high,37.28,db,17.0,16,1
TASK-1391,Refactor feature in database/user profile,"This task involves refactoring performance improvement related to database. Expected steps: investigation, fix, release.",2025-09-23 03:32:25,2025-10-07 03:32:25,8.4,6.1,user_27,blocked,documentation,high,26.08,"perf,backend,db",26.3,14,1
TASK-1392,Update feature documentation for payment/checkout,"This task involves researching performance improvement related to payment. Expected steps: analysis, design, implementation, testing.",2025-09-15 20:11:54,2025-10-14 20:11:54,39.1,44.9,user_7,open,research,high,31.54,"backend,docs",50.3,29,1
TASK-1393,Update refactor documentation for profile/schema,"This task involves refactoring documentation related to profile. Expected steps: write tests, refactor, deploy.",2025-09-04 06:45:26,2025-09-26 06:45:26,24.5,14.8,user_16,in_progress,feature,high,37.74,backend,15.0,22,1
TASK-1394,Research bug for API/dashboard improvement,"This task involves fixing a bug related to API. Expected steps: analysis, design, implementation, testing.",2025-09-08 13:01:28,2025-09-09 13:01:28,38.9,60.3,user_22,open,documentation,high,48.39,backend,39.7,1,1
TASK-1395,Refactor feature in profile/user profile,"This task involves writing performance improvement related to profile. Expected steps: write tests, refactor, deploy.",2025-09-08 17:49:10,2025-09-26 17:49:10,14.4,19.5,,in_progress,bug,high,36.33,db,27.0,18,1
TASK-1396,Research bug for profile/user profile improvement,"This task involves fixing a new feature related to profile. Expected steps: investigation, fix, release.",2025-09-20 03:21:05,2025-09-26 03:21:05,20.2,17.4,user_23,open,bug,high,35.88,"security,ci",34.3,6,1
TASK-1397,Research refactor for analytics/dashboard improvement,"This task involves fixing performance improvement related to analytics. Expected steps: investigation, fix, release.",2025-09-08 10:32:42,2025-09-21 10:32:42,25.1,12.2,user_10,open,bug,high,39.47,api,20.9,13,1
TASK-1398,Update doc update documentation for reports/login flow,"This task involves researching a bug related to reports. Expected steps: write tests, refactor, deploy.",2025-09-03 22:52:13,2025-09-15 22:52:13,17.1,24.0,user_8,open,documentation,high,40.38,"backend,research,ci",20.3,12,1
TASK-1399,Fix bug in analytics/email flow module,"This task involves researching performance improvement related to analytics. Expected steps: write tests, refactor, deploy.",2025-09-01 14:19:58,2025-09-24 14:19:58,19.3,18.6,user_11,open,maintenance,high,35.47,perf,6.0,23,1
TASK-1400,Update optimization documentation for API/email flow,"This task involves refactoring documentation related to API. Expected steps: design, implementation.",2025-09-12 01:02:36,2025-09-24 01:02:36,38.8,53.2,user_21,blocked,bug,high,41.96,"docs,research,security",2.9,12,1
TASK-1401,Refactor refactor in search/endpoint,"This task involves updating a bug related to search. Expected steps: analysis, design, implementation, testing.",2025-09-11 08:30:35,2025-09-20 08:30:35,3.6,1.9,user_16,in_progress,documentation,high,36.7,"research,security,ci",26.0,9,1
TASK-1402,Refactor optimization in notifications/endpoint,"This task involves researching documentation related to notifications. Expected steps: write tests, refactor, deploy.",2025-09-13 17:53:26,2025-10-01 17:53:26,8.0,6.6,user_23,in_progress,feature,high,30.48,perf,16.1,18,1
TASK-1403,Update optimization documentation for analytics/reporting,"This task involves refactoring a bug related to analytics. Expected steps: design, implementation.",2025-09-04 12:38:42,2025-09-09 12:38:42,10.4,10.4,user_25,open,maintenance,high,41.63,docs,50.8,5,1
TASK-1404,Write doc update for database/dashboard,"This task involves updating an API change related to database. Expected steps: design, implementation.",2025-09-05 18:35:27,2025-09-09 18:35:27,6.8,6.9,user_26,blocked,maintenance,high,40.79,"db,frontend",12.1,4,1
TASK-1405,Write doc update for UI/login flow,"This task involves writing an API change related to UI. Expected steps: design, implementation.",2025-09-12 22:15:32,2025-09-14 22:15:32,38.6,33.4,user_1,open,bug,high,43.79,"backend,db",53.8,2,1
TASK-1406,Update feature documentation for payment/search ranking,"This task involves implementing a bug related to payment. Expected steps: analysis, design, implementation, testing.",2025-09-09 06:10:36,2025-10-06 06:10:36,23.6,28.0,user_17,open,bug,high,29.91,api,19.8,27,1
TASK-1407,Refactor optimization in search/endpoint,"This task involves implementing a new feature related to search. Expected steps: analysis, design, implementation, testing.",2025-08-29 20:28:42,2025-09-07 20:28:42,18.1,12.3,user_19,open,research,high,43.49,api,32.7,9,1
TASK-1408,Research feature for API/schema improvement,"This task involves writing performance improvement related to API. Expected steps: investigation, fix, release.",2025-09-18 05:45:01,2025-09-19 05:45:01,26.2,25.1,,open,bug,high,41.19,"docs,research,db",18.6,1,1
TASK-1409,Update refactor documentation for notifications/checkout,"This task involves implementing performance improvement related to notifications. Expected steps: write tests, refactor, deploy.",2025-08-24 20:01:51,2025-09-06 20:01:51,37.2,38.5,,open,feature,high,47.43,perf,37.9,13,1
TASK-1410,Update doc update documentation for search/login flow,"This task involves fixing performance improvement related to search. Expected steps: write tests, refactor, deploy.",2025-09-15 16:57:56,2025-10-15 16:57:56,33.8,39.0,user_29,done,bug,high,29.88,"research,security,backend",21.1,30,1
TASK-1411,Refactor optimization in analytics/email flow,"This task involves updating a bug related to analytics. Expected steps: analysis, design, implementation, testing.",2025-09-12 20:09:21,2025-09-18 20:09:21,25.6,31.1,user_5,open,feature,high,40.76,"ci,backend",6.6,6,1
TASK-1412,Implement refactor for analytics/dashboard feature,"This task involves updating performance improvement related to analytics. Expected steps: investigation, fix, release.",2025-09-07 03:26:24,2025-10-05 03:26:24,29.7,19.7,user_22,in_progress,documentation,high,34.44,backend,24.9,28,1
TASK-1413,Implement refactor for search/search ranking feature,"This task involves implementing a bug related to search. Expected steps: analysis, design, implementation, testing.",2025-09-21 07:00:29,2025-10-12 07:00:29,24.9,13.4,user_3,done,feature,high,27.29,frontend,24.1,21,1
TASK-1414,Research feature for reports/schema improvement,"This task involves fixing documentation related to reports. Expected steps: design, implementation.",2025-09-22 00:22:57,2025-09-26 00:22:57,1.6,2.2,user_25,done,maintenance,high,33.46,"backend,docs",42.8,4,1
TASK-1415,Implement optimization for database/schema feature,"This task involves researching a new feature related to database. Expected steps: write tests, refactor, deploy.",2025-09-19 06:55:50,2025-10-09 06:55:50,9.4,10.3,user_24,in_progress,maintenance,high,25.28,frontend,17.4,20,1
TASK-1416,Write optimization for API/reporting,"This task involves implementing documentation related to API. Expected steps: write tests, refactor, deploy.",2025-08-27 04:05:57,2025-09-12 04:05:57,6.2,4.8,user_23,open,feature,high,40.81,"db,research,backend",5.7,16,1
TASK-1417,Fix feature in auth/email flow module,"This task involves researching documentation related to auth. Expected steps: analysis, design, implementation, testing.",2025-08-24 18:13:38,2025-09-10 18:13:38,25.2,36.9,user_13,in_progress,feature,high,46.38,"frontend,bugfix,research",10.2,17,1
TASK-1418,Research feature for notifications/user profile improvement,"This task involves fixing documentation related to notifications. Expected steps: write tests, refactor, deploy.",2025-08-28 20:27:37,2025-09-01 20:27:37,13.2,13.7,,in_progress,documentation,high,47.38,"research,ci",36.8,4,1
TASK-1419,Write optimization for analytics/email flow,"This task involves implementing documentation related to analytics. Expected steps: write tests, refactor, deploy.",2025-09-16 12:12:49,2025-09-21 12:12:49,22.7,30.7,,in_progress,maintenance,high,36.31,frontend,13.8,5,1
TASK-1420,Fix feature in profile/schema module,"This task involves updating performance improvement related to profile. Expected steps: write tests, refactor, deploy.",2025-08-28 01:54:17,2025-09-26 01:54:17,37.2,38.0,user_12,done,research,high,38.87,"backend,bugfix",7.4,29,1
TASK-1421,Fix feature in API/schema module,"This task involves implementing an API change related to API. Expected steps: investigation, fix, release.",2025-09-10 11:54:20,2025-10-02 11:54:20,23.8,38.5,user_1,in_progress,research,high,31.66,docs,46.1,22,1
TASK-1422,Update bug documentation for payment/email flow,"This task involves writing a bug related to payment. Expected steps: write tests, refactor, deploy.",2025-09-04 19:19:45,2025-10-04 19:19:45,38.1,58.2,user_5,open,maintenance,high,36.27,"perf,ci,research",35.7,30,1
TASK-1423,Fix refactor in notifications/login flow module,"This task involves researching documentation related to notifications. Expected steps: design, implementation.",2025-08-30 22:33:05,2025-09-01 22:33:05,32.3,29.9,user_26,open,bug,high,50.2,"db,backend,ci",15.3,2,1
TASK-1424,Implement bug for search/checkout feature,"This task involves implementing a new feature related to search. Expected steps: write tests, refactor, deploy.",2025-09-16 23:36:07,2025-09-26 23:36:07,26.2,33.8,,open,documentation,high,36.19,"research,bugfix",21.5,10,1
TASK-1425,Fix feature in notifications/ETL module,"This task involves researching performance improvement related to notifications. Expected steps: write tests, refactor, deploy.",2025-09-07 21:24:14,2025-09-26 21:24:14,24.4,29.1,user_14,blocked,research,high,34.31,"db,backend,frontend",30.8,19,1
TASK-1426,Research optimization for API/dashboard improvement,"This task involves refactoring an API change related to API. Expected steps: analysis, design, implementation, testing.",2025-09-02 07:40:25,2025-09-16 07:40:25,4.1,5.8,user_10,open,feature,high,38.24,"docs,security",25.7,14,1
TASK-1427,Refactor bug in auth/ETL,"This task involves fixing an API change related to auth. Expected steps: analysis, design, implementation, testing.",2025-09-08 22:02:11,2025-09-22 22:02:11,4.7,3.3,user_19,blocked,documentation,high,32.71,security,1.0,14,1
TASK-1428,Update feature documentation for profile/dashboard,"This task involves researching a bug related to profile. Expected steps: analysis, design, implementation, testing.",2025-09-06 02:04:06,2025-09-29 02:04:06,12.6,15.2,user_15,blocked,maintenance,high,33.14,"api,bugfix",12.7,23,1
TASK-1429,Fix bug in reports/schema module,"This task involves researching an API change related to reports. Expected steps: analysis, design, implementation, testing.",2025-08-24 18:34:38,2025-08-28 18:34:38,1.5,2.0,user_15,in_progress,research,high,46.93,"ci,api",41.4,4,1
TASK-1430,Update bug documentation for search/schema,"This task involves implementing a new feature related to search. Expected steps: analysis, design, implementation, testing.",2025-08-30 07:44:41,2025-09-26 07:44:41,1.6,0.8,,done,feature,high,31.73,docs,26.1,27,1
TASK-1431,Update bug documentation for analytics/endpoint,"This task involves writing performance improvement related to analytics. Expected steps: design, implementation.",2025-09-07 19:38:22,2025-09-08 19:38:22,5.5,3.5,,in_progress,maintenance,high,43.42,"frontend,perf",35.1,1,1
TASK-1432,Implement optimization for database/reporting feature,"This task involves fixing documentation related to database. Expected steps: analysis, design, implementation, testing.",2025-08-27 16:17:06,2025-09-24 16:17:06,28.8,11.2,,blocked,research,high,38.24,"research,frontend,perf",24.0,28,1
TASK-1433,Refactor optimization in reports/reporting,"This task involves implementing a bug related to reports. Expected steps: analysis, design, implementation, testing.",2025-09-06 06:12:38,2025-09-17 06:12:38,22.6,20.8,user_21,in_progress,maintenance,high,38.6,"api,perf,db",1.2,11,1
TASK-1434,Write doc update for API/user profile,"This task involves researching a new feature related to API. Expected steps: design, implementation.",2025-09-11 05:28:54,2025-10-03 05:28:54,14.2,17.3,user_27,in_progress,maintenance,high,29.0,"db,ci",50.0,22,1
TASK-1435,Update feature documentation for notifications/user profile,"This task involves refactoring a new feature related to notifications. Expected steps: investigation, fix, release.",2025-09-14 07:40:10,2025-09-17 07:40:10,27.0,39.2,user_7,open,maintenance,high,39.4,"perf,research",14.1,3,1
TASK-1436,Refactor doc update in auth/login flow,"This task involves writing documentation related to auth. Expected steps: design, implementation.",2025-08-29 20:09:43,2025-09-26 20:09:43,35.9,36.7,user_3,open,bug,high,38.77,security,13.4,28,1
TASK-1437,Write bug for notifications/email flow,"This task involves refactoring documentation related to notifications. Expected steps: design, implementation.",2025-09-19 04:49:16,2025-10-17 04:49:16,21.1,31.4,user_23,open,maintenance,high,26.71,backend,46.9,28,1
TASK-1438,Refactor bug in payment/ETL,"This task involves refactoring a bug related to payment. Expected steps: design, implementation.",2025-09-12 11:54:51,2025-10-10 11:54:51,9.0,5.3,user_24,open,maintenance,high,27.61,"backend,bugfix",38.8,28,1
TASK-1439,Write feature for UI/checkout,"This task involves researching performance improvement related to UI. Expected steps: analysis, design, implementation, testing.",2025-08-31 22:59:42,2025-09-26 22:59:42,19.5,9.5,user_6,open,documentation,high,35.98,"api,docs",9.1,26,1
TASK-1440,Refactor feature in search/endpoint,"This task involves researching performance improvement related to search. Expected steps: write tests, refactor, deploy.",2025-09-20 12:58:27,2025-10-18 12:58:27,21.1,20.7,user_1,in_progress,bug,high,25.81,"backend,ci,api",18.9,28,1
TASK-1441,Implement optimization for search/login flow feature,"This task involves fixing a new feature related to search. Expected steps: analysis, design, implementation, testing.",2025-09-22 22:20:06,2025-10-15 22:20:06,32.2,35.9,,done,maintenance,high,27.45,"security,research,api",54.6,23,1
TASK-1442,Fix refactor in database/ETL module,"This task involves implementing performance improvement related to database. Expected steps: write tests, refactor, deploy.",2025-09-12 21:57:38,2025-10-11 21:57:38,22.2,22.0,user_21,in_progress,documentation,high,29.88,"db,docs,research",5.1,29,1
TASK-1443,Refactor feature in notifications/search ranking,"This task involves refactoring an API change related to notifications. Expected steps: investigation, fix, release.",2025-08-31 00:15:22,2025-09-17 00:15:22,22.5,8.5,user_25,in_progress,bug,high,38.14,"ci,research,docs",49.9,17,1
TASK-1444,Write bug for search/ETL,"This task involves updating a bug related to search. Expected steps: investigation, fix, release.",2025-09-01 09:23:31,2025-09-18 09:23:31,14.8,14.4,user_21,done,maintenance,high,37.45,"frontend,perf,api",59.0,17,1
TASK-1445,Update refactor documentation for reports/reporting,"This task involves refactoring a new feature related to reports. Expected steps: investigation, fix, release.",2025-09-02 13:47:33,2025-09-24 13:47:33,31.6,19.2,user_22,open,maintenance,high,38.92,backend,19.7,22,1
TASK-1446,Refactor optimization in API/email flow,"This task involves fixing a new feature related to API. Expected steps: write tests, refactor, deploy.",2025-09-18 10:50:33,2025-09-21 10:50:33,4.6,5.5,user_5,in_progress,maintenance,high,32.81,"security,db,ci",52.3,3,1
TASK-1447,Refactor optimization in profile/search ranking,"This task involves updating performance improvement related to profile. Expected steps: write tests, refactor, deploy.",2025-09-18 07:30:43,2025-09-23 07:30:43,20.7,23.0,user_15,open,research,high,38.96,docs,27.3,5,1
TASK-1448,Fix doc update in UI/ETL module,"This task involves fixing an API change related to UI. Expected steps: write tests, refactor, deploy.",2025-08-27 21:48:34,2025-09-08 21:48:34,23.3,16.7,user_5,open,documentation,high,47.12,"research,perf",1.7,12,1
TASK-1449,Implement optimization for UI/reporting feature,"This task involves fixing documentation related to UI. Expected steps: investigation, fix, release.",2025-08-31 01:35:09,2025-09-27 01:35:09,29.8,25.2,user_18,open,bug,high,36.55,"research,perf,api",46.9,27,1
TASK-1450,Research feature for reports/dashboard improvement,"This task involves refactoring performance improvement related to reports. Expected steps: write tests, refactor, deploy.",2025-09-13 14:45:58,2025-09-18 14:45:58,34.8,23.7,user_26,in_progress,research,high,41.51,db,20.3,5,1
TASK-1451,Fix bug in profile/schema module,"This task involves implementing a bug related to profile. Expected steps: investigation, fix, release.",2025-09-10 10:19:09,2025-09-14 10:19:09,26.1,25.6,user_20,in_progress,bug,high,45.01,"docs,perf,frontend",7.2,4,1
TASK-1452,Refactor doc update in UI/login flow,"This task involves implementing a new feature related to UI. Expected steps: write tests, refactor, deploy.",2025-08-27 03:18:50,2025-09-14 03:18:50,24.7,31.8,user_2,in_progress,bug,high,41.64,db,1.4,18,1
TASK-1453,Refactor doc update in notifications/search ranking,"This task involves fixing a bug related to notifications. Expected steps: analysis, design, implementation, testing.",2025-09-09 20:26:54,2025-09-19 20:26:54,6.6,4.6,user_3,open,maintenance,high,36.71,ci,57.7,10,1
TASK-1454,Implement doc update for auth/login flow feature,"This task involves researching a bug related to auth. Expected steps: investigation, fix, release.",2025-08-28 20:56:20,2025-09-26 20:56:20,13.6,15.7,user_27,done,bug,high,32.23,"ci,docs,perf",30.5,29,1
TASK-1455,Refactor doc update in search/checkout,"This task involves fixing documentation related to search. Expected steps: write tests, refactor, deploy.",2025-09-10 04:36:52,2025-09-13 04:36:52,19.9,16.7,user_8,done,bug,high,40.83,"backend,docs,bugfix",18.3,3,1
TASK-1456,Research refactor for profile/checkout improvement,"This task involves implementing a new feature related to profile. Expected steps: investigation, fix, release.",2025-09-09 19:29:02,2025-09-15 19:29:02,31.5,24.0,user_14,done,research,high,42.56,perf,57.7,6,1
TASK-1457,Refactor bug in database/dashboard,"This task involves fixing performance improvement related to database. Expected steps: investigation, fix, release.",2025-09-11 12:49:55,2025-10-08 12:49:55,27.5,26.6,,blocked,feature,high,31.43,"research,frontend,bugfix",44.4,27,1
TASK-1458,Refactor bug in payment/schema,"This task involves researching a bug related to payment. Expected steps: design, implementation.",2025-09-15 08:25:14,2025-09-24 08:25:14,35.3,24.3,user_17,done,documentation,high,41.48,"research,perf",16.4,9,1
TASK-1459,Update feature documentation for notifications/email flow,"This task involves researching an API change related to notifications. Expected steps: investigation, fix, release.",2025-08-25 01:47:49,2025-09-17 01:47:49,6.2,5.2,,in_progress,bug,high,39.25,"bugfix,db,perf",45.7,23,1
TASK-1460,Refactor refactor in payment/checkout,"This task involves fixing performance improvement related to payment. Expected steps: analysis, design, implementation, testing.",2025-09-04 04:31:25,2025-10-01 04:31:25,15.7,10.1,user_13,open,bug,high,30.26,"docs,perf",0.6,27,1
TASK-1461,Update doc update documentation for auth/schema,"This task involves implementing a bug related to auth. Expected steps: investigation, fix, release.",2025-09-17 20:25:33,2025-09-25 20:25:33,10.1,16.1,user_12,open,maintenance,high,35.54,"ci,docs,frontend",11.8,8,1
TASK-1462,Update doc update documentation for search/checkout,"This task involves refactoring an API change related to search. Expected steps: write tests, refactor, deploy.",2025-08-29 17:06:39,2025-09-05 17:06:39,26.7,27.0,user_22,in_progress,feature,high,44.67,backend,7.6,7,1
TASK-1463,Refactor doc update in API/ETL,"This task involves implementing a bug related to API. Expected steps: investigation, fix, release.",2025-09-14 00:27:26,2025-10-13 00:27:26,18.7,14.8,,in_progress,bug,high,28.51,"db,ci",16.4,29,1
TASK-1464,Update optimization documentation for analytics/user profile,"This task involves writing an API change related to analytics. Expected steps: analysis, design, implementation, testing.",2025-09-20 02:42:18,2025-09-28 02:42:18,2.8,3.0,,in_progress,documentation,high,28.59,api,4.9,8,1
TASK-1465,Refactor optimization in auth/endpoint,"This task involves fixing a new feature related to auth. Expected steps: design, implementation.",2025-08-29 12:47:39,2025-09-08 12:47:39,3.5,3.4,user_1,in_progress,bug,high,41.66,"api,research,docs",6.5,10,1
TASK-1466,Implement doc update for notifications/login flow feature,"This task involves refactoring a new feature related to notifications. Expected steps: analysis, design, implementation, testing.",2025-09-16 20:54:25,2025-10-06 20:54:25,18.1,16.9,user_15,in_progress,bug,high,31.99,db,18.8,20,1
TASK-1467,Update bug documentation for payment/dashboard,"This task involves researching a bug related to payment. Expected steps: investigation, fix, release.",2025-09-11 22:05:57,2025-09-25 22:05:57,3.6,4.3,user_18,open,maintenance,high,31.73,"db,docs,frontend",27.2,14,1
TASK-1468,Research refactor for search/reporting improvement,"This task involves fixing documentation related to search. Expected steps: analysis, design, implementation, testing.",2025-09-07 05:18:09,2025-09-18 05:18:09,23.9,29.3,user_1,in_progress,bug,high,40.74,ci,7.6,11,1
TASK-1469,Refactor optimization in database/email flow,"This task involves researching an API change related to database. Expected steps: write tests, refactor, deploy.",2025-08-30 04:13:56,2025-09-04 04:13:56,32.1,27.0,user_10,in_progress,research,high,51.22,"research,security",46.5,5,1
TASK-1470,Implement refactor for profile/schema feature,"This task involves writing documentation related to profile. Expected steps: investigation, fix, release.",2025-09-22 16:57:45,2025-10-09 16:57:45,23.9,19.8,user_2,open,research,high,31.07,"api,docs",58.6,17,1
TASK-1471,Update doc update documentation for API/checkout,"This task involves implementing performance improvement related to API. Expected steps: write tests, refactor, deploy.",2025-09-11 14:11:46,2025-09-22 14:11:46,34.2,31.4,user_11,in_progress,maintenance,high,39.48,perf,52.6,11,1
TASK-1472,Fix bug in profile/endpoint module,"This task involves updating a new feature related to profile. Expected steps: design, implementation.",2025-09-07 14:16:26,2025-09-14 14:16:26,10.3,3.2,user_27,open,maintenance,high,38.09,frontend,21.8,7,1
TASK-1473,Fix refactor in notifications/login flow module,"This task involves fixing a new feature related to notifications. Expected steps: investigation, fix, release.",2025-09-06 19:27:40,2025-09-27 19:27:40,23.8,13.0,user_2,done,feature,high,33.75,docs,53.1,21,1
TASK-1474,Update refactor documentation for UI/email flow,"This task involves implementing a new feature related to UI. Expected steps: design, implementation.",2025-08-25 05:50:30,2025-09-21 05:50:30,11.2,15.8,user_27,in_progress,maintenance,high,37.01,api,56.2,27,1
TASK-1475,Write doc update for profile/endpoint,"This task involves writing a new feature related to profile. Expected steps: write tests, refactor, deploy.",2025-09-19 22:48:24,2025-09-22 22:48:24,5.6,8.4,,open,feature,high,32.58,"api,ci",36.0,3,1
TASK-1476,Update refactor documentation for API/login flow,"This task involves refactoring a new feature related to API. Expected steps: investigation, fix, release.",2025-09-17 06:52:14,2025-09-28 06:52:14,10.6,9.8,user_9,done,research,high,34.96,"docs,backend",47.1,11,1
TASK-1477,Update feature documentation for reports/checkout,"This task involves refactoring performance improvement related to reports. Expected steps: investigation, fix, release.",2025-09-08 13:21:02,2025-09-23 13:21:02,8.0,9.4,user_17,in_progress,maintenance,high,34.47,"db,frontend,docs",13.2,15,1
TASK-1478,Implement optimization for profile/endpoint feature,"This task involves implementing documentation related to profile. Expected steps: write tests, refactor, deploy.",2025-09-20 06:14:16,2025-10-09 06:14:16,7.1,7.8,user_9,in_progress,feature,high,27.68,"perf,security",21.1,19,1
TASK-1479,Refactor refactor in auth/user profile,"This task involves refactoring documentation related to auth. Expected steps: write tests, refactor, deploy.",2025-09-07 03:11:46,2025-09-21 03:11:46,16.9,32.5,user_11,open,bug,high,35.78,research,38.7,14,1
TASK-1480,Write refactor for payment/schema,"This task involves refactoring an API change related to payment. Expected steps: analysis, design, implementation, testing.",2025-09-17 04:11:46,2025-10-17 04:11:46,9.9,13.2,user_12,open,feature,high,22.15,"api,research,security",44.7,30,1
TASK-1481,Update refactor documentation for database/endpoint,"This task involves implementing an API change related to database. Expected steps: investigation, fix, release.",2025-08-24 20:30:42,2025-09-03 20:30:42,12.0,11.5,user_13,done,research,high,46.19,perf,39.2,10,1
TASK-1482,Implement feature for search/endpoint feature,"This task involves updating a new feature related to search. Expected steps: write tests, refactor, deploy.",2025-08-31 14:38:53,2025-09-19 14:38:53,31.7,22.6,user_24,blocked,documentation,high,42.3,"docs,db",46.2,19,1
TASK-1483,Update optimization documentation for search/endpoint,"This task involves researching an API change related to search. Expected steps: analysis, design, implementation, testing.",2025-09-04 20:09:05,2025-09-23 20:09:05,35.1,18.2,user_24,open,documentation,high,38.72,"db,ci",45.8,19,1
TASK-1484,Update doc update documentation for analytics/schema,"This task involves refactoring a bug related to analytics. Expected steps: analysis, design, implementation, testing.",2025-09-21 06:18:40,2025-09-26 06:18:40,39.1,41.5,,in_progress,research,high,41.39,"db,ci,docs",56.9,5,1
TASK-1485,Fix feature in analytics/search ranking module,"This task involves researching a bug related to analytics. Expected steps: investigation, fix, release.",2025-09-10 16:25:05,2025-09-25 16:25:05,25.9,20.0,user_6,open,research,high,35.07,"ci,perf,frontend",11.2,15,1
TASK-1486,Fix feature in search/schema module,"This task involves implementing documentation related to search. Expected steps: analysis, design, implementation, testing.",2025-09-07 05:43:31,2025-09-19 05:43:31,21.2,12.2,user_28,done,maintenance,high,37.53,bugfix,32.2,12,1
TASK-1487,Research feature for payment/search ranking improvement,"This task involves implementing a new feature related to payment. Expected steps: investigation, fix, release.",2025-09-06 13:33:06,2025-09-29 13:33:06,26.9,21.7,user_19,done,research,high,33.89,"perf,research,docs",0.4,23,1
TASK-1488,Implement optimization for profile/checkout feature,"This task involves refactoring a new feature related to profile. Expected steps: investigation, fix, release.",2025-09-20 21:47:06,2025-10-19 21:47:06,20.1,13.6,user_2,in_progress,documentation,high,24.25,"api,research",23.5,29,1
TASK-1489,Implement feature for search/endpoint feature,"This task involves refactoring performance improvement related to search. Expected steps: write tests, refactor, deploy.",2025-09-05 03:19:34,2025-09-27 03:19:34,8.2,12.4,user_13,in_progress,bug,high,31.34,research,53.0,22,1
TASK-1490,Refactor feature in database/checkout,"This task involves researching performance improvement related to database. Expected steps: analysis, design, implementation, testing.",2025-09-23 10:59:42,2025-09-26 10:59:42,30.5,38.6,user_25,open,maintenance,high,35.92,security,2.7,3,1
TASK-1491,Fix optimization in payment/user profile module,"This task involves writing performance improvement related to payment. Expected steps: design, implementation.",2025-09-05 11:58:22,2025-09-06 11:58:22,10.8,10.8,user_5,open,maintenance,high,43.58,backend,32.9,1,1
TASK-1492,Implement optimization for profile/dashboard feature,"This task involves writing a new feature related to profile. Expected steps: design, implementation.",2025-09-18 18:05:04,2025-10-08 18:05:04,4.9,7.1,user_18,in_progress,feature,high,23.87,research,9.2,20,1
TASK-1493,Write bug for UI/endpoint,"This task involves updating an API change related to UI. Expected steps: design, implementation.",2025-09-06 20:38:57,2025-09-08 20:38:57,33.6,34.4,user_21,in_progress,bug,high,46.17,"perf,frontend",35.9,2,1
TASK-1494,Fix feature in search/endpoint module,"This task involves writing a new feature related to search. Expected steps: design, implementation.",2025-08-27 08:09:56,2025-09-10 08:09:56,2.1,1.6,user_27,open,bug,high,38.52,bugfix,43.4,14,1
TASK-1495,Fix bug in search/ETL module,"This task involves writing documentation related to search. Expected steps: design, implementation.",2025-09-12 08:07:56,2025-10-12 08:07:56,22.1,32.2,,open,feature,high,25.95,"bugfix,frontend",24.1,30,1
TASK-1496,Write feature for auth/search ranking,"This task involves researching a new feature related to auth. Expected steps: analysis, design, implementation, testing.",2025-09-13 08:05:59,2025-09-22 08:05:59,26.3,30.6,user_3,done,maintenance,high,37.77,"perf,backend,bugfix",15.1,9,1
TASK-1497,Fix optimization in reports/email flow module,"This task involves updating a new feature related to reports. Expected steps: investigation, fix, release.",2025-08-29 20:36:20,2025-09-23 20:36:20,35.5,24.5,user_28,in_progress,bug,high,38.78,"ci,perf,db",30.7,25,1
TASK-1498,Update refactor documentation for API/ETL,"This task involves updating a bug related to API. Expected steps: design, implementation.",2025-08-25 05:38:27,2025-09-19 05:38:27,36.0,33.9,user_24,in_progress,feature,high,42.8,bugfix,22.5,25,1
TASK-1499,Write optimization for API/dashboard,"This task involves implementing a bug related to API. Expected steps: design, implementation.",2025-09-21 07:13:19,2025-10-11 07:13:19,39.6,29.2,user_29,open,documentation,high,31.01,security,47.5,20,1
TASK-1500,Research feature for database/login flow improvement,"This task involves updating documentation related to database. Expected steps: investigation, fix, release.",2025-08-31 20:47:12,2025-09-18 20:47:12,3.1,1.8,,done,feature,high,36.16,"security,api",11.0,18,1
TASK-1501,Update optimization documentation for auth/checkout,"This task involves fixing a new feature related to auth. Expected steps: analysis, design, implementation, testing.",2025-09-12 15:06:41,2025-09-17 15:06:41,37.6,48.0,user_6,in_progress,feature,high,41.7,db,43.5,5,1
TASK-1502,Write feature for UI/endpoint,"This task involves researching a new feature related to UI. Expected steps: design, implementation.",2025-09-02 16:35:59,2025-09-21 16:35:59,18.5,29.1,user_9,done,maintenance,high,35.1,"db,ci",10.1,19,1
TASK-1503,Research refactor for search/ETL improvement,"This task involves updating performance improvement related to search. Expected steps: design, implementation.",2025-09-18 04:28:55,2025-10-14 04:28:55,19.8,11.5,user_14,done,documentation,high,26.94,security,43.6,26,1
TASK-1504,Write doc update for search/user profile,"This task involves researching documentation related to search. Expected steps: write tests, refactor, deploy.",2025-09-10 11:06:35,2025-09-26 11:06:35,3.8,4.4,user_16,open,feature,high,29.78,"api,perf,db",55.5,16,1
TASK-1505,Research optimization for notifications/search ranking improvement,"This task involves writing an API change related to notifications. Expected steps: analysis, design, implementation, testing.",2025-09-05 20:41:40,2025-09-07 20:41:40,39.7,32.0,user_30,in_progress,feature,high,49.75,"api,security",42.5,2,1
TASK-1506,Update optimization documentation for notifications/login flow,"This task involves researching a new feature related to notifications. Expected steps: design, implementation.",2025-09-07 22:19:47,2025-10-07 22:19:47,32.7,27.9,user_22,open,feature,high,30.85,"bugfix,research",14.8,30,1
TASK-1507,Refactor bug in UI/login flow,"This task involves fixing performance improvement related to UI. Expected steps: write tests, refactor, deploy.",2025-09-14 18:44:15,2025-10-13 18:44:15,4.1,3.4,,done,feature,high,24.97,"research,security",58.1,29,1
TASK-1508,Update doc update documentation for search/reporting,"This task involves updating performance improvement related to search. Expected steps: analysis, design, implementation, testing.",2025-08-27 21:02:41,2025-09-15 21:02:41,31.3,23.2,user_5,open,feature,high,44.91,"research,frontend",59.2,19,1
TASK-1509,Research bug for auth/checkout improvement,"This task involves updating performance improvement related to auth. Expected steps: write tests, refactor, deploy.",2025-09-13 05:37:21,2025-10-07 05:37:21,17.8,18.1,user_6,in_progress,feature,high,29.49,"backend,perf,docs",11.1,24,1
TASK-1510,Fix doc update in UI/endpoint module,"This task involves researching performance improvement related to UI. Expected steps: analysis, design, implementation, testing.",2025-09-19 15:35:17,2025-09-25 15:35:17,4.1,3.1,user_4,open,documentation,high,29.97,perf,29.1,6,1
TASK-1511,Fix doc update in auth/login flow module,"This task involves fixing an API change related to auth. Expected steps: analysis, design, implementation, testing.",2025-08-27 12:05:36,2025-09-13 12:05:36,31.9,34.5,user_17,done,documentation,high,46.54,"api,db",20.2,17,1
TASK-1512,Update feature documentation for notifications/email flow,"This task involves writing performance improvement related to notifications. Expected steps: write tests, refactor, deploy.",2025-09-11 22:08:59,2025-09-23 22:08:59,35.1,34.6,user_1,in_progress,maintenance,high,40.65,frontend,36.1,12,1
TASK-1513,Refactor doc update in database/endpoint,"This task involves researching an API change related to database. Expected steps: write tests, refactor, deploy.",2025-09-09 01:06:19,2025-10-01 01:06:19,8.3,7.7,,done,documentation,high,28.24,"frontend,api",40.7,22,1
TASK-1514,Implement optimization for reports/user profile feature,"This task involves updating an API change related to reports. Expected steps: analysis, design, implementation, testing.",2025-09-04 01:10:04,2025-10-04 01:10:04,37.7,27.4,user_22,done,bug,high,36.21,"ci,docs",42.7,30,1
TASK-1515,Refactor bug in reports/ETL,"This task involves implementing performance improvement related to reports. Expected steps: analysis, design, implementation, testing.",2025-09-02 15:20:17,2025-09-24 15:20:17,39.9,33.0,,in_progress,maintenance,high,42.26,"security,docs",14.6,22,1
TASK-1516,Implement optimization for payment/checkout feature,"This task involves updating a bug related to payment. Expected steps: design, implementation.",2025-09-21 11:14:59,2025-10-02 11:14:59,36.2,44.4,user_8,in_progress,maintenance,high,38.0,"backend,bugfix,perf",5.4,11,1
TASK-1517,Update refactor documentation for notifications/endpoint,"This task involves refactoring a bug related to notifications. Expected steps: investigation, fix, release.",2025-09-04 21:48:53,2025-09-27 21:48:53,30.0,34.5,user_21,in_progress,research,high,38.83,"docs,ci",15.5,23,1
TASK-1518,Write bug for payment/checkout,"This task involves writing an API change related to payment. Expected steps: design, implementation.",2025-09-15 22:29:31,2025-09-19 22:29:31,23.3,16.5,user_11,done,research,high,40.34,"frontend,security",11.4,4,1
TASK-1519,Research doc update for search/email flow improvement,"This task involves updating a new feature related to search. Expected steps: design, implementation.",2025-08-27 19:06:33,2025-08-28 19:06:33,22.0,22.7,user_5,blocked,documentation,high,51.59,"perf,bugfix",36.1,1,1
TASK-1520,Implement doc update for auth/reporting feature,"This task involves writing an API change related to auth. Expected steps: analysis, design, implementation, testing.",2025-09-01 19:15:11,2025-09-29 19:15:11,28.6,35.0,user_27,open,documentation,high,36.24,"frontend,api",9.2,28,1
TASK-1521,Update bug documentation for API/endpoint,"This task involves implementing performance improvement related to API. Expected steps: write tests, refactor, deploy.",2025-09-02 13:43:14,2025-09-29 13:43:14,26.7,13.3,user_1,in_progress,documentation,high,34.95,"api,db",23.5,27,1
TASK-1522,Refactor feature in database/schema,"This task involves updating an API change related to database. Expected steps: write tests, refactor, deploy.",2025-08-27 12:26:15,2025-09-07 12:26:15,30.3,35.2,user_26,open,documentation,high,46.85,ci,8.3,11,1
TASK-1523,Update feature documentation for profile/schema,"This task involves implementing a new feature related to profile. Expected steps: design, implementation.",2025-09-15 15:47:49,2025-09-16 15:47:49,15.1,12.1,,open,feature,high,38.4,"bugfix,frontend",5.8,1,1
TASK-1524,Research bug for UI/login flow improvement,"This task involves refactoring documentation related to UI. Expected steps: write tests, refactor, deploy.",2025-09-22 16:34:15,2025-10-13 16:34:15,29.2,34.2,user_4,open,maintenance,high,27.35,"bugfix,db,backend",46.7,21,1
TASK-1525,Update optimization documentation for search/schema,"This task involves writing a bug related to search. Expected steps: analysis, design, implementation, testing.",2025-08-28 02:20:21,2025-09-01 02:20:21,20.1,15.5,user_17,open,research,high,48.38,"perf,research,backend",47.7,4,1
TASK-1526,Implement optimization for search/user profile feature,"This task involves writing an API change related to search. Expected steps: design, implementation.",2025-08-27 13:57:54,2025-08-30 13:57:54,28.8,13.2,,in_progress,maintenance,high,52.32,db,33.4,3,1
TASK-1527,Refactor bug in analytics/user profile,"This task involves refactoring an API change related to analytics. Expected steps: analysis, design, implementation, testing.",2025-09-16 04:53:36,2025-09-23 04:53:36,38.7,19.8,,open,research,high,41.72,security,26.8,7,1
TASK-1528,Write feature for payment/login flow,"This task involves refactoring a new feature related to payment. Expected steps: design, implementation.",2025-08-27 05:35:54,2025-09-05 05:35:54,34.2,34.7,user_4,in_progress,documentation,high,51.17,db,58.6,9,1
TASK-1529,Update doc update documentation for auth/endpoint,"This task involves fixing an API change related to auth. Expected steps: investigation, fix, release.",2025-09-13 08:57:39,2025-09-28 08:57:39,6.5,7.0,user_11,in_progress,documentation,high,32.33,"docs,backend,frontend",14.2,15,1
TASK-1530,Implement feature for UI/schema feature,"This task involves implementing an API change related to UI. Expected steps: design, implementation.",2025-09-11 08:27:04,2025-09-20 08:27:04,6.0,4.4,user_3,in_progress,documentation,high,35.11,db,27.4,9,1
TASK-1531,Write refactor for search/dashboard,"This task involves implementing a bug related to search. Expected steps: investigation, fix, release.",2025-09-23 11:01:34,2025-10-16 11:01:34,26.2,31.2,user_19,in_progress,research,high,27.26,"bugfix,api",59.5,23,1
TASK-1532,Research refactor for search/login flow improvement,"This task involves implementing a bug related to search. Expected steps: investigation, fix, release.",2025-08-28 08:05:40,2025-09-01 08:05:40,27.7,13.9,user_11,in_progress,documentation,high,51.59,"bugfix,docs",16.4,4,1
TASK-1533,Fix optimization in search/endpoint module,"This task involves fixing a bug related to search. Expected steps: design, implementation.",2025-09-09 09:25:47,2025-10-08 09:25:47,13.0,12.7,user_16,open,documentation,high,29.1,"security,research",36.4,29,1
TASK-1534,Fix optimization in UI/email flow module,"This task involves implementing documentation related to UI. Expected steps: write tests, refactor, deploy.",2025-09-07 21:42:28,2025-09-12 21:42:28,11.1,7.1,user_23,open,feature,high,38.43,"research,frontend,api",42.5,5,1
TASK-1535,Implement optimization for reports/search ranking feature,"This task involves implementing performance improvement related to reports. Expected steps: investigation, fix, release.",2025-09-17 13:15:54,2025-10-04 13:15:54,12.2,9.8,,in_progress,feature,high,28.97,research,24.4,17,1
TASK-1536,Write bug for payment/checkout,"This task involves updating a new feature related to payment. Expected steps: analysis, design, implementation, testing.",2025-08-29 13:14:56,2025-08-31 13:14:56,4.3,4.4,user_30,in_progress,bug,high,47.67,"security,bugfix",28.8,2,1
TASK-1537,Refactor optimization in analytics/checkout,"This task involves fixing an API change related to analytics. Expected steps: design, implementation.",2025-09-20 22:12:20,2025-10-14 22:12:20,1.3,1.0,user_18,in_progress,feature,high,24.73,"security,frontend,perf",57.9,24,1
TASK-1538,Update feature documentation for analytics/endpoint,"This task involves fixing documentation related to analytics. Expected steps: design, implementation.",2025-09-09 00:13:12,2025-09-11 00:13:12,17.5,15.5,user_12,done,documentation,high,44.57,security,51.0,2,1
TASK-1539,Fix optimization in database/schema module,"This task involves writing documentation related to database. Expected steps: design, implementation.",2025-08-24 15:58:34,2025-09-14 15:58:34,23.2,30.2,user_10,done,research,high,43.27,perf,53.5,21,1
TASK-1540,Research bug for auth/email flow improvement,"This task involves refactoring performance improvement related to auth. Expected steps: investigation, fix, release.",2025-09-02 13:10:47,2025-09-06 13:10:47,1.2,1.0,,open,documentation,high,39.28,"perf,docs",5.1,4,1
TASK-1541,Refactor bug in UI/search ranking,"This task involves researching a bug related to UI. Expected steps: design, implementation.",2025-09-16 16:22:10,2025-09-25 16:22:10,9.8,12.3,user_10,open,feature,high,33.64,"backend,perf",39.4,9,1
TASK-1542,Research doc update for UI/dashboard improvement,"This task involves updating performance improvement related to UI. Expected steps: analysis, design, implementation, testing.",2025-09-04 09:01:04,2025-10-02 09:01:04,28.7,19.0,user_10,open,maintenance,high,33.85,"frontend,bugfix",40.0,28,1
TASK-1543,Research optimization for database/checkout improvement,"This task involves researching an API change related to database. Expected steps: write tests, refactor, deploy.",2025-09-17 14:14:16,2025-10-10 14:14:16,6.0,7.0,user_25,done,research,high,26.83,"db,bugfix,backend",57.5,23,1
TASK-1544,Fix doc update in UI/dashboard module,"This task involves refactoring a bug related to UI. Expected steps: design, implementation.",2025-08-26 03:50:10,2025-09-22 03:50:10,14.3,20.5,,in_progress,maintenance,high,36.26,"perf,backend",45.7,27,1
TASK-1545,Implement refactor for reports/dashboard feature,"This task involves implementing a new feature related to reports. Expected steps: investigation, fix, release.",2025-09-16 14:24:40,2025-10-14 14:24:40,11.3,2.9,user_22,blocked,feature,high,24.13,security,36.7,28,1
TASK-1546,Implement feature for reports/dashboard feature,"This task involves fixing a new feature related to reports. Expected steps: write tests, refactor, deploy.",2025-08-25 17:59:28,2025-09-01 17:59:28,37.2,28.3,user_20,open,bug,high,50.34,"research,docs,security",20.2,7,1
TASK-1547,Research optimization for auth/ETL improvement,"This task involves updating a bug related to auth. Expected steps: investigation, fix, release.",2025-08-27 21:36:25,2025-09-08 21:36:25,11.9,14.0,user_14,open,bug,high,40.79,frontend,39.6,12,1
TASK-1548,Write optimization for API/schema,"This task involves writing an API change related to API. Expected steps: analysis, design, implementation, testing.",2025-09-06 12:37:15,2025-09-15 12:37:15,38.0,35.7,user_10,open,bug,high,45.51,api,21.6,9,1
TASK-1549,Write refactor for reports/ETL,"This task involves writing a new feature related to reports. Expected steps: investigation, fix, release.",2025-08-30 21:35:29,2025-09-12 21:35:29,4.4,4.9,user_21,in_progress,bug,high,36.59,"docs,ci,perf",55.5,13,1
TASK-1550,Fix doc update in analytics/reporting module,"This task involves writing performance improvement related to analytics. Expected steps: design, implementation.",2025-09-09 14:31:43,2025-09-14 14:31:43,2.7,2.2,user_18,in_progress,research,high,39.92,"perf,backend",54.7,5,1
TASK-1551,Fix refactor in profile/search ranking module,"This task involves refactoring a bug related to profile. Expected steps: design, implementation.",2025-09-11 13:45:29,2025-10-04 13:45:29,38.7,39.7,user_19,open,feature,high,36.44,"perf,security",52.2,23,1
TASK-1552,Fix refactor in UI/user profile module,"This task involves researching an API change related to UI. Expected steps: write tests, refactor, deploy.",2025-09-05 14:58:43,2025-09-14 14:58:43,9.1,8.7,user_19,open,bug,high,40.72,"perf,security,research",18.2,9,1
TASK-1553,Implement refactor for database/schema feature,"This task involves fixing a new feature related to database. Expected steps: design, implementation.",2025-08-25 23:12:30,2025-09-02 23:12:30,12.4,16.7,user_29,open,feature,high,44.33,docs,59.4,8,1
TASK-1554,Implement bug for analytics/checkout feature,"This task involves updating documentation related to analytics. Expected steps: investigation, fix, release.",2025-09-03 08:03:07,2025-09-26 08:03:07,35.5,38.2,user_5,in_progress,research,high,37.57,frontend,49.4,23,1
TASK-1555,Implement doc update for database/dashboard feature,"This task involves fixing an API change related to database. Expected steps: analysis, design, implementation, testing.",2025-09-15 06:38:27,2025-10-08 06:38:27,15.9,17.5,user_28,in_progress,research,high,28.93,"docs,api",16.1,23,1
TASK-1556,Refactor optimization in search/dashboard,"This task involves implementing performance improvement related to search. Expected steps: investigation, fix, release.",2025-08-29 01:10:05,2025-09-14 01:10:05,4.7,4.1,user_6,blocked,feature,high,36.88,"bugfix,research",1.3,16,1
TASK-1557,Implement refactor for UI/search ranking feature,"This task involves implementing a bug related to UI. Expected steps: design, implementation.",2025-08-26 18:14:32,2025-09-03 18:14:32,18.7,16.0,user_13,open,research,high,44.43,ci,6.0,8,1
TASK-1558,Research bug for auth/checkout improvement,"This task involves updating a bug related to auth. Expected steps: design, implementation.",2025-09-01 01:10:27,2025-09-04 01:10:27,11.4,9.9,,in_progress,bug,high,47.07,security,44.2,3,1
TASK-1559,Write feature for payment/endpoint,"This task involves researching an API change related to payment. Expected steps: write tests, refactor, deploy.",2025-09-18 01:30:07,2025-09-28 01:30:07,13.9,15.5,user_2,in_progress,documentation,high,33.92,frontend,49.5,10,1
TASK-1560,Fix bug in analytics/schema module,"This task involves refactoring performance improvement related to analytics. Expected steps: design, implementation.",2025-08-24 15:14:20,2025-09-01 15:14:20,1.9,1.7,user_5,open,documentation,high,42.51,"db,backend,perf",10.2,8,1
TASK-1561,Fix doc update in API/checkout module,"This task involves writing a bug related to API. Expected steps: investigation, fix, release.",2025-08-28 03:34:48,2025-09-27 03:34:48,37.1,40.3,user_2,in_progress,feature,high,38.06,"ci,bugfix",40.8,30,1
TASK-1562,Implement doc update for database/reporting feature,"This task involves writing a bug related to database. Expected steps: investigation, fix, release.",2025-09-21 02:03:22,2025-10-13 02:03:22,15.4,25.0,user_30,in_progress,bug,high,27.52,bugfix,19.2,22,1
TASK-1563,Research bug for profile/user profile improvement,"This task involves fixing an API change related to profile. Expected steps: write tests, refactor, deploy.",2025-09-22 09:16:07,2025-10-01 09:16:07,6.6,8.3,user_5,open,maintenance,high,29.58,"db,perf",41.6,9,1
TASK-1564,Research feature for reports/email flow improvement,"This task involves updating a new feature related to reports. Expected steps: write tests, refactor, deploy.",2025-09-06 03:48:08,2025-09-22 03:48:08,22.0,19.8,user_18,blocked,maintenance,high,35.82,"db,security,docs",42.2,16,1
TASK-1565,Implement feature for notifications/login flow feature,"This task involves fixing documentation related to notifications. Expected steps: write tests, refactor, deploy.",2025-09-22 07:51:02,2025-10-22 07:51:02,5.3,7.2,,open,feature,high,18.53,security,58.3,30,1
TASK-1566,Research feature for API/endpoint improvement,"This task involves fixing a new feature related to API. Expected steps: analysis, design, implementation, testing.",2025-09-22 11:02:41,2025-10-15 11:02:41,6.6,5.8,user_23,done,documentation,high,21.09,ci,4.4,23,1
TASK-1567,Refactor feature in UI/login flow,"This task involves writing a new feature related to UI. Expected steps: analysis, design, implementation, testing.",2025-08-31 22:48:01,2025-09-01 22:48:01,23.2,9.0,user_5,blocked,maintenance,high,49.36,"security,research,perf",24.7,1,1
TASK-1568,Write doc update for profile/login flow,"This task involves fixing a new feature related to profile. Expected steps: analysis, design, implementation, testing.",2025-09-20 00:48:02,2025-09-22 00:48:02,24.6,17.2,user_6,open,maintenance,high,39.32,"security,research",55.1,2,1
TASK-1569,Refactor optimization in database/endpoint,"This task involves implementing documentation related to database. Expected steps: analysis, design, implementation, testing.",2025-09-09 05:50:53,2025-09-14 05:50:53,30.0,13.2,user_2,open,feature,high,45.11,"ci,backend,perf",28.6,5,1
TASK-1570,Update feature documentation for search/search ranking,"This task involves fixing documentation related to search. Expected steps: write tests, refactor, deploy.",2025-08-30 10:34:24,2025-09-03 10:34:24,5.1,4.6,user_25,blocked,bug,high,42.72,security,6.4,4,1
TASK-1571,Implement doc update for reports/login flow feature,"This task involves implementing an API change related to reports. Expected steps: design, implementation.",2025-09-12 18:00:26,2025-09-14 18:00:26,10.4,10.5,user_19,in_progress,research,high,41.51,"frontend,ci",18.9,2,1
TASK-1572,Write doc update for auth/email flow,"This task involves researching an API change related to auth. Expected steps: design, implementation.",2025-09-03 00:47:15,2025-09-16 00:47:15,29.3,44.0,,in_progress,bug,high,41.52,"security,backend,bugfix",1.4,13,1
TASK-1573,Research bug for profile/reporting improvement,"This task involves writing a new feature related to profile. Expected steps: design, implementation.",2025-09-14 01:40:36,2025-09-17 01:40:36,35.5,39.0,user_23,open,feature,high,44.64,"bugfix,ci,api",26.8,3,1
TASK-1574,Implement doc update for notifications/schema feature,"This task involves refactoring performance improvement related to notifications. Expected steps: analysis, design, implementation, testing.",2025-09-20 07:39:25,2025-10-15 07:39:25,27.6,25.8,user_20,in_progress,feature,high,27.85,"backend,frontend",8.6,25,1
TASK-1575,Write optimization for analytics/checkout,"This task involves fixing performance improvement related to analytics. Expected steps: investigation, fix, release.",2025-08-29 16:33:50,2025-09-08 16:33:50,7.3,9.1,user_12,open,bug,high,39.86,"research,perf",58.7,10,1
TASK-1576,Research refactor for UI/checkout improvement,"This task involves researching a bug related to UI. Expected steps: investigation, fix, release.",2025-09-19 08:50:59,2025-10-02 08:50:59,17.0,5.7,user_22,open,documentation,high,31.96,"api,ci,backend",40.9,13,1
TASK-1577,Refactor bug in profile/schema,"This task involves refactoring a bug related to profile. Expected steps: design, implementation.",2025-09-14 14:11:02,2025-10-02 14:11:02,1.3,1.4,,open,feature,high,29.11,docs,23.3,18,1
TASK-1578,Research optimization for payment/email flow improvement,"This task involves researching an API change related to payment. Expected steps: write tests, refactor, deploy.",2025-08-27 20:55:59,2025-09-02 20:55:59,29.5,36.3,,done,maintenance,high,47.4,"backend,api",20.5,6,1
TASK-1579,Refactor optimization in profile/endpoint,"This task involves fixing documentation related to profile. Expected steps: write tests, refactor, deploy.",2025-08-25 17:55:50,2025-08-30 17:55:50,38.0,21.1,user_7,open,bug,high,54.54,"frontend,api",47.4,5,1
TASK-1580,Research feature for API/login flow improvement,"This task involves fixing performance improvement related to API. Expected steps: investigation, fix, release.",2025-09-01 03:51:31,2025-09-07 03:51:31,4.3,5.8,user_13,open,maintenance,high,43.72,"docs,research,bugfix",49.8,6,1
TASK-1581,Fix doc update in search/email flow module,"This task involves implementing a new feature related to search. Expected steps: investigation, fix, release.",2025-09-21 20:33:55,2025-10-07 20:33:55,19.5,21.5,user_6,done,maintenance,high,28.67,"ci,db,frontend",33.7,16,1
TASK-1582,Refactor refactor in API/checkout,"This task involves refactoring a new feature related to API. Expected steps: investigation, fix, release.",2025-09-13 12:29:33,2025-10-10 12:29:33,37.6,32.9,user_24,in_progress,bug,high,30.27,"bugfix,perf",51.9,27,1
TASK-1583,Fix refactor in search/schema module,"This task involves updating a bug related to search. Expected steps: write tests, refactor, deploy.",2025-09-21 21:33:37,2025-10-19 21:33:37,5.9,7.0,user_19,open,feature,high,21.91,db,41.8,28,1
TASK-1584,Implement feature for reports/search ranking feature,"This task involves writing a new feature related to reports. Expected steps: design, implementation.",2025-09-22 18:01:24,2025-10-11 18:01:24,38.2,64.2,user_12,open,documentation,high,31.15,perf,38.9,19,1
TASK-1585,Research doc update for search/search ranking improvement,"This task involves writing an API change related to search. Expected steps: write tests, refactor, deploy.",2025-09-09 07:02:58,2025-10-04 07:02:58,14.1,14.9,,in_progress,documentation,high,28.7,"bugfix,security,db",22.9,25,1
TASK-1586,Update refactor documentation for search/schema,"This task involves fixing a bug related to search. Expected steps: analysis, design, implementation, testing.",2025-08-27 06:54:24,2025-08-28 06:54:24,25.0,26.9,user_16,in_progress,research,high,53.14,perf,30.2,1,1
TASK-1587,Fix feature in database/search ranking module,"This task involves implementing performance improvement related to database. Expected steps: write tests, refactor, deploy.",2025-08-28 00:48:29,2025-09-25 00:48:29,19.3,16.6,user_26,done,maintenance,high,37.9,"db,frontend,api",46.9,28,1
TASK-1588,Refactor doc update in database/schema,"This task involves writing performance improvement related to database. Expected steps: design, implementation.",2025-08-24 17:21:39,2025-09-23 17:21:39,17.2,12.8,user_5,blocked,research,high,37.54,"api,ci,bugfix",57.5,30,1
TASK-1589,Research optimization for API/ETL improvement,"This task involves implementing an API change related to API. Expected steps: write tests, refactor, deploy.",2025-09-18 10:55:24,2025-10-14 10:55:24,37.3,46.6,user_21,open,feature,high,29.48,"security,bugfix",26.2,26,1
TASK-1590,Fix bug in UI/ETL module,"This task involves updating an API change related to UI. Expected steps: write tests, refactor, deploy.",2025-09-18 21:20:58,2025-10-09 21:20:58,36.7,27.3,user_6,done,feature,high,29.81,db,0.7,21,1
TASK-1591,Refactor refactor in UI/login flow,"This task involves updating an API change related to UI. Expected steps: analysis, design, implementation, testing.",2025-09-10 18:03:32,2025-09-11 18:03:32,30.0,30.6,user_15,in_progress,documentation,high,42.93,"docs,research,ci",32.1,1,1
TASK-1592,Implement bug for search/schema feature,"This task involves writing a bug related to search. Expected steps: design, implementation.",2025-09-12 10:07:22,2025-10-03 10:07:22,39.4,33.8,,open,research,high,33.99,research,15.7,21,1
TASK-1593,Implement optimization for payment/checkout feature,"This task involves writing a new feature related to payment. Expected steps: write tests, refactor, deploy.",2025-08-27 14:51:03,2025-09-22 14:51:03,1.9,2.2,user_21,open,maintenance,high,32.76,"perf,bugfix",10.8,26,1
TASK-1594,Fix refactor in UI/reporting module,"This task involves fixing a bug related to UI. Expected steps: investigation, fix, release.",2025-09-23 09:51:35,2025-10-09 09:51:35,39.8,43.8,user_1,open,documentation,high,35.09,ci,1.8,16,1
TASK-1595,Fix feature in analytics/ETL module,"This task involves implementing documentation related to analytics. Expected steps: analysis, design, implementation, testing.",2025-09-20 13:20:22,2025-09-21 13:20:22,13.8,18.1,user_24,in_progress,feature,high,35.6,"docs,backend",20.9,1,1
TASK-1596,Refactor optimization in database/user profile,"This task involves researching an API change related to database. Expected steps: write tests, refactor, deploy.",2025-09-21 06:27:29,2025-09-30 06:27:29,7.7,6.5,user_29,in_progress,maintenance,high,29.05,"research,bugfix,docs",57.2,9,1
TASK-1597,Research optimization for search/user profile improvement,"This task involves refactoring documentation related to search. Expected steps: investigation, fix, release.",2025-09-12 06:51:48,2025-10-02 06:51:48,15.9,14.6,user_12,open,bug,high,31.43,security,15.2,20,1
TASK-1598,Research refactor for database/reporting improvement,"This task involves writing performance improvement related to database. Expected steps: analysis, design, implementation, testing.",2025-08-28 00:54:55,2025-09-23 00:54:55,13.6,9.6,user_12,open,feature,high,36.5,"bugfix,api",7.3,26,1
TASK-1599,Write feature for auth/email flow,"This task involves researching an API change related to auth. Expected steps: investigation, fix, release.",2025-09-20 13:27:47,2025-10-08 13:27:47,3.6,3.1,user_7,in_progress,bug,high,26.52,"ci,backend,db",40.9,18,1
TASK-1600,Research feature for notifications/email flow improvement,"This task involves implementing a bug related to notifications. Expected steps: write tests, refactor, deploy.",2025-09-08 13:23:46,2025-09-17 13:23:46,17.4,19.4,user_6,in_progress,research,high,38.89,"frontend,research,ci",38.6,9,1
TASK-1601,Refactor doc update in auth/user profile,"This task involves implementing performance improvement related to auth. Expected steps: analysis, design, implementation, testing.",2025-09-20 11:21:52,2025-10-20 11:21:52,21.6,26.5,user_1,open,bug,high,25.47,"research,ci",19.0,30,1
TASK-1602,Write refactor for search/checkout,"This task involves writing performance improvement related to search. Expected steps: analysis, design, implementation, testing.",2025-09-05 09:33:47,2025-09-28 09:33:47,39.4,28.5,user_21,done,bug,high,40.1,"backend,frontend,docs",2.9,23,1
TASK-1603,Fix doc update in UI/checkout module,"This task involves updating performance improvement related to UI. Expected steps: design, implementation.",2025-08-29 16:54:19,2025-09-05 16:54:19,29.2,36.8,user_27,done,bug,high,49.51,research,53.0,7,1
TASK-1604,Fix doc update in payment/login flow module,"This task involves fixing documentation related to payment. Expected steps: investigation, fix, release.",2025-09-14 05:40:15,2025-10-10 05:40:15,32.7,46.0,user_6,done,research,high,30.84,api,51.7,26,1
TASK-1605,Refactor bug in search/user profile,"This task involves refactoring an API change related to search. Expected steps: design, implementation.",2025-09-10 22:26:39,2025-10-02 22:26:39,20.1,22.6,user_25,in_progress,feature,high,29.98,"backend,api",33.5,22,1
TASK-1606,Implement bug for API/checkout feature,"This task involves researching a bug related to API. Expected steps: design, implementation.",2025-08-24 23:49:10,2025-08-31 23:49:10,19.3,30.2,user_16,open,feature,high,49.43,"security,api,research",42.5,7,1
TASK-1607,Update bug documentation for UI/ETL,"This task involves implementing a new feature related to UI. Expected steps: investigation, fix, release.",2025-09-05 03:58:55,2025-09-20 03:58:55,34.8,26.7,user_25,in_progress,bug,high,40.35,research,57.1,15,1
TASK-1608,Refactor optimization in payment/dashboard,"This task involves fixing a bug related to payment. Expected steps: design, implementation.",2025-08-25 02:18:38,2025-09-09 02:18:38,8.3,5.2,user_22,in_progress,documentation,high,40.49,"backend,api,db",12.7,15,1
TASK-1609,Research refactor for analytics/search ranking improvement,"This task involves writing a bug related to analytics. Expected steps: write tests, refactor, deploy.",2025-09-01 18:37:53,2025-09-05 18:37:53,2.9,1.4,user_30,in_progress,documentation,high,40.53,ci,16.6,4,1
TASK-1610,Refactor optimization in profile/ETL,"This task involves fixing a bug related to profile. Expected steps: design, implementation.",2025-09-22 08:49:37,2025-09-30 08:49:37,5.5,8.0,,in_progress,feature,high,28.43,research,13.6,8,1
TASK-1611,Refactor optimization in search/search ranking,"This task involves fixing a new feature related to search. Expected steps: investigation, fix, release.",2025-09-08 10:53:27,2025-09-14 10:53:27,31.6,37.8,user_10,in_progress,documentation,high,44.99,bugfix,30.2,6,1
TASK-1612,Update doc update documentation for reports/user profile,"This task involves updating a new feature related to reports. Expected steps: design, implementation.",2025-09-03 01:14:54,2025-09-06 01:14:54,7.5,7.4,user_15,open,bug,high,43.83,"api,frontend",10.7,3,1
TASK-1613,Write bug for payment/dashboard,"This task involves refactoring documentation related to payment. Expected steps: write tests, refactor, deploy.",2025-09-11 02:14:30,2025-09-27 02:14:30,35.1,38.0,user_2,blocked,research,high,38.92,"docs,security",30.2,16,1
TASK-1614,Implement doc update for payment/checkout feature,"This task involves updating documentation related to payment. Expected steps: write tests, refactor, deploy.",2025-09-08 07:38:38,2025-09-20 07:38:38,39.6,26.2,user_16,open,maintenance,high,39.99,"research,api",53.5,12,1
TASK-1615,Update bug documentation for reports/user profile,"This task involves writing an API change related to reports. Expected steps: analysis, design, implementation, testing.",2025-08-29 00:51:20,2025-09-12 00:51:20,34.4,59.6,user_5,open,bug,high,44.1,"db,api,docs",44.7,14,1
TASK-1616,Implement doc update for search/checkout feature,"This task involves updating an API change related to search. Expected steps: write tests, refactor, deploy.",2025-09-23 05:14:46,2025-10-22 05:14:46,21.5,22.3,user_22,open,documentation,high,22.26,"research,ci",11.4,29,1
TASK-1617,Refactor refactor in analytics/email flow,"This task involves fixing performance improvement related to analytics. Expected steps: write tests, refactor, deploy.",2025-09-10 14:21:51,2025-10-06 14:21:51,31.9,32.9,user_1,in_progress,feature,high,32.71,security,58.0,26,1
TASK-1618,Refactor doc update in analytics/dashboard,"This task involves researching documentation related to analytics. Expected steps: analysis, design, implementation, testing.",2025-09-17 14:12:45,2025-09-18 14:12:45,18.7,22.8,user_27,in_progress,bug,high,39.18,db,21.1,1,1
TASK-1619,Fix feature in auth/schema module,"This task involves writing documentation related to auth. Expected steps: design, implementation.",2025-09-22 05:01:14,2025-10-15 05:01:14,11.6,13.3,,open,research,high,26.41,"docs,frontend",28.4,23,1
TASK-1620,Write optimization for API/search ranking,"This task involves researching a bug related to API. Expected steps: investigation, fix, release.",2025-09-21 04:54:25,2025-10-11 04:54:25,13.1,14.0,user_22,done,research,high,24.82,research,8.1,20,1
TASK-1621,Refactor doc update in API/schema,"This task involves fixing documentation related to API. Expected steps: write tests, refactor, deploy.",2025-09-09 23:21:55,2025-09-22 23:21:55,31.5,24.0,user_4,open,maintenance,high,40.27,"api,perf,ci",25.7,13,1
TASK-1622,Research bug for search/user profile improvement,"This task involves refactoring a bug related to search. Expected steps: write tests, refactor, deploy.",2025-08-27 06:02:10,2025-09-01 06:02:10,25.0,28.5,user_8,in_progress,documentation,high,47.14,"ci,research,frontend",45.3,5,1
TASK-1623,Research bug for UI/search ranking improvement,"This task involves researching an API change related to UI. Expected steps: write tests, refactor, deploy.",2025-09-18 18:35:24,2025-09-21 18:35:24,3.1,4.9,user_21,open,research,high,32.11,"ci,perf",41.4,3,1
TASK-1624,Fix refactor in payment/reporting module,"This task involves updating a bug related to payment. Expected steps: design, implementation.",2025-09-09 02:04:39,2025-09-27 02:04:39,29.9,42.0,user_8,done,feature,high,35.98,"frontend,perf",37.4,18,1
TASK-1625,Implement bug for payment/checkout feature,"This task involves implementing an API change related to payment. Expected steps: analysis, design, implementation, testing.",2025-09-09 04:38:22,2025-09-17 04:38:22,9.0,13.3,user_27,in_progress,maintenance,high,35.58,research,24.3,8,1
TASK-1626,Implement doc update for API/ETL feature,"This task involves refactoring performance improvement related to API. Expected steps: analysis, design, implementation, testing.",2025-09-06 13:39:43,2025-09-27 13:39:43,1.8,1.5,user_24,in_progress,feature,high,31.42,"security,docs,perf",28.8,21,1
TASK-1627,Write optimization for payment/reporting,"This task involves writing documentation related to payment. Expected steps: write tests, refactor, deploy.",2025-09-05 04:09:30,2025-10-01 04:09:30,5.2,3.7,user_14,open,documentation,high,29.83,"db,frontend,research",2.0,26,1
TASK-1628,Update bug documentation for reports/user profile,"This task involves writing a new feature related to reports. Expected steps: write tests, refactor, deploy.",2025-09-20 01:42:46,2025-10-05 01:42:46,11.8,11.4,,open,research,high,27.91,"security,db,backend",10.5,15,1
TASK-1629,Implement doc update for notifications/reporting feature,"This task involves researching a new feature related to notifications. Expected steps: investigation, fix, release.",2025-09-17 03:32:21,2025-10-09 03:32:21,12.8,13.0,user_30,blocked,maintenance,high,26.94,"ci,bugfix",34.6,22,1
TASK-1630,Refactor feature in analytics/schema,"This task involves updating documentation related to analytics. Expected steps: investigation, fix, release.",2025-09-11 03:12:09,2025-10-08 03:12:09,16.7,22.2,user_28,in_progress,feature,high,26.82,perf,56.1,27,1
TASK-1631,Research feature for notifications/endpoint improvement,"This task involves fixing a new feature related to notifications. Expected steps: write tests, refactor, deploy.",2025-09-16 06:33:12,2025-09-30 06:33:12,37.0,18.2,user_9,open,bug,high,36.61,"ci,frontend",55.4,14,1
TASK-1632,Write optimization for payment/user profile,"This task involves implementing an API change related to payment. Expected steps: design, implementation.",2025-08-30 11:17:03,2025-09-15 11:17:03,18.1,26.4,user_7,in_progress,maintenance,high,42.19,backend,34.9,16,1
TASK-1633,Update bug documentation for payment/endpoint,"This task involves implementing a bug related to payment. Expected steps: investigation, fix, release.",2025-09-16 19:55:30,2025-10-05 19:55:30,22.3,21.2,user_6,in_progress,research,high,30.94,ci,49.7,19,1
TASK-1634,Refactor refactor in notifications/email flow,"This task involves refactoring a new feature related to notifications. Expected steps: analysis, design, implementation, testing.",2025-09-06 18:21:34,2025-09-27 18:21:34,15.7,13.7,user_3,open,research,high,32.63,perf,13.8,21,1
TASK-1635,Refactor bug in analytics/email flow,"This task involves implementing documentation related to analytics. Expected steps: investigation, fix, release.",2025-09-05 07:28:28,2025-09-17 07:28:28,3.7,2.6,,done,bug,high,36.91,security,55.9,12,1
TASK-1636,Refactor refactor in database/search ranking,"This task involves fixing an API change related to database. Expected steps: analysis, design, implementation, testing.",2025-09-11 01:57:49,2025-10-11 01:57:49,36.8,18.5,user_1,open,maintenance,high,30.16,"frontend,bugfix",12.3,30,1
TASK-1637,Update feature documentation for notifications/login flow,"This task involves researching a bug related to notifications. Expected steps: analysis, design, implementation, testing.",2025-09-03 23:22:34,2025-09-06 23:22:34,38.0,47.4,user_20,done,research,high,48.49,research,43.4,3,1
TASK-1638,Fix refactor in auth/user profile module,"This task involves implementing documentation related to auth. Expected steps: write tests, refactor, deploy.",2025-09-07 22:14:02,2025-10-03 22:14:02,34.1,34.9,,open,bug,high,31.95,security,36.5,26,1
TASK-1639,Research optimization for auth/ETL improvement,"This task involves fixing performance improvement related to auth. Expected steps: write tests, refactor, deploy.",2025-09-14 11:05:04,2025-09-28 11:05:04,28.4,17.4,user_4,in_progress,research,high,38.59,"api,docs",20.6,14,1
TASK-1640,Fix bug in API/endpoint module,"This task involves refactoring a bug related to API. Expected steps: design, implementation.",2025-09-05 23:46:28,2025-09-30 23:46:28,35.6,21.8,user_19,open,bug,high,37.99,frontend,4.6,25,1
TASK-1641,Implement doc update for profile/dashboard feature,"This task involves fixing documentation related to profile. Expected steps: investigation, fix, release.",2025-09-11 16:06:25,2025-10-10 16:06:25,10.5,9.4,user_20,open,bug,high,26.88,research,56.3,29,1
TASK-1642,Implement feature for profile/email flow feature,"This task involves researching documentation related to profile. Expected steps: investigation, fix, release.",2025-09-17 00:07:02,2025-09-27 00:07:02,34.9,52.4,user_29,open,research,high,38.0,api,54.0,10,1
TASK-1643,Update doc update documentation for reports/user profile,"This task involves fixing a new feature related to reports. Expected steps: design, implementation.",2025-09-18 20:11:37,2025-10-05 20:11:37,10.0,9.2,user_7,open,feature,high,26.18,perf,39.0,17,1
TASK-1644,Research optimization for payment/login flow improvement,"This task involves fixing documentation related to payment. Expected steps: investigation, fix, release.",2025-09-11 05:54:01,2025-09-21 05:54:01,33.3,18.3,user_9,done,maintenance,high,40.64,"db,perf",2.7,10,1
TASK-1645,Implement optimization for search/dashboard feature,"This task involves refactoring a bug related to search. Expected steps: investigation, fix, release.",2025-08-25 12:54:28,2025-09-19 12:54:28,14.6,13.5,user_20,blocked,documentation,high,40.03,"ci,docs",45.4,25,1
TASK-1646,Write optimization for reports/search ranking,"This task involves updating a bug related to reports. Expected steps: analysis, design, implementation, testing.",2025-09-10 04:44:21,2025-10-04 04:44:21,37.4,34.3,user_18,in_progress,research,high,36.08,"research,bugfix,db",28.0,24,1
TASK-1647,Implement doc update for UI/login flow feature,"This task involves updating documentation related to UI. Expected steps: analysis, design, implementation, testing.",2025-09-23 13:30:28,2025-10-18 13:30:28,22.2,4.2,user_13,open,documentation,high,24.25,"research,frontend,backend",18.4,25,1
TASK-1648,Update feature documentation for notifications/schema,"This task involves researching performance improvement related to notifications. Expected steps: analysis, design, implementation, testing.",2025-09-06 19:06:07,2025-09-21 19:06:07,2.4,2.4,user_21,blocked,feature,high,33.52,"backend,research,api",57.2,15,1
TASK-1649,Research doc update for UI/schema improvement,"This task involves writing performance improvement related to UI. Expected steps: design, implementation.",2025-08-31 10:06:32,2025-09-06 10:06:32,6.7,6.2,user_2,open,bug,high,41.26,"perf,api,frontend",33.2,6,1
TASK-1650,Implement doc update for auth/schema feature,"This task involves fixing documentation related to auth. Expected steps: analysis, design, implementation, testing.",2025-09-11 14:47:03,2025-09-23 14:47:03,5.3,6.4,user_4,in_progress,feature,high,32.08,"api,db,backend",38.5,12,1
TASK-1651,Write doc update for UI/login flow,"This task involves refactoring documentation related to UI. Expected steps: investigation, fix, release.",2025-09-22 20:26:18,2025-10-21 20:26:18,26.4,41.0,user_10,in_progress,feature,high,23.12,"bugfix,frontend",6.4,29,1
TASK-1652,Implement refactor for notifications/ETL feature,"This task involves refactoring documentation related to notifications. Expected steps: design, implementation.",2025-09-04 23:07:55,2025-09-23 23:07:55,2.3,3.1,user_13,blocked,bug,high,35.24,ci,30.2,19,1
TASK-1653,Refactor refactor in analytics/search ranking,"This task involves updating a bug related to analytics. Expected steps: analysis, design, implementation, testing.",2025-09-11 19:28:51,2025-10-03 19:28:51,21.5,19.8,user_9,open,research,high,30.77,api,14.6,22,1
TASK-1654,Write doc update for API/user profile,"This task involves updating a bug related to API. Expected steps: design, implementation.",2025-09-06 22:46:22,2025-10-05 22:46:22,17.0,11.4,user_18,in_progress,documentation,high,30.67,"docs,perf,db",13.8,29,1
TASK-1655,Implement optimization for analytics/endpoint feature,"This task involves updating an API change related to analytics. Expected steps: design, implementation.",2025-09-11 18:21:37,2025-10-07 18:21:37,12.2,21.6,user_3,in_progress,research,high,30.36,"perf,docs,bugfix",52.6,26,1
TASK-1656,Fix optimization in UI/checkout module,"This task involves writing an API change related to UI. Expected steps: write tests, refactor, deploy.",2025-09-15 21:13:20,2025-09-20 21:13:20,34.9,35.5,user_1,in_progress,bug,high,39.14,"db,ci,api",7.6,5,1
TASK-1657,Update doc update documentation for analytics/endpoint,"This task involves fixing documentation related to analytics. Expected steps: investigation, fix, release.",2025-09-11 08:13:53,2025-10-01 08:13:53,5.2,5.2,user_3,in_progress,documentation,high,32.29,"perf,db",17.4,20,1
TASK-1658,Research refactor for UI/dashboard improvement,"This task involves refactoring a bug related to UI. Expected steps: design, implementation.",2025-09-20 11:11:55,2025-10-09 11:11:55,24.1,23.9,user_15,open,maintenance,high,28.2,"ci,research,backend",13.9,19,1
TASK-1659,Research refactor for notifications/login flow improvement,"This task involves refactoring an API change related to notifications. Expected steps: write tests, refactor, deploy.",2025-09-02 03:45:09,2025-09-15 03:45:09,13.4,14.2,user_5,open,feature,high,39.33,"ci,api",6.0,13,1
TASK-1660,Write doc update for UI/checkout,"This task involves writing performance improvement related to UI. Expected steps: write tests, refactor, deploy.",2025-08-31 07:23:00,2025-09-06 07:23:00,12.3,11.8,,done,bug,high,46.08,"research,bugfix,backend",12.4,6,1
TASK-1661,Refactor refactor in UI/login flow,"This task involves fixing an API change related to UI. Expected steps: design, implementation.",2025-08-24 19:09:58,2025-09-20 19:09:58,33.1,27.4,user_10,done,research,high,40.25,"security,bugfix",49.9,27,1
TASK-1662,Write optimization for payment/checkout,"This task involves researching performance improvement related to payment. Expected steps: investigation, fix, release.",2025-08-27 04:54:33,2025-09-01 04:54:33,39.7,33.2,user_4,done,bug,high,53.16,backend,19.6,5,1
TASK-1663,Refactor optimization in notifications/schema,"This task involves updating an API change related to notifications. Expected steps: analysis, design, implementation, testing.",2025-09-14 19:16:13,2025-09-25 19:16:13,35.8,35.4,user_4,done,research,high,37.75,"frontend,ci,docs",8.2,11,1
TASK-1664,Research doc update for API/endpoint improvement,"This task involves researching a new feature related to API. Expected steps: write tests, refactor, deploy.",2025-09-18 00:21:10,2025-10-12 00:21:10,20.4,17.1,user_21,done,research,high,29.37,"docs,frontend,db",4.0,24,1
TASK-1665,Refactor feature in reports/endpoint,"This task involves fixing performance improvement related to reports. Expected steps: investigation, fix, release.",2025-09-11 23:59:59,2025-10-02 23:59:59,23.8,18.7,user_16,in_progress,feature,high,34.65,research,40.1,21,1
TASK-1666,Research doc update for search/reporting improvement,"This task involves refactoring performance improvement related to search. Expected steps: investigation, fix, release.",2025-08-27 11:52:16,2025-08-31 11:52:16,38.6,39.8,,blocked,maintenance,high,54.57,"docs,db",6.9,4,1
TASK-1667,Research doc update for notifications/checkout improvement,"This task involves updating performance improvement related to notifications. Expected steps: design, implementation.",2025-09-16 19:25:05,2025-10-02 19:25:05,33.8,31.2,,in_progress,feature,high,32.4,"security,docs",53.4,16,1
TASK-1668,Research doc update for auth/ETL improvement,"This task involves writing documentation related to auth. Expected steps: write tests, refactor, deploy.",2025-09-05 08:09:35,2025-09-20 08:09:35,17.6,25.5,user_2,open,feature,high,37.22,research,26.9,15,1
TASK-1669,Implement refactor for reports/dashboard feature,"This task involves implementing a bug related to reports. Expected steps: investigation, fix, release.",2025-08-28 11:24:08,2025-09-15 11:24:08,1.8,0.4,user_26,open,documentation,high,39.42,"backend,frontend,docs",21.7,18,1
TASK-1670,Implement optimization for UI/ETL feature,"This task involves updating a new feature related to UI. Expected steps: investigation, fix, release.",2025-09-17 15:17:34,2025-10-17 15:17:34,15.6,20.7,user_18,in_progress,bug,high,21.3,security,6.2,30,1
TASK-1671,Research feature for profile/login flow improvement,"This task involves writing documentation related to profile. Expected steps: analysis, design, implementation, testing.",2025-08-31 11:58:16,2025-09-25 11:58:16,27.8,38.2,user_24,open,maintenance,high,38.34,research,51.7,25,1
TASK-1672,Fix optimization in payment/ETL module,"This task involves fixing a bug related to payment. Expected steps: design, implementation.",2025-08-27 11:10:05,2025-09-15 11:10:05,31.9,12.1,user_20,done,documentation,high,43.01,"frontend,research,security",27.5,19,1
TASK-1673,Fix optimization in database/reporting module,"This task involves researching documentation related to database. Expected steps: write tests, refactor, deploy.",2025-08-27 09:22:20,2025-09-10 09:22:20,22.9,20.5,user_30,in_progress,research,high,42.8,perf,43.7,14,1
TASK-1674,Write optimization for analytics/checkout,"This task involves implementing an API change related to analytics. Expected steps: analysis, design, implementation, testing.",2025-09-05 12:27:30,2025-09-13 12:27:30,18.4,16.3,user_4,in_progress,documentation,high,39.9,"backend,ci,bugfix",12.5,8,1
TASK-1675,Research bug for reports/endpoint improvement,"This task involves implementing performance improvement related to reports. Expected steps: write tests, refactor, deploy.",2025-09-09 07:13:10,2025-10-06 07:13:10,23.1,13.3,user_25,in_progress,maintenance,high,30.18,"bugfix,frontend",19.3,27,1
TASK-1676,Refactor bug in reports/search ranking,"This task involves writing a new feature related to reports. Expected steps: write tests, refactor, deploy.",2025-09-09 23:11:28,2025-09-20 23:11:28,38.4,29.4,user_15,in_progress,research,high,41.95,"backend,ci,db",42.0,11,1
TASK-1677,Research feature for UI/login flow improvement,"This task involves refactoring a bug related to UI. Expected steps: design, implementation.",2025-08-30 12:28:19,2025-09-27 12:28:19,38.9,25.9,user_14,in_progress,research,high,38.72,"security,db,ci",0.6,28,1
TASK-1678,Fix doc update in search/schema module,"This task involves refactoring documentation related to search. Expected steps: investigation, fix, release.",2025-09-10 12:18:39,2025-09-16 12:18:39,6.5,9.9,user_7,blocked,documentation,high,37.9,"perf,ci",12.6,6,1
TASK-1679,Write refactor for UI/dashboard,"This task involves updating performance improvement related to UI. Expected steps: analysis, design, implementation, testing.",2025-09-03 03:06:10,2025-09-09 03:06:10,6.9,8.8,user_1,open,feature,high,39.88,security,27.5,6,1
TASK-1680,Fix optimization in auth/reporting module,"This task involves refactoring a new feature related to auth. Expected steps: analysis, design, implementation, testing.",2025-09-04 02:41:36,2025-09-22 02:41:36,35.5,49.0,user_1,done,documentation,high,39.52,"ci,research",22.0,18,1
TASK-1681,Research refactor for database/ETL improvement,"This task involves updating a new feature related to database. Expected steps: analysis, design, implementation, testing.",2025-09-11 09:04:03,2025-09-15 09:04:03,29.5,35.9,user_9,in_progress,feature,high,44.38,"db,api,research",58.0,4,1
TASK-1682,Update feature documentation for reports/user profile,"This task involves implementing a bug related to reports. Expected steps: design, implementation.",2025-09-23 06:30:36,2025-09-26 06:30:36,37.3,24.7,user_5,open,bug,high,38.08,bugfix,30.7,3,1
TASK-1683,Research doc update for search/user profile improvement,"This task involves writing an API change related to search. Expected steps: analysis, design, implementation, testing.",2025-08-31 19:43:26,2025-09-13 19:43:26,15.7,13.2,user_16,open,research,high,39.72,ci,50.5,13,1
TASK-1684,Implement optimization for database/dashboard feature,"This task involves refactoring performance improvement related to database. Expected steps: write tests, refactor, deploy.",2025-09-14 10:50:21,2025-09-23 10:50:21,27.7,31.8,user_14,in_progress,feature,high,36.17,"perf,api",43.7,9,1
TASK-1685,Implement feature for reports/ETL feature,"This task involves researching documentation related to reports. Expected steps: design, implementation.",2025-09-21 14:15:57,2025-09-22 14:15:57,8.6,5.4,user_7,open,documentation,high,34.36,"research,security",55.3,1,1
TASK-1686,Refactor doc update in database/login flow,"This task involves updating performance improvement related to database. Expected steps: write tests, refactor, deploy.",2025-08-25 21:59:16,2025-09-17 21:59:16,28.5,34.6,user_2,done,bug,high,43.02,"ci,perf",29.4,23,1
TASK-1687,Research bug for analytics/checkout improvement,"This task involves writing a bug related to analytics. Expected steps: design, implementation.",2025-09-14 18:25:40,2025-09-20 18:25:40,35.0,32.5,user_14,blocked,bug,high,38.78,"frontend,api,backend",51.5,6,1
TASK-1688,Write bug for API/reporting,"This task involves writing documentation related to API. Expected steps: design, implementation.",2025-09-20 18:29:21,2025-10-09 18:29:21,29.2,25.9,user_1,done,maintenance,high,29.92,"frontend,backend,docs",49.5,19,1
TASK-1689,Refactor bug in UI/schema,"This task involves implementing performance improvement related to UI. Expected steps: analysis, design, implementation, testing.",2025-09-01 20:44:44,2025-09-08 20:44:44,27.9,33.9,user_21,in_progress,bug,high,44.64,"api,backend,ci",28.0,7,1
TASK-1690,Update optimization documentation for payment/reporting,"This task involves fixing a bug related to payment. Expected steps: analysis, design, implementation, testing.",2025-08-30 01:46:05,2025-09-02 01:46:05,8.2,9.3,user_1,blocked,bug,high,43.73,"perf,backend",52.6,3,1
TASK-1691,Implement feature for database/endpoint feature,"This task involves writing a bug related to database. Expected steps: write tests, refactor, deploy.",2025-09-14 18:37:31,2025-09-20 18:37:31,11.9,10.6,user_14,open,feature,high,35.24,bugfix,58.8,6,1
TASK-1692,Write bug for profile/schema,"This task involves researching documentation related to profile. Expected steps: investigation, fix, release.",2025-09-04 01:32:45,2025-09-25 01:32:45,21.4,28.8,user_22,blocked,bug,high,38.53,"db,bugfix,docs",59.6,21,1
TASK-1693,Research feature for notifications/schema improvement,"This task involves writing an API change related to notifications. Expected steps: investigation, fix, release.",2025-08-27 07:42:46,2025-09-21 07:42:46,9.2,6.2,user_9,open,bug,high,35.93,"bugfix,perf,ci",28.0,25,1
TASK-1694,Write optimization for notifications/reporting,"This task involves updating an API change related to notifications. Expected steps: analysis, design, implementation, testing.",2025-09-03 06:28:31,2025-09-07 06:28:31,25.5,30.2,,open,maintenance,high,45.98,"backend,bugfix",54.8,4,1
TASK-1695,Write refactor for UI/user profile,"This task involves implementing a bug related to UI. Expected steps: write tests, refactor, deploy.",2025-09-17 21:00:24,2025-10-02 21:00:24,24.1,28.4,user_24,open,feature,high,31.58,"ci,api",29.0,15,1
TASK-1696,Research feature for database/login flow improvement,"This task involves refactoring a bug related to database. Expected steps: write tests, refactor, deploy.",2025-09-06 09:00:40,2025-09-15 09:00:40,38.2,34.7,user_1,open,feature,high,46.75,"security,docs,bugfix",7.8,9,1
TASK-1697,Write doc update for auth/checkout,"This task involves implementing documentation related to auth. Expected steps: write tests, refactor, deploy.",2025-09-05 11:28:58,2025-09-20 11:28:58,1.0,1.1,user_29,open,documentation,high,32.6,docs,26.2,15,1
TASK-1698,Update refactor documentation for API/dashboard,"This task involves writing a bug related to API. Expected steps: write tests, refactor, deploy.",2025-08-29 09:05:05,2025-09-02 09:05:05,19.4,12.1,user_23,open,maintenance,high,48.22,"docs,backend",23.3,4,1
TASK-1699,Write doc update for UI/search ranking,"This task involves writing performance improvement related to UI. Expected steps: write tests, refactor, deploy.",2025-09-09 14:55:49,2025-09-21 14:55:49,20.0,25.5,user_19,open,research,high,35.89,api,21.7,12,1
TASK-1700,Refactor refactor in auth/reporting,"This task involves researching a bug related to auth. Expected steps: design, implementation.",2025-08-28 17:47:05,2025-09-04 17:47:05,2.7,2.6,user_3,open,feature,high,42.17,"research,db",40.5,7,1
TASK-1701,Research optimization for auth/schema improvement,"This task involves implementing a new feature related to auth. Expected steps: write tests, refactor, deploy.",2025-09-14 01:39:07,2025-10-11 01:39:07,5.2,4.4,user_12,in_progress,bug,high,25.82,"frontend,bugfix",19.1,27,1
TASK-1702,Refactor optimization in analytics/search ranking,"This task involves fixing performance improvement related to analytics. Expected steps: write tests, refactor, deploy.",2025-09-06 06:32:11,2025-09-08 06:32:11,12.8,16.8,user_21,open,maintenance,high,43.07,"api,security",58.3,2,1
TASK-1703,Fix refactor in UI/search ranking module,"This task involves researching a bug related to UI. Expected steps: design, implementation.",2025-08-24 19:22:34,2025-09-23 19:22:34,28.6,22.6,user_17,blocked,maintenance,high,37.89,"research,frontend",7.3,30,1
TASK-1704,Research bug for profile/email flow improvement,"This task involves refactoring documentation related to profile. Expected steps: investigation, fix, release.",2025-09-06 08:52:23,2025-09-28 08:52:23,12.5,7.2,user_18,open,documentation,high,32.28,perf,19.5,22,1
TASK-1705,Update bug documentation for auth/reporting,"This task involves writing a bug related to auth. Expected steps: write tests, refactor, deploy.",2025-09-01 01:22:43,2025-09-04 01:22:43,21.9,11.7,user_5,in_progress,maintenance,high,48.84,"perf,docs",55.1,3,1
TASK-1706,Update optimization documentation for analytics/reporting,"This task involves fixing a bug related to analytics. Expected steps: investigation, fix, release.",2025-09-04 18:46:48,2025-09-09 18:46:48,24.8,29.3,user_26,done,maintenance,high,44.52,"backend,api,research",25.4,5,1
TASK-1707,Fix bug in UI/schema module,"This task involves researching a bug related to UI. Expected steps: design, implementation.",2025-09-10 17:24:42,2025-09-20 17:24:42,25.0,15.4,user_26,open,bug,high,38.37,"docs,db",16.5,10,1
TASK-1708,Update refactor documentation for UI/schema,"This task involves updating a bug related to UI. Expected steps: write tests, refactor, deploy.",2025-09-20 21:23:05,2025-10-12 21:23:05,12.1,18.5,user_7,open,maintenance,high,26.21,"research,perf",35.9,22,1
TASK-1709,Update feature documentation for notifications/checkout,"This task involves implementing a bug related to notifications. Expected steps: investigation, fix, release.",2025-08-31 05:31:44,2025-09-20 05:31:44,12.2,4.6,user_27,in_progress,maintenance,high,37.61,"security,db",28.5,20,1
TASK-1710,Refactor doc update in auth/email flow,"This task involves writing documentation related to auth. Expected steps: write tests, refactor, deploy.",2025-08-29 03:38:52,2025-09-26 03:38:52,30.0,45.3,user_23,open,maintenance,high,36.28,ci,58.1,28,1
TASK-1711,Update doc update documentation for profile/ETL,"This task involves fixing a new feature related to profile. Expected steps: investigation, fix, release.",2025-09-02 17:16:15,2025-09-27 17:16:15,13.3,14.1,user_1,open,research,high,31.49,"ci,db",24.9,25,1
TASK-1712,Fix optimization in database/ETL module,"This task involves implementing performance improvement related to database. Expected steps: design, implementation.",2025-09-04 22:50:10,2025-10-02 22:50:10,5.8,5.6,user_7,done,research,high,28.11,db,33.0,28,1
TASK-1713,Write refactor for API/search ranking,"This task involves writing documentation related to API. Expected steps: investigation, fix, release.",2025-09-12 12:09:57,2025-10-04 12:09:57,35.5,29.7,,blocked,documentation,high,34.61,"db,docs,ci",29.7,22,1
TASK-1714,Research feature for database/user profile improvement,"This task involves implementing performance improvement related to database. Expected steps: investigation, fix, release.",2025-08-24 16:46:13,2025-09-20 16:46:13,14.0,15.7,user_6,in_progress,bug,high,36.22,"db,ci,security",11.3,27,1
TASK-1715,Fix feature in reports/endpoint module,"This task involves refactoring an API change related to reports. Expected steps: analysis, design, implementation, testing.",2025-09-11 14:03:23,2025-10-05 14:03:23,16.9,16.7,user_20,open,research,high,31.01,"backend,api,frontend",44.6,24,1
TASK-1716,Update refactor documentation for search/ETL,"This task involves implementing a new feature related to search. Expected steps: write tests, refactor, deploy.",2025-09-04 16:05:37,2025-10-02 16:05:37,10.3,13.7,user_23,done,documentation,high,28.22,frontend,12.4,28,1
TASK-1717,Research refactor for profile/endpoint improvement,"This task involves researching a new feature related to profile. Expected steps: design, implementation.",2025-09-22 18:47:14,2025-10-09 18:47:14,26.0,26.9,user_27,open,feature,high,28.42,"backend,frontend,security",40.9,17,1
TASK-1718,Research optimization for analytics/user profile improvement,"This task involves fixing performance improvement related to analytics. Expected steps: investigation, fix, release.",2025-09-20 02:23:04,2025-10-08 02:23:04,5.7,6.0,user_21,done,bug,high,26.33,"frontend,research,db",49.7,18,1
TASK-1719,Update optimization documentation for auth/email flow,"This task involves updating an API change related to auth. Expected steps: write tests, refactor, deploy.",2025-09-06 10:57:04,2025-09-10 10:57:04,5.0,4.5,user_25,blocked,bug,high,41.61,"db,api",8.5,4,1
TASK-1720,Implement doc update for profile/endpoint feature,"This task involves fixing documentation related to profile. Expected steps: analysis, design, implementation, testing.",2025-09-07 08:18:06,2025-09-30 08:18:06,20.2,19.9,user_9,open,maintenance,high,32.69,"research,ci",35.7,23,1
TASK-1721,Implement doc update for UI/ETL feature,"This task involves fixing a new feature related to UI. Expected steps: investigation, fix, release.",2025-09-10 12:06:57,2025-10-03 12:06:57,12.4,13.5,,open,documentation,high,30.36,"research,bugfix",44.6,23,1
TASK-1722,Update refactor documentation for UI/dashboard,"This task involves writing performance improvement related to UI. Expected steps: investigation, fix, release.",2025-09-12 16:50:10,2025-09-13 16:50:10,34.2,16.7,user_5,in_progress,documentation,high,43.66,"security,db,perf",37.1,1,1
TASK-1723,Implement refactor for notifications/dashboard feature,"This task involves refactoring documentation related to notifications. Expected steps: investigation, fix, release.",2025-09-04 22:30:43,2025-10-04 22:30:43,19.9,11.9,user_17,in_progress,maintenance,high,32.97,backend,20.5,30,1
TASK-1724,Write feature for API/endpoint,"This task involves writing an API change related to API. Expected steps: analysis, design, implementation, testing.",2025-09-13 02:21:54,2025-09-25 02:21:54,20.5,25.1,user_21,done,research,high,38.09,"docs,api,frontend",23.9,12,1
TASK-1725,Fix bug in notifications/ETL module,"This task involves writing an API change related to notifications. Expected steps: analysis, design, implementation, testing.",2025-09-22 17:04:56,2025-09-24 17:04:56,18.4,19.3,user_8,open,feature,high,36.63,"docs,ci,perf",10.6,2,1
TASK-1726,Refactor doc update in database/ETL,"This task involves fixing a new feature related to database. Expected steps: analysis, design, implementation, testing.",2025-09-20 18:47:20,2025-09-25 18:47:20,21.4,20.2,user_8,open,research,high,35.67,security,52.9,5,1
TASK-1727,Fix feature in notifications/checkout module,"This task involves researching a bug related to notifications. Expected steps: write tests, refactor, deploy.",2025-08-27 02:24:19,2025-09-03 02:24:19,4.9,4.9,user_20,in_progress,research,high,41.53,"backend,perf",46.6,7,1
TASK-1728,Implement optimization for reports/reporting feature,"This task involves fixing documentation related to reports. Expected steps: write tests, refactor, deploy.",2025-09-11 15:20:32,2025-09-27 15:20:32,25.6,28.3,user_16,in_progress,documentation,high,34.44,"docs,api,research",40.7,16,1
TASK-1729,Refactor bug in database/user profile,"This task involves implementing performance improvement related to database. Expected steps: analysis, design, implementation, testing.",2025-09-03 04:11:48,2025-09-20 04:11:48,19.3,16.2,user_3,blocked,documentation,high,36.33,"api,security",49.4,17,1
TASK-1730,Implement feature for payment/endpoint feature,"This task involves writing an API change related to payment. Expected steps: investigation, fix, release.",2025-09-03 04:46:43,2025-09-20 04:46:43,19.4,14.9,user_30,in_progress,research,high,39.24,"bugfix,docs",46.0,17,1
TASK-1731,Implement feature for UI/reporting feature,"This task involves writing an API change related to UI. Expected steps: write tests, refactor, deploy.",2025-09-13 04:52:50,2025-10-09 04:52:50,17.3,18.3,user_8,done,maintenance,high,30.63,"api,bugfix",18.4,26,1
TASK-1732,Update optimization documentation for notifications/email flow,"This task involves writing performance improvement related to notifications. Expected steps: write tests, refactor, deploy.",2025-09-16 11:30:28,2025-09-17 11:30:28,30.7,21.7,user_14,open,feature,high,44.51,"frontend,docs",12.5,1,1
TASK-1733,Update doc update documentation for database/schema,"This task involves fixing documentation related to database. Expected steps: write tests, refactor, deploy.",2025-09-17 07:49:47,2025-09-28 07:49:47,22.8,25.6,user_26,open,research,high,34.76,"backend,ci",14.6,11,1
TASK-1734,Write optimization for profile/reporting,"This task involves fixing performance improvement related to profile. Expected steps: write tests, refactor, deploy.",2025-09-01 02:15:23,2025-09-21 02:15:23,23.9,11.7,user_2,in_progress,documentation,high,38.97,"research,backend",28.3,20,1
TASK-1735,Update optimization documentation for payment/email flow,"This task involves implementing a new feature related to payment. Expected steps: investigation, fix, release.",2025-09-10 19:42:39,2025-09-28 19:42:39,4.4,5.8,user_19,in_progress,documentation,high,31.16,"frontend,bugfix",46.3,18,1
TASK-1736,Fix optimization in notifications/email flow module,"This task involves updating a new feature related to notifications. Expected steps: design, implementation.",2025-09-03 05:40:47,2025-09-11 05:40:47,19.0,21.7,user_22,done,documentation,high,41.58,"frontend,bugfix,backend",38.5,8,1
TASK-1737,Research bug for search/user profile improvement,"This task involves refactoring a bug related to search. Expected steps: investigation, fix, release.",2025-08-25 02:01:56,2025-09-08 02:01:56,39.8,42.9,,done,documentation,high,49.91,"research,api",38.1,14,1
TASK-1738,Update bug documentation for payment/reporting,"This task involves refactoring a bug related to payment. Expected steps: design, implementation.",2025-09-17 13:21:10,2025-10-15 13:21:10,34.2,44.3,user_15,in_progress,feature,high,30.1,"db,research,perf",27.1,28,1
TASK-1739,Update bug documentation for UI/email flow,"This task involves implementing an API change related to UI. Expected steps: investigation, fix, release.",2025-09-07 05:16:52,2025-10-02 05:16:52,28.0,42.0,user_14,done,maintenance,high,34.47,ci,49.7,25,1
TASK-1740,Fix doc update in auth/endpoint module,"This task involves researching a new feature related to auth. Expected steps: investigation, fix, release.",2025-09-19 06:22:52,2025-10-08 06:22:52,27.3,35.6,user_15,in_progress,feature,high,32.31,"api,bugfix,docs",46.4,19,1
TASK-1741,Implement bug for database/dashboard feature,"This task involves fixing an API change related to database. Expected steps: analysis, design, implementation, testing.",2025-09-16 23:34:51,2025-10-04 23:34:51,14.6,6.5,user_28,open,feature,high,30.71,research,9.8,18,1
TASK-1742,Write doc update for API/endpoint,"This task involves fixing a new feature related to API. Expected steps: write tests, refactor, deploy.",2025-08-28 07:00:24,2025-09-10 07:00:24,2.0,1.2,,done,feature,high,39.3,"perf,db",11.9,13,1
TASK-1743,Research bug for reports/checkout improvement,"This task involves implementing an API change related to reports. Expected steps: analysis, design, implementation, testing.",2025-08-29 11:38:35,2025-09-05 11:38:35,5.7,4.6,user_20,open,documentation,high,42.72,backend,48.0,7,1
TASK-1744,Write refactor for profile/schema,"This task involves fixing performance improvement related to profile. Expected steps: analysis, design, implementation, testing.",2025-08-24 19:35:29,2025-09-19 19:35:29,17.4,17.5,,open,documentation,high,40.21,db,56.8,26,1
TASK-1745,Update bug documentation for database/endpoint,"This task involves updating performance improvement related to database. Expected steps: write tests, refactor, deploy.",2025-08-25 01:46:46,2025-09-03 01:46:46,29.5,34.1,,open,feature,high,47.29,bugfix,31.1,9,1
TASK-1746,Implement bug for profile/login flow feature,"This task involves refactoring a new feature related to profile. Expected steps: investigation, fix, release.",2025-09-04 17:59:39,2025-09-18 17:59:39,33.1,25.9,user_6,done,feature,high,42.83,"bugfix,api,backend",47.2,14,1
TASK-1747,Fix doc update in profile/endpoint module,"This task involves researching documentation related to profile. Expected steps: investigation, fix, release.",2025-09-12 06:08:42,2025-09-13 06:08:42,31.5,33.3,user_29,in_progress,feature,high,46.37,security,22.6,1,1
TASK-1748,Refactor feature in analytics/dashboard,"This task involves fixing a bug related to analytics. Expected steps: investigation, fix, release.",2025-09-20 12:20:35,2025-09-23 12:20:35,17.4,13.5,user_16,in_progress,maintenance,high,38.26,"perf,bugfix,frontend",18.7,3,1
TASK-1749,Research doc update for database/dashboard improvement,"This task involves updating an API change related to database. Expected steps: investigation, fix, release.",2025-09-22 07:20:21,2025-10-14 07:20:21,28.9,23.6,user_24,blocked,research,high,26.76,security,7.8,22,1
TASK-1750,Implement bug for API/checkout feature,"This task involves updating performance improvement related to API. Expected steps: investigation, fix, release.",2025-09-20 04:56:54,2025-09-24 04:56:54,10.7,6.2,user_24,in_progress,documentation,high,35.69,"ci,security",31.0,4,1
TASK-1751,Write optimization for UI/email flow,"This task involves writing a new feature related to UI. Expected steps: analysis, design, implementation, testing.",2025-09-16 00:52:52,2025-10-12 00:52:52,16.0,11.6,user_7,done,bug,high,24.91,docs,9.7,26,1
TASK-1752,Write optimization for auth/reporting,"This task involves researching documentation related to auth. Expected steps: design, implementation.",2025-09-12 11:02:26,2025-10-09 11:02:26,38.9,23.1,user_7,in_progress,documentation,high,33.01,research,39.3,27,1
TASK-1753,Refactor feature in notifications/email flow,"This task involves writing documentation related to notifications. Expected steps: write tests, refactor, deploy.",2025-09-16 18:12:46,2025-10-01 18:12:46,26.9,19.0,user_11,blocked,documentation,high,31.7,"db,frontend",57.9,15,1
TASK-1754,Implement optimization for payment/endpoint feature,"This task involves fixing a bug related to payment. Expected steps: investigation, fix, release.",2025-08-28 09:18:10,2025-09-09 09:18:10,13.0,17.1,user_3,done,research,high,41.01,"docs,bugfix,ci",46.6,12,1
TASK-1755,Implement refactor for notifications/ETL feature,"This task involves implementing an API change related to notifications. Expected steps: analysis, design, implementation, testing.",2025-09-17 14:33:16,2025-09-29 14:33:16,22.0,15.7,user_17,open,feature,high,31.9,ci,13.6,12,1
TASK-1756,Update refactor documentation for UI/ETL,"This task involves researching a new feature related to UI. Expected steps: investigation, fix, release.",2025-08-26 01:35:03,2025-09-08 01:35:03,12.6,22.6,,done,maintenance,high,42.86,research,0.0,13,1
TASK-1757,Write feature for analytics/schema,"This task involves updating an API change related to analytics. Expected steps: analysis, design, implementation, testing.",2025-08-26 09:00:26,2025-09-09 09:00:26,6.5,7.5,user_6,blocked,feature,high,40.76,db,23.5,14,1
TASK-1758,Implement bug for API/email flow feature,"This task involves implementing documentation related to API. Expected steps: design, implementation.",2025-09-20 09:04:01,2025-09-24 09:04:01,29.3,30.9,user_22,open,maintenance,high,36.57,"api,frontend",38.2,4,1
TASK-1759,Refactor bug in database/ETL,"This task involves updating an API change related to database. Expected steps: write tests, refactor, deploy.",2025-08-31 13:32:16,2025-09-15 13:32:16,12.7,9.4,user_24,in_progress,feature,high,37.39,"api,research,frontend",22.9,15,1
TASK-1760,Write optimization for payment/user profile,"This task involves refactoring a new feature related to payment. Expected steps: write tests, refactor, deploy.",2025-09-16 08:27:29,2025-09-24 08:27:29,21.4,25.9,user_24,in_progress,research,high,38.61,perf,50.2,8,1
TASK-1761,Research bug for search/login flow improvement,"This task involves writing documentation related to search. Expected steps: investigation, fix, release.",2025-09-12 19:21:30,2025-09-23 19:21:30,17.4,14.4,user_12,open,bug,high,37.05,"docs,perf",13.3,11,1
TASK-1762,Research optimization for database/checkout improvement,"This task involves refactoring an API change related to database. Expected steps: write tests, refactor, deploy.",2025-09-11 19:08:22,2025-10-09 19:08:22,37.1,38.5,user_20,open,bug,high,32.3,docs,21.6,28,1
TASK-1763,Update optimization documentation for reports/search ranking,"This task involves updating a bug related to reports. Expected steps: investigation, fix, release.",2025-09-13 00:16:16,2025-09-28 00:16:16,34.2,60.5,user_17,open,maintenance,high,38.91,"db,frontend,docs",34.0,15,1
TASK-1764,Fix doc update in notifications/checkout module,"This task involves researching a bug related to notifications. Expected steps: write tests, refactor, deploy.",2025-09-19 01:57:25,2025-09-28 01:57:25,15.0,14.6,user_12,done,feature,high,32.38,api,27.5,9,1
TASK-1765,Update feature documentation for database/dashboard,"This task involves refactoring an API change related to database. Expected steps: investigation, fix, release.",2025-09-15 19:40:29,2025-10-10 19:40:29,14.6,19.6,user_28,in_progress,bug,high,26.09,"security,docs,api",49.7,25,1
TASK-1766,Fix doc update in payment/search ranking module,"This task involves refactoring performance improvement related to payment. Expected steps: design, implementation.",2025-09-16 07:05:37,2025-09-23 07:05:37,11.3,8.9,user_12,open,maintenance,high,37.24,bugfix,19.4,7,1
TASK-1767,Fix doc update in API/reporting module,"This task involves refactoring an API change related to API. Expected steps: investigation, fix, release.",2025-09-16 07:14:32,2025-10-04 07:14:32,7.9,7.8,user_3,open,bug,high,30.14,"db,research,bugfix",43.0,18,1
TASK-1768,Refactor feature in notifications/search ranking,"This task involves researching a bug related to notifications. Expected steps: investigation, fix, release.",2025-09-12 00:01:47,2025-09-15 00:01:47,13.6,20.8,user_27,open,research,high,38.0,"frontend,perf",13.5,3,1
TASK-1769,Update feature documentation for API/endpoint,"This task involves researching a new feature related to API. Expected steps: design, implementation.",2025-08-24 23:18:31,2025-09-01 23:18:31,38.6,31.3,,in_progress,maintenance,high,50.79,"ci,docs,db",11.2,8,1
TASK-1770,Refactor refactor in reports/search ranking,"This task involves researching documentation related to reports. Expected steps: investigation, fix, release.",2025-09-17 16:50:03,2025-09-26 16:50:03,17.8,27.5,user_30,done,documentation,high,34.76,bugfix,19.3,9,1
TASK-1771,Update refactor documentation for API/ETL,"This task involves implementing a bug related to API. Expected steps: write tests, refactor, deploy.",2025-09-09 15:49:35,2025-09-13 15:49:35,32.5,39.4,user_24,open,research,high,45.61,perf,16.1,4,1
TASK-1772,Fix optimization in profile/reporting module,"This task involves researching an API change related to profile. Expected steps: write tests, refactor, deploy.",2025-08-26 12:55:15,2025-09-01 12:55:15,1.9,1.6,user_21,open,documentation,high,44.26,"bugfix,backend,api",3.9,6,1
TASK-1773,Update doc update documentation for database/reporting,"This task involves updating a bug related to database. Expected steps: write tests, refactor, deploy.",2025-09-06 12:33:54,2025-10-01 12:33:54,37.8,45.0,,open,maintenance,high,35.61,"research,api,docs",34.2,25,1
TASK-1774,Refactor refactor in search/dashboard,"This task involves updating an API change related to search. Expected steps: investigation, fix, release.",2025-09-19 11:32:09,2025-10-09 11:32:09,3.1,4.0,user_19,open,bug,high,26.19,"db,bugfix,docs",14.9,20,1
TASK-1775,Refactor bug in UI/dashboard,"This task involves updating performance improvement related to UI. Expected steps: analysis, design, implementation, testing.",2025-09-03 13:15:22,2025-09-07 13:15:22,37.9,45.0,user_22,open,maintenance,high,47.99,"bugfix,api",11.0,4,1
TASK-1776,Write optimization for notifications/dashboard,"This task involves writing performance improvement related to notifications. Expected steps: analysis, design, implementation, testing.",2025-08-30 03:15:18,2025-09-12 03:15:18,8.8,4.7,user_21,in_progress,documentation,high,40.02,security,15.5,13,1
TASK-1777,Refactor bug in auth/ETL,"This task involves updating documentation related to auth. Expected steps: analysis, design, implementation, testing.",2025-08-29 15:41:48,2025-09-15 15:41:48,1.5,1.2,user_10,open,research,high,37.12,bugfix,11.3,17,1
TASK-1778,Refactor refactor in profile/dashboard,"This task involves implementing documentation related to profile. Expected steps: analysis, design, implementation, testing.",2025-09-19 18:16:38,2025-10-19 18:16:38,7.0,6.5,user_6,done,feature,high,20.94,"frontend,ci",56.1,30,1
TASK-1779,Fix bug in database/schema module,"This task involves writing a new feature related to database. Expected steps: design, implementation.",2025-09-20 14:32:00,2025-10-06 14:32:00,8.5,8.3,user_20,done,maintenance,high,29.84,"db,perf,backend",40.1,16,1
TASK-1780,Fix doc update in notifications/endpoint module,"This task involves implementing a new feature related to notifications. Expected steps: write tests, refactor, deploy.",2025-08-30 05:58:20,2025-09-12 05:58:20,2.6,3.1,user_30,in_progress,research,high,37.01,"backend,api,db",45.4,13,1
TASK-1781,Update doc update documentation for API/schema,"This task involves implementing performance improvement related to API. Expected steps: design, implementation.",2025-09-02 09:17:52,2025-09-23 09:17:52,17.6,18.5,user_3,in_progress,maintenance,high,34.54,"perf,db,research",29.9,21,1
TASK-1782,Write bug for auth/ETL,"This task involves implementing a bug related to auth. Expected steps: investigation, fix, release.",2025-09-20 08:40:26,2025-10-14 08:40:26,36.1,21.6,user_21,open,bug,high,29.89,research,23.1,24,1
TASK-1783,Write optimization for analytics/login flow,"This task involves updating an API change related to analytics. Expected steps: design, implementation.",2025-09-08 20:39:51,2025-09-30 20:39:51,28.3,31.5,,open,feature,high,36.62,"api,backend,docs",29.7,22,1
TASK-1784,Refactor bug in reports/login flow,"This task involves researching a new feature related to reports. Expected steps: analysis, design, implementation, testing.",2025-09-21 07:52:20,2025-09-22 07:52:20,36.3,42.9,user_30,blocked,feature,high,43.2,api,55.1,1,1
TASK-1785,Research feature for auth/dashboard improvement,"This task involves refactoring a new feature related to auth. Expected steps: investigation, fix, release.",2025-09-20 01:22:03,2025-10-04 01:22:03,27.5,32.1,user_29,in_progress,feature,high,35.2,"research,db,frontend",25.0,14,1
TASK-1786,Research feature for search/schema improvement,"This task involves researching documentation related to search. Expected steps: analysis, design, implementation, testing.",2025-09-12 09:28:26,2025-09-25 09:28:26,2.6,3.4,user_5,in_progress,feature,high,30.37,backend,9.5,13,1
TASK-1787,Research refactor for payment/dashboard improvement,"This task involves writing a new feature related to payment. Expected steps: investigation, fix, release.",2025-09-22 06:11:44,2025-10-15 06:11:44,37.3,46.6,user_18,open,research,high,28.27,db,49.4,23,1
TASK-1788,Implement optimization for payment/ETL feature,"This task involves implementing a new feature related to payment. Expected steps: analysis, design, implementation, testing.",2025-09-07 16:00:59,2025-09-11 16:00:59,5.3,6.0,user_13,open,bug,high,38.27,"api,perf,bugfix",26.5,4,1
TASK-1789,Fix feature in analytics/endpoint module,"This task involves updating documentation related to analytics. Expected steps: analysis, design, implementation, testing.",2025-09-10 15:54:15,2025-09-15 15:54:15,14.3,14.0,,done,documentation,high,39.17,"frontend,db,security",9.2,5,1
TASK-1790,Write feature for analytics/checkout,"This task involves implementing a new feature related to analytics. Expected steps: investigation, fix, release.",2025-09-13 08:08:10,2025-09-28 08:08:10,2.0,1.0,user_27,open,research,high,29.84,bugfix,32.8,15,1
TASK-1791,Write bug for auth/checkout,"This task involves researching an API change related to auth. Expected steps: analysis, design, implementation, testing.",2025-09-12 03:44:58,2025-09-18 03:44:58,29.2,33.0,user_2,open,bug,high,42.26,db,0.2,6,1
TASK-1792,Fix bug in search/reporting module,"This task involves implementing a bug related to search. Expected steps: analysis, design, implementation, testing.",2025-08-25 04:37:07,2025-09-21 04:37:07,36.5,38.8,,in_progress,documentation,high,42.23,"perf,docs",41.0,27,1
TASK-1793,Refactor optimization in database/email flow,"This task involves researching a new feature related to database. Expected steps: write tests, refactor, deploy.",2025-09-09 16:36:53,2025-09-21 16:36:53,9.7,10.5,user_24,open,maintenance,high,37.94,api,44.4,12,1
TASK-1794,Research bug for database/dashboard improvement,"This task involves researching performance improvement related to database. Expected steps: design, implementation.",2025-09-23 05:21:35,2025-09-28 05:21:35,33.8,20.9,user_13,in_progress,maintenance,high,37.06,"perf,db",27.8,5,1
TASK-1795,Write feature for notifications/search ranking,"This task involves updating an API change related to notifications. Expected steps: design, implementation.",2025-08-31 23:29:33,2025-09-23 23:29:33,8.4,5.7,user_28,in_progress,research,high,33.5,"security,db",22.5,23,1
TASK-1796,Write feature for API/search ranking,"This task involves researching a bug related to API. Expected steps: write tests, refactor, deploy.",2025-09-02 14:35:52,2025-09-29 14:35:52,38.3,50.4,,in_progress,feature,high,35.75,"bugfix,db,security",10.8,27,1
TASK-1797,Research optimization for auth/endpoint improvement,"This task involves refactoring a new feature related to auth. Expected steps: investigation, fix, release.",2025-09-23 02:34:58,2025-10-15 02:34:58,23.0,22.7,user_13,in_progress,feature,high,24.85,"perf,docs",52.1,22,1
TASK-1798,Implement refactor for profile/email flow feature,"This task involves refactoring an API change related to profile. Expected steps: analysis, design, implementation, testing.",2025-09-13 21:13:25,2025-10-09 21:13:25,3.5,4.2,user_30,done,bug,high,24.36,api,55.9,26,1
TASK-1799,Write feature for API/dashboard,"This task involves writing a bug related to API. Expected steps: investigation, fix, release.",2025-09-12 07:05:39,2025-09-23 07:05:39,23.8,24.0,user_16,open,feature,high,36.71,security,9.6,11,1
TASK-1800,Implement bug for UI/search ranking feature,"This task involves refactoring an API change related to UI. Expected steps: write tests, refactor, deploy.",2025-08-29 08:19:45,2025-09-16 08:19:45,25.5,25.7,user_9,in_progress,feature,high,43.98,"bugfix,perf,backend",45.3,18,1
TASK-1801,Implement optimization for search/user profile feature,"This task involves researching a new feature related to search. Expected steps: analysis, design, implementation, testing.",2025-09-11 04:24:49,2025-10-08 04:24:49,15.1,19.4,user_19,open,bug,high,30.87,"ci,api,security",59.3,27,1
TASK-1802,Write feature for payment/dashboard,"This task involves refactoring documentation related to payment. Expected steps: write tests, refactor, deploy.",2025-09-21 02:26:15,2025-09-25 02:26:15,39.7,33.6,user_22,open,documentation,high,38.9,api,36.2,4,1
TASK-1803,Research refactor for auth/reporting improvement,"This task involves researching a new feature related to auth. Expected steps: investigation, fix, release.",2025-09-19 03:16:10,2025-09-26 03:16:10,21.0,21.6,,done,bug,high,35.65,frontend,39.0,7,1
TASK-1804,Update optimization documentation for database/schema,"This task involves researching documentation related to database. Expected steps: analysis, design, implementation, testing.",2025-09-01 18:48:35,2025-09-26 18:48:35,26.6,22.9,user_11,in_progress,feature,high,38.18,"frontend,ci,research",22.8,25,1
TASK-1805,Research bug for search/search ranking improvement,"This task involves updating documentation related to search. Expected steps: write tests, refactor, deploy.",2025-09-03 16:01:28,2025-09-29 16:01:28,21.0,18.3,,in_progress,documentation,high,31.86,"research,security",11.6,26,1
TASK-1806,Write optimization for database/checkout,"This task involves updating a bug related to database. Expected steps: investigation, fix, release.",2025-09-19 10:37:56,2025-10-18 10:37:56,5.4,4.9,user_26,blocked,feature,high,19.45,"backend,bugfix",34.3,29,1
TASK-1807,Implement bug for payment/checkout feature,"This task involves updating a bug related to payment. Expected steps: investigation, fix, release.",2025-09-19 16:52:56,2025-10-09 16:52:56,3.7,3.9,user_28,done,documentation,high,26.67,ci,7.3,20,1
TASK-1808,Update bug documentation for UI/endpoint,"This task involves implementing a bug related to UI. Expected steps: analysis, design, implementation, testing.",2025-08-24 17:07:59,2025-09-19 17:07:59,27.7,23.7,user_23,open,documentation,high,40.67,perf,49.1,26,1
TASK-1809,Update feature documentation for profile/reporting,"This task involves researching documentation related to profile. Expected steps: analysis, design, implementation, testing.",2025-09-06 20:58:45,2025-09-23 20:58:45,1.2,1.7,user_7,open,research,high,33.12,backend,42.2,17,1
TASK-1810,Fix doc update in API/dashboard module,"This task involves implementing a new feature related to API. Expected steps: write tests, refactor, deploy.",2025-09-12 15:46:52,2025-10-01 15:46:52,12.6,9.2,user_21,open,maintenance,high,29.77,"docs,security",0.4,19,1
TASK-1811,Update feature documentation for database/schema,"This task involves fixing a bug related to database. Expected steps: analysis, design, implementation, testing.",2025-09-08 09:59:31,2025-10-07 09:59:31,29.6,27.9,user_27,in_progress,maintenance,high,29.48,"backend,api,security",41.9,29,1
TASK-1812,Refactor doc update in payment/reporting,"This task involves updating documentation related to payment. Expected steps: write tests, refactor, deploy.",2025-09-04 08:12:30,2025-09-30 08:12:30,19.7,17.1,user_25,in_progress,research,high,35.94,docs,35.2,26,1
TASK-1813,Fix optimization in notifications/search ranking module,"This task involves researching documentation related to notifications. Expected steps: write tests, refactor, deploy.",2025-09-07 12:10:35,2025-10-06 12:10:35,19.1,27.4,user_24,blocked,maintenance,high,32.57,api,22.9,29,1
TASK-1814,Update doc update documentation for UI/search ranking,"This task involves fixing performance improvement related to UI. Expected steps: design, implementation.",2025-08-29 03:06:54,2025-09-04 03:06:54,9.5,10.1,user_16,open,documentation,high,42.89,"db,bugfix",18.2,6,1
TASK-1815,Refactor feature in database/endpoint,"This task involves researching an API change related to database. Expected steps: write tests, refactor, deploy.",2025-09-06 14:01:26,2025-10-04 14:01:26,7.2,9.4,,open,bug,high,26.77,"perf,research",8.5,28,1
TASK-1816,Refactor optimization in profile/endpoint,"This task involves researching a bug related to profile. Expected steps: investigation, fix, release.",2025-09-12 13:03:13,2025-09-23 13:03:13,25.6,14.2,user_14,in_progress,research,high,36.27,"api,ci",48.4,11,1
TASK-1817,Implement optimization for notifications/reporting feature,"This task involves fixing a bug related to notifications. Expected steps: write tests, refactor, deploy.",2025-09-04 16:46:24,2025-09-12 16:46:24,9.2,9.9,user_8,done,documentation,high,40.51,"research,security",20.4,8,1
TASK-1818,Write doc update for API/dashboard,"This task involves updating an API change related to API. Expected steps: design, implementation.",2025-09-14 20:12:10,2025-10-04 20:12:10,10.2,12.9,user_16,in_progress,bug,high,28.11,db,45.0,20,1
TASK-1819,Refactor refactor in notifications/checkout,"This task involves researching performance improvement related to notifications. Expected steps: investigation, fix, release.",2025-08-26 14:33:13,2025-09-08 14:33:13,31.3,32.1,user_9,in_progress,documentation,high,48.0,perf,14.8,13,1
TASK-1820,Update doc update documentation for auth/email flow,"This task involves refactoring performance improvement related to auth. Expected steps: design, implementation.",2025-09-17 02:37:12,2025-09-28 02:37:12,19.9,26.3,user_29,in_progress,feature,high,36.77,"ci,backend,research",44.0,11,1
TASK-1821,Update refactor documentation for API/ETL,"This task involves writing a new feature related to API. Expected steps: write tests, refactor, deploy.",2025-09-06 06:55:16,2025-10-03 06:55:16,34.3,29.0,user_7,open,bug,high,32.5,"db,backend,api",27.9,27,1
TASK-1822,Implement refactor for profile/search ranking feature,"This task involves implementing an API change related to profile. Expected steps: write tests, refactor, deploy.",2025-09-16 08:27:35,2025-09-20 08:27:35,37.5,53.4,user_7,in_progress,maintenance,high,40.92,"bugfix,api,frontend",7.4,4,1
TASK-1823,Write doc update for analytics/user profile,"This task involves implementing documentation related to analytics. Expected steps: write tests, refactor, deploy.",2025-09-10 02:27:32,2025-10-01 02:27:32,17.9,30.2,user_6,open,bug,high,33.3,"ci,frontend",53.0,21,1
TASK-1824,Fix bug in UI/user profile module,"This task involves fixing a new feature related to UI. Expected steps: design, implementation.",2025-08-27 15:59:23,2025-09-02 15:59:23,37.7,33.6,user_25,open,documentation,high,49.73,"api,backend",29.5,6,1
TASK-1825,Refactor optimization in auth/ETL,"This task involves updating performance improvement related to auth. Expected steps: design, implementation.",2025-09-10 00:59:51,2025-09-13 00:59:51,32.8,28.4,user_4,blocked,documentation,high,43.2,security,1.5,3,1
TASK-1826,Update bug documentation for API/user profile,"This task involves fixing a new feature related to API. Expected steps: design, implementation.",2025-09-22 02:20:34,2025-10-20 02:20:34,6.4,9.2,user_13,blocked,maintenance,high,18.38,"perf,frontend",40.2,28,1
TASK-1827,Update bug documentation for search/ETL,"This task involves fixing a new feature related to search. Expected steps: analysis, design, implementation, testing.",2025-08-30 20:43:47,2025-09-18 20:43:47,20.2,29.8,user_3,in_progress,documentation,high,39.09,db,12.8,19,1
TASK-1828,Refactor doc update in auth/reporting,"This task involves writing an API change related to auth. Expected steps: investigation, fix, release.",2025-09-08 22:12:02,2025-09-14 22:12:02,33.6,28.3,user_9,open,documentation,high,45.71,"backend,research",27.1,6,1
TASK-1829,Research optimization for reports/ETL improvement,"This task involves implementing a new feature related to reports. Expected steps: analysis, design, implementation, testing.",2025-08-25 20:21:45,2025-09-20 20:21:45,5.2,4.5,,open,research,high,36.22,"docs,research",21.7,26,1
TASK-1830,Fix doc update in API/reporting module,"This task involves implementing an API change related to API. Expected steps: analysis, design, implementation, testing.",2025-09-02 21:29:47,2025-09-09 21:29:47,33.4,30.6,,open,maintenance,high,47.28,"db,bugfix",55.2,7,1
TASK-1831,Research doc update for analytics/reporting improvement,"This task involves updating a new feature related to analytics. Expected steps: analysis, design, implementation, testing.",2025-09-12 02:09:14,2025-10-11 02:09:14,1.0,0.6,user_2,done,documentation,high,26.35,"perf,db",43.7,29,1
TASK-1832,Implement doc update for payment/login flow feature,"This task involves implementing a new feature related to payment. Expected steps: write tests, refactor, deploy.",2025-09-15 20:29:48,2025-09-27 20:29:48,4.0,2.9,user_1,open,bug,high,33.29,"bugfix,research",27.4,12,1
TASK-1833,Implement optimization for payment/login flow feature,"This task involves implementing a bug related to payment. Expected steps: analysis, design, implementation, testing.",2025-08-27 04:21:21,2025-09-04 04:21:21,18.8,13.1,,in_progress,documentation,high,45.11,"ci,perf,backend",43.9,8,1
TASK-1834,Implement optimization for API/checkout feature,"This task involves updating performance improvement related to API. Expected steps: analysis, design, implementation, testing.",2025-08-25 17:07:24,2025-09-08 17:07:24,33.4,25.7,user_1,in_progress,bug,high,47.46,"research,perf",12.2,14,1
TASK-1835,Write feature for auth/schema,"This task involves implementing performance improvement related to auth. Expected steps: analysis, design, implementation, testing.",2025-09-23 11:22:13,2025-09-25 11:22:13,35.1,34.7,user_14,in_progress,maintenance,high,40.48,"frontend,research,api",5.3,2,1
TASK-1836,Write refactor for profile/user profile,"This task involves implementing documentation related to profile. Expected steps: investigation, fix, release.",2025-09-15 09:13:49,2025-10-03 09:13:49,6.7,7.2,user_12,in_progress,research,high,28.85,"api,research",8.9,18,1
TASK-1837,Update optimization documentation for profile/ETL,"This task involves writing performance improvement related to profile. Expected steps: analysis, design, implementation, testing.",2025-09-11 15:55:00,2025-10-10 15:55:00,6.4,9.4,,in_progress,maintenance,high,26.55,"bugfix,frontend,api",30.4,29,1
TASK-1838,Update doc update documentation for UI/reporting,"This task involves refactoring a new feature related to UI. Expected steps: design, implementation.",2025-09-22 21:58:28,2025-10-18 21:58:28,9.0,6.3,user_3,blocked,bug,high,24.25,"frontend,security,backend",34.5,26,1
TASK-1839,Write feature for analytics/dashboard,"This task involves updating documentation related to analytics. Expected steps: write tests, refactor, deploy.",2025-08-28 02:33:02,2025-09-21 02:33:02,33.6,43.5,user_30,open,maintenance,high,39.32,"db,backend",13.5,24,1
TASK-1840,Update feature documentation for profile/dashboard,"This task involves updating a bug related to profile. Expected steps: analysis, design, implementation, testing.",2025-09-08 10:54:48,2025-10-08 10:54:48,3.8,3.6,,open,maintenance,high,25.27,security,38.3,30,1
TASK-1841,Implement bug for auth/login flow feature,"This task involves writing a bug related to auth. Expected steps: design, implementation.",2025-08-30 04:04:53,2025-09-24 04:04:53,27.5,27.1,user_15,done,maintenance,high,40.22,"db,frontend,research",20.6,25,1
TASK-1842,Write optimization for API/schema,"This task involves refactoring an API change related to API. Expected steps: write tests, refactor, deploy.",2025-09-12 15:43:32,2025-10-01 15:43:32,2.6,3.1,user_2,in_progress,documentation,high,26.68,"perf,db,backend",25.4,19,1
TASK-1843,Refactor optimization in reports/email flow,"This task involves fixing performance improvement related to reports. Expected steps: analysis, design, implementation, testing.",2025-09-22 11:33:38,2025-10-17 11:33:38,36.3,24.1,user_18,open,feature,high,29.38,"backend,perf,db",44.9,25,1
TASK-1844,Implement bug for reports/user profile feature,"This task involves writing documentation related to reports. Expected steps: write tests, refactor, deploy.",2025-08-31 02:17:14,2025-09-14 02:17:14,4.7,5.2,user_19,done,bug,high,40.62,"backend,security",10.9,14,1
TASK-1845,Write refactor for reports/search ranking,"This task involves updating a bug related to reports. Expected steps: investigation, fix, release.",2025-09-11 04:02:36,2025-10-04 04:02:36,21.2,22.3,user_15,open,feature,high,29.44,"api,db,backend",41.2,23,1
TASK-1846,Fix optimization in API/user profile module,"This task involves implementing a bug related to API. Expected steps: write tests, refactor, deploy.",2025-09-16 20:54:01,2025-10-12 20:54:01,26.5,30.4,user_13,open,feature,high,26.92,"ci,perf,docs",42.8,26,1
TASK-1847,Update feature documentation for payment/checkout,"This task involves implementing a new feature related to payment. Expected steps: analysis, design, implementation, testing.",2025-09-06 17:47:50,2025-09-18 17:47:50,32.0,34.8,user_23,in_progress,documentation,high,42.07,db,28.4,12,1
TASK-1848,Write optimization for search/ETL,"This task involves fixing a bug related to search. Expected steps: analysis, design, implementation, testing.",2025-09-01 11:33:57,2025-09-23 11:33:57,14.9,25.9,user_30,open,feature,high,34.09,backend,34.2,22,1
TASK-1849,Update refactor documentation for API/user profile,"This task involves writing an API change related to API. Expected steps: investigation, fix, release.",2025-09-07 22:26:27,2025-10-03 22:26:27,26.6,21.5,user_4,in_progress,feature,high,31.33,"bugfix,db",0.7,26,1
TASK-1850,Fix bug in analytics/login flow module,"This task involves refactoring documentation related to analytics. Expected steps: analysis, design, implementation, testing.",2025-09-02 16:46:30,2025-09-28 16:46:30,6.3,5.3,,done,feature,high,29.7,"perf,ci",12.8,26,1
TASK-1851,Implement refactor for search/ETL feature,"This task involves fixing a new feature related to search. Expected steps: design, implementation.",2025-09-19 08:00:58,2025-09-24 08:00:58,34.6,28.1,user_17,done,bug,high,39.75,db,50.4,5,1
TASK-1852,Write optimization for API/schema,"This task involves fixing performance improvement related to API. Expected steps: analysis, design, implementation, testing.",2025-09-19 17:14:56,2025-10-14 17:14:56,16.4,13.7,user_24,done,maintenance,high,25.03,bugfix,28.8,25,1
TASK-1853,Refactor feature in search/dashboard,"This task involves refactoring an API change related to search. Expected steps: investigation, fix, release.",2025-09-08 12:18:12,2025-09-11 12:18:12,17.9,14.5,user_3,in_progress,feature,high,43.94,api,16.6,3,1
TASK-1854,Write doc update for profile/email flow,"This task involves refactoring an API change related to profile. Expected steps: investigation, fix, release.",2025-09-21 04:16:57,2025-10-19 04:16:57,38.0,51.6,user_13,blocked,research,high,28.58,"ci,bugfix,perf",20.2,28,1
TASK-1855,Update refactor documentation for profile/email flow,"This task involves refactoring an API change related to profile. Expected steps: analysis, design, implementation, testing.",2025-09-01 03:30:51,2025-09-10 03:30:51,37.4,53.3,,in_progress,feature,high,46.05,"docs,ci",20.9,9,1
TASK-1856,Write refactor for API/email flow,"This task involves updating performance improvement related to API. Expected steps: investigation, fix, release.",2025-09-01 12:22:57,2025-09-15 12:22:57,27.1,22.5,user_20,done,feature,high,43.93,"research,docs,api",42.8,14,1
TASK-1857,Refactor optimization in notifications/endpoint,"This task involves refactoring an API change related to notifications. Expected steps: design, implementation.",2025-08-28 02:45:33,2025-09-21 02:45:33,35.2,26.4,user_7,in_progress,documentation,high,39.46,"perf,api,docs",23.5,24,1
TASK-1858,Update optimization documentation for database/reporting,"This task involves refactoring documentation related to database. Expected steps: design, implementation.",2025-09-01 05:46:11,2025-09-04 05:46:11,10.8,12.3,,blocked,maintenance,high,42.18,research,55.7,3,1
TASK-1859,Research doc update for analytics/reporting improvement,"This task involves refactoring an API change related to analytics. Expected steps: write tests, refactor, deploy.",2025-08-30 13:47:03,2025-09-01 13:47:03,39.3,32.8,user_16,in_progress,maintenance,high,51.55,"backend,bugfix",10.9,2,1
TASK-1860,Write bug for auth/login flow,"This task involves writing a bug related to auth. Expected steps: investigation, fix, release.",2025-08-28 10:06:40,2025-09-01 10:06:40,37.1,44.1,user_7,open,research,high,49.22,api,58.6,4,1
TASK-1861,Update optimization documentation for database/schema,"This task involves implementing a new feature related to database. Expected steps: design, implementation.",2025-09-12 03:33:07,2025-10-01 03:33:07,30.3,32.1,,open,feature,high,33.32,"ci,api,docs",10.3,19,1
TASK-1862,Research refactor for API/ETL improvement,"This task involves fixing a new feature related to API. Expected steps: analysis, design, implementation, testing.",2025-09-10 17:39:37,2025-09-30 17:39:37,39.2,21.4,user_16,open,feature,high,38.57,docs,27.6,20,1
TASK-1863,Implement doc update for UI/endpoint feature,"This task involves fixing a bug related to UI. Expected steps: design, implementation.",2025-09-13 17:36:13,2025-09-27 17:36:13,23.6,34.6,user_13,in_progress,feature,high,33.22,db,42.7,14,1
TASK-1864,Research refactor for UI/search ranking improvement,"This task involves researching a bug related to UI. Expected steps: investigation, fix, release.",2025-08-30 18:03:36,2025-09-21 18:03:36,20.2,31.1,user_17,open,bug,high,37.54,"db,perf,docs",22.4,22,1
TASK-1865,Update optimization documentation for payment/reporting,"This task involves implementing performance improvement related to payment. Expected steps: design, implementation.",2025-08-31 03:16:33,2025-09-12 03:16:33,16.8,13.7,user_10,done,maintenance,high,42.36,"frontend,docs",38.7,12,1
TASK-1866,Fix optimization in profile/login flow module,"This task involves refactoring documentation related to profile. Expected steps: investigation, fix, release.",2025-09-05 00:39:59,2025-09-21 00:39:59,18.0,15.9,user_14,open,documentation,high,36.84,"api,research",28.7,16,1
TASK-1867,Implement refactor for API/reporting feature,"This task involves refactoring an API change related to API. Expected steps: design, implementation.",2025-09-18 23:25:02,2025-10-01 23:25:02,15.2,16.5,user_3,in_progress,feature,high,29.5,"security,frontend,research",4.8,13,1
TASK-1868,Write doc update for profile/dashboard,"This task involves implementing performance improvement related to profile. Expected steps: investigation, fix, release.",2025-09-19 17:29:37,2025-09-25 17:29:37,9.9,10.9,user_17,open,bug,high,34.08,"bugfix,research,perf",56.5,6,1
TASK-1869,Implement feature for API/login flow feature,"This task involves refactoring a bug related to API. Expected steps: analysis, design, implementation, testing.",2025-09-16 18:48:34,2025-09-25 18:48:34,32.9,39.4,user_4,blocked,research,high,39.38,"bugfix,ci,security",14.7,9,1
TASK-1870,Fix doc update in notifications/dashboard module,"This task involves refactoring a bug related to notifications. Expected steps: analysis, design, implementation, testing.",2025-09-05 09:54:27,2025-09-11 09:54:27,2.9,4.6,user_5,open,research,high,41.25,"research,perf,docs",27.3,6,1
TASK-1871,Update feature documentation for payment/endpoint,"This task involves updating an API change related to payment. Expected steps: analysis, design, implementation, testing.",2025-08-26 14:39:38,2025-09-08 14:39:38,6.3,6.0,user_17,blocked,maintenance,high,41.51,"db,security,perf",57.7,13,1
TASK-1872,Refactor refactor in notifications/reporting,"This task involves updating performance improvement related to notifications. Expected steps: investigation, fix, release.",2025-09-09 07:15:58,2025-09-23 07:15:58,7.5,5.7,,open,bug,high,33.03,"api,research,backend",36.3,14,1
TASK-1873,Research doc update for search/search ranking improvement,"This task involves writing a bug related to search. Expected steps: investigation, fix, release.",2025-09-08 05:10:01,2025-10-03 05:10:01,1.6,0.9,user_21,blocked,maintenance,high,30.15,"bugfix,research,db",14.7,25,1
TASK-1874,Fix doc update in API/user profile module,"This task involves researching performance improvement related to API. Expected steps: write tests, refactor, deploy.",2025-09-14 23:38:54,2025-09-26 23:38:54,35.4,27.6,user_14,done,feature,high,40.32,"backend,research,api",3.2,12,1
TASK-1875,Research bug for search/search ranking improvement,"This task involves refactoring documentation related to search. Expected steps: investigation, fix, release.",2025-09-18 05:33:19,2025-10-06 05:33:19,19.6,19.4,,done,maintenance,high,28.26,"docs,research",55.3,18,1
TASK-1876,Implement feature for auth/checkout feature,"This task involves updating an API change related to auth. Expected steps: investigation, fix, release.",2025-08-26 09:29:09,2025-09-12 09:29:09,9.5,14.6,user_1,in_progress,documentation,high,41.89,"api,ci",17.1,17,1
TASK-1877,Fix bug in analytics/reporting module,"This task involves researching performance improvement related to analytics. Expected steps: write tests, refactor, deploy.",2025-09-16 12:11:16,2025-09-18 12:11:16,27.0,22.8,user_24,in_progress,bug,high,43.39,db,19.8,2,1
TASK-1878,Update feature documentation for profile/schema,"This task involves implementing a new feature related to profile. Expected steps: analysis, design, implementation, testing.",2025-09-12 02:31:01,2025-09-21 02:31:01,16.4,17.5,user_10,open,feature,high,35.75,"docs,db,bugfix",25.6,9,1
TASK-1879,Refactor bug in database/endpoint,"This task involves fixing a new feature related to database. Expected steps: analysis, design, implementation, testing.",2025-09-01 13:31:58,2025-09-17 13:31:58,31.7,31.5,user_30,done,maintenance,high,40.41,"perf,api,security",51.0,16,1
TASK-1880,Write refactor for reports/ETL,"This task involves updating documentation related to reports. Expected steps: investigation, fix, release.",2025-09-09 09:35:52,2025-10-01 09:35:52,27.6,37.4,user_17,in_progress,research,high,35.91,docs,48.9,22,1
TASK-1881,Research doc update for profile/schema improvement,"This task involves refactoring documentation related to profile. Expected steps: write tests, refactor, deploy.",2025-09-22 18:45:19,2025-10-05 18:45:19,3.0,5.3,user_26,done,bug,high,28.72,"docs,ci,security",27.9,13,1
TASK-1882,Implement refactor for payment/ETL feature,"This task involves writing performance improvement related to payment. Expected steps: write tests, refactor, deploy.",2025-09-06 04:15:26,2025-09-17 04:15:26,12.7,10.7,user_20,in_progress,bug,high,39.91,db,24.4,11,1
TASK-1883,Research optimization for UI/search ranking improvement,"This task involves fixing documentation related to UI. Expected steps: investigation, fix, release.",2025-08-28 03:29:25,2025-09-05 03:29:25,20.0,17.1,,done,maintenance,high,46.44,"db,docs",17.2,8,1
TASK-1884,Refactor feature in UI/email flow,"This task involves refactoring documentation related to UI. Expected steps: write tests, refactor, deploy.",2025-09-19 04:40:13,2025-09-23 04:40:13,4.2,5.5,user_1,open,maintenance,high,33.8,bugfix,59.5,4,1
TASK-1885,Fix bug in profile/dashboard module,"This task involves implementing documentation related to profile. Expected steps: investigation, fix, release.",2025-09-13 23:03:36,2025-10-13 23:03:36,33.2,40.0,user_19,open,feature,high,31.1,"backend,frontend",59.8,30,1
TASK-1886,Fix bug in auth/reporting module,"This task involves implementing a new feature related to auth. Expected steps: write tests, refactor, deploy.",2025-09-18 07:47:05,2025-10-04 07:47:05,5.2,8.1,user_20,blocked,bug,high,30.2,"bugfix,backend",27.7,16,1
TASK-1887,Write bug for UI/ETL,"This task involves researching an API change related to UI. Expected steps: design, implementation.",2025-09-14 06:28:13,2025-09-16 06:28:13,16.3,19.2,user_6,in_progress,maintenance,high,39.05,"research,ci,db",25.1,2,1
TASK-1888,Implement feature for database/email flow feature,"This task involves implementing performance improvement related to database. Expected steps: design, implementation.",2025-09-14 16:41:46,2025-09-16 16:41:46,4.1,3.7,user_4,open,maintenance,high,34.95,"backend,research,api",41.3,2,1
TASK-1889,Refactor optimization in API/user profile,"This task involves researching a bug related to API. Expected steps: investigation, fix, release.",2025-09-21 17:19:17,2025-09-28 17:19:17,35.9,42.3,user_12,open,feature,high,36.41,frontend,50.5,7,1
TASK-1890,Write optimization for search/dashboard,"This task involves researching performance improvement related to search. Expected steps: investigation, fix, release.",2025-09-07 02:05:17,2025-10-04 02:05:17,13.7,18.3,,in_progress,documentation,high,32.53,"bugfix,frontend,ci",57.3,27,1
TASK-1891,Research doc update for payment/user profile improvement,"This task involves implementing a bug related to payment. Expected steps: design, implementation.",2025-08-31 19:11:03,2025-09-20 19:11:03,20.3,25.3,user_7,in_progress,maintenance,high,35.75,api,42.7,20,1
TASK-1892,Refactor bug in notifications/email flow,"This task involves fixing performance improvement related to notifications. Expected steps: design, implementation.",2025-08-30 22:19:54,2025-09-10 22:19:54,27.5,31.7,,in_progress,documentation,high,44.65,"ci,docs,db",46.2,11,1
TASK-1893,Update refactor documentation for auth/user profile,"This task involves refactoring documentation related to auth. Expected steps: write tests, refactor, deploy.",2025-08-25 22:25:02,2025-09-05 22:25:02,1.7,2.2,user_26,open,maintenance,high,43.99,"ci,docs,api",50.1,11,1
TASK-1894,Implement doc update for profile/schema feature,"This task involves updating a bug related to profile. Expected steps: design, implementation.",2025-09-13 15:38:19,2025-10-02 15:38:19,10.9,14.7,user_17,open,feature,high,32.44,"docs,db",0.1,19,1
TASK-1895,Fix refactor in payment/schema module,"This task involves refactoring performance improvement related to payment. Expected steps: analysis, design, implementation, testing.",2025-09-08 15:37:43,2025-10-02 15:37:43,32.0,45.3,user_10,blocked,bug,high,34.38,"docs,security,research",46.8,24,1
TASK-1896,Implement doc update for search/ETL feature,"This task involves implementing an API change related to search. Expected steps: design, implementation.",2025-08-25 00:35:58,2025-09-08 00:35:58,4.1,4.9,user_16,open,feature,high,43.48,"research,bugfix,ci",40.3,14,1
TASK-1897,Research feature for UI/search ranking improvement,"This task involves updating a new feature related to UI. Expected steps: investigation, fix, release.",2025-08-27 12:38:33,2025-09-26 12:38:33,12.3,11.7,,in_progress,bug,high,31.84,backend,51.2,30,1
TASK-1898,Fix doc update in API/checkout module,"This task involves implementing a bug related to API. Expected steps: write tests, refactor, deploy.",2025-09-03 17:23:20,2025-09-20 17:23:20,30.9,32.3,user_15,in_progress,maintenance,high,41.02,"backend,api",47.3,17,1
TASK-1899,Write feature for UI/search ranking,"This task involves refactoring documentation related to UI. Expected steps: analysis, design, implementation, testing.",2025-09-20 22:13:47,2025-10-10 22:13:47,32.4,44.1,user_3,done,feature,high,28.71,security,48.9,20,1
TASK-1900,Refactor doc update in API/user profile,"This task involves fixing documentation related to API. Expected steps: write tests, refactor, deploy.",2025-09-17 09:05:11,2025-10-01 09:05:11,5.0,3.8,user_26,in_progress,feature,high,28.45,"perf,backend,docs",50.1,14,1
TASK-1901,Research optimization for analytics/user profile improvement,"This task involves writing documentation related to analytics. Expected steps: design, implementation.",2025-09-20 14:20:46,2025-09-22 14:20:46,18.7,20.8,user_12,open,documentation,high,37.98,"frontend,api",51.7,2,1
TASK-1902,Fix refactor in UI/checkout module,"This task involves refactoring an API change related to UI. Expected steps: analysis, design, implementation, testing.",2025-09-11 09:14:42,2025-09-27 09:14:42,20.3,17.9,,in_progress,documentation,high,33.16,api,14.8,16,1
TASK-1903,Refactor bug in search/schema,"This task involves fixing a bug related to search. Expected steps: investigation, fix, release.",2025-09-13 13:02:25,2025-09-18 13:02:25,28.1,28.3,user_5,open,maintenance,high,43.53,"api,backend,perf",18.5,5,1
TASK-1904,Write bug for search/login flow,"This task involves writing documentation related to search. Expected steps: design, implementation.",2025-09-14 22:51:49,2025-10-12 22:51:49,6.4,8.9,user_20,done,documentation,high,22.35,"api,ci",53.3,28,1
TASK-1905,Implement refactor for reports/endpoint feature,"This task involves fixing a new feature related to reports. Expected steps: analysis, design, implementation, testing.",2025-09-01 21:27:29,2025-09-28 21:27:29,30.7,32.5,user_30,done,research,high,38.32,"security,research,ci",6.0,27,1
TASK-1906,Research optimization for auth/schema improvement,"This task involves fixing documentation related to auth. Expected steps: investigation, fix, release.",2025-09-15 19:57:19,2025-09-20 19:57:19,3.7,3.8,,in_progress,bug,high,36.7,perf,48.6,5,1
TASK-1907,Research doc update for analytics/checkout improvement,"This task involves implementing an API change related to analytics. Expected steps: design, implementation.",2025-08-27 01:24:49,2025-09-02 01:24:49,8.2,4.9,,in_progress,bug,high,45.79,perf,13.1,6,1
TASK-1908,Update refactor documentation for UI/dashboard,"This task involves implementing performance improvement related to UI. Expected steps: analysis, design, implementation, testing.",2025-09-14 00:59:00,2025-10-13 00:59:00,11.7,14.3,user_25,blocked,maintenance,high,25.58,db,12.7,29,1
TASK-1909,Update refactor documentation for search/endpoint,"This task involves writing documentation related to search. Expected steps: design, implementation.",2025-09-05 17:37:20,2025-09-24 17:37:20,17.1,20.4,user_9,open,bug,high,36.45,"ci,perf",0.1,19,1
TASK-1910,Fix feature in search/reporting module,"This task involves updating documentation related to search. Expected steps: design, implementation.",2025-09-10 21:31:51,2025-10-07 21:31:51,26.0,42.9,user_22,open,bug,high,29.35,frontend,43.9,27,1
TASK-1911,Update feature documentation for search/dashboard,"This task involves writing a bug related to search. Expected steps: analysis, design, implementation, testing.",2025-09-13 03:42:05,2025-10-06 03:42:05,5.3,4.8,user_14,open,feature,high,27.3,backend,52.1,23,1
TASK-1912,Write refactor for search/search ranking,"This task involves updating documentation related to search. Expected steps: write tests, refactor, deploy.",2025-09-13 11:48:49,2025-10-11 11:48:49,25.8,27.5,user_12,open,feature,high,29.11,"db,frontend",15.1,28,1
TASK-1913,Research bug for profile/dashboard improvement,"This task involves fixing performance improvement related to profile. Expected steps: investigation, fix, release.",2025-08-30 17:07:55,2025-09-03 17:07:55,35.4,38.0,user_9,open,bug,high,49.45,"backend,perf,api",18.2,4,1
TASK-1914,Implement doc update for profile/endpoint feature,"This task involves researching performance improvement related to profile. Expected steps: investigation, fix, release.",2025-08-29 09:53:50,2025-09-06 09:53:50,18.1,26.7,user_25,open,maintenance,high,44.54,"security,bugfix,backend",16.1,8,1
TASK-1915,Write bug for analytics/schema,"This task involves writing an API change related to analytics. Expected steps: investigation, fix, release.",2025-09-15 23:46:39,2025-09-16 23:46:39,3.5,3.4,,open,documentation,high,35.46,security,51.4,1,1
TASK-1916,Refactor optimization in analytics/dashboard,"This task involves refactoring a bug related to analytics. Expected steps: design, implementation.",2025-09-22 08:34:29,2025-10-03 08:34:29,31.0,33.6,user_14,in_progress,bug,high,34.11,backend,44.0,11,1
TASK-1917,Update doc update documentation for search/schema,"This task involves refactoring a new feature related to search. Expected steps: write tests, refactor, deploy.",2025-09-13 16:38:58,2025-10-03 16:38:58,23.0,27.2,user_13,in_progress,feature,high,34.05,"frontend,api",21.4,20,1
TASK-1918,Implement optimization for analytics/email flow feature,"This task involves implementing performance improvement related to analytics. Expected steps: analysis, design, implementation, testing.",2025-09-14 06:58:21,2025-09-18 06:58:21,23.0,24.3,user_14,done,feature,high,39.94,"backend,ci,perf",43.1,4,1
TASK-1919,Implement doc update for API/endpoint feature,"This task involves fixing a bug related to API. Expected steps: investigation, fix, release.",2025-08-24 22:47:23,2025-09-12 22:47:23,17.0,14.7,,in_progress,maintenance,high,43.37,api,55.4,19,1
TASK-1920,Refactor doc update in payment/checkout,"This task involves refactoring an API change related to payment. Expected steps: design, implementation.",2025-08-25 22:10:12,2025-09-17 22:10:12,11.8,12.5,user_25,in_progress,bug,high,39.99,"docs,db",53.2,23,1
TASK-1921,Fix refactor in payment/ETL module,"This task involves implementing an API change related to payment. Expected steps: investigation, fix, release.",2025-08-24 14:26:03,2025-09-16 14:26:03,14.6,19.3,user_15,in_progress,feature,high,36.55,ci,1.3,23,1
TASK-1922,Write feature for API/dashboard,"This task involves implementing a bug related to API. Expected steps: design, implementation.",2025-08-30 11:23:01,2025-09-06 11:23:01,8.7,6.0,user_2,in_progress,feature,high,43.83,backend,43.5,7,1
TASK-1923,Update doc update documentation for API/email flow,"This task involves updating performance improvement related to API. Expected steps: design, implementation.",2025-09-14 05:40:03,2025-10-11 05:40:03,36.1,37.5,user_1,open,bug,high,31.39,"db,backend,security",45.9,27,1
TASK-1924,Implement optimization for payment/dashboard feature,"This task involves fixing performance improvement related to payment. Expected steps: design, implementation.",2025-09-14 14:08:32,2025-09-20 14:08:32,11.4,9.0,user_18,done,research,high,39.03,"ci,api,perf",9.4,6,1
TASK-1925,Refactor feature in analytics/reporting,"This task involves researching performance improvement related to analytics. Expected steps: design, implementation.",2025-09-11 22:15:01,2025-10-07 22:15:01,18.4,25.0,user_20,open,bug,high,27.66,"db,security",27.9,26,1
TASK-1926,Fix feature in reports/checkout module,"This task involves fixing a new feature related to reports. Expected steps: analysis, design, implementation, testing.",2025-09-10 09:36:50,2025-09-23 09:36:50,36.5,19.8,user_24,blocked,bug,high,40.39,"docs,bugfix,ci",54.5,13,1
TASK-1927,Refactor bug in reports/ETL,"This task involves implementing an API change related to reports. Expected steps: analysis, design, implementation, testing.",2025-09-03 18:31:40,2025-09-21 18:31:40,4.6,3.8,user_18,open,feature,high,32.14,"docs,bugfix",48.2,18,1
TASK-1928,Implement feature for payment/ETL feature,"This task involves refactoring performance improvement related to payment. Expected steps: analysis, design, implementation, testing.",2025-09-06 06:17:44,2025-09-27 06:17:44,22.3,24.8,user_11,in_progress,documentation,high,37.92,"frontend,ci",45.9,21,1
TASK-1929,Fix bug in auth/login flow module,"This task involves writing a new feature related to auth. Expected steps: analysis, design, implementation, testing.",2025-08-27 01:51:46,2025-09-03 01:51:46,19.8,29.1,user_15,blocked,research,high,47.7,ci,1.6,7,1
TASK-1930,Implement optimization for notifications/email flow feature,"This task involves updating a bug related to notifications. Expected steps: investigation, fix, release.",2025-09-16 04:11:18,2025-09-25 04:11:18,7.2,7.1,user_5,in_progress,research,high,33.64,"perf,security",54.6,9,1
TASK-1931,Fix doc update in UI/dashboard module,"This task involves refactoring an API change related to UI. Expected steps: analysis, design, implementation, testing.",2025-09-03 00:31:45,2025-09-19 00:31:45,2.6,2.2,user_1,open,bug,high,33.03,"docs,db",20.7,16,1
TASK-1932,Write refactor for payment/email flow,"This task involves writing an API change related to payment. Expected steps: design, implementation.",2025-09-05 18:05:58,2025-09-24 18:05:58,5.8,9.1,user_26,open,feature,high,35.61,"frontend,api",18.6,19,1
TASK-1933,Implement bug for reports/search ranking feature,"This task involves refactoring a bug related to reports. Expected steps: write tests, refactor, deploy.",2025-08-26 04:33:13,2025-09-02 04:33:13,10.4,5.9,user_20,in_progress,research,high,44.86,ci,46.7,7,1
TASK-1934,Refactor bug in UI/dashboard,"This task involves fixing documentation related to UI. Expected steps: analysis, design, implementation, testing.",2025-09-21 10:37:38,2025-10-19 10:37:38,16.3,5.5,user_4,done,research,high,24.45,"research,bugfix",32.8,28,1
TASK-1935,Research refactor for profile/endpoint improvement,"This task involves implementing performance improvement related to profile. Expected steps: design, implementation.",2025-09-09 10:45:31,2025-09-12 10:45:31,16.6,18.8,user_22,open,maintenance,high,42.42,"bugfix,security",34.3,3,1
TASK-1936,Update doc update documentation for database/search ranking,"This task involves implementing a bug related to database. Expected steps: design, implementation.",2025-09-19 23:34:07,2025-10-14 23:34:07,29.0,24.6,user_24,blocked,maintenance,high,26.37,"research,backend",27.7,25,1
TASK-1937,Fix optimization in search/schema module,"This task involves implementing documentation related to search. Expected steps: investigation, fix, release.",2025-09-16 07:52:52,2025-10-14 07:52:52,35.1,24.3,user_26,open,documentation,high,28.72,"bugfix,research,docs",57.6,28,1
TASK-1938,Update optimization documentation for auth/checkout,"This task involves researching documentation related to auth. Expected steps: write tests, refactor, deploy.",2025-09-17 08:40:29,2025-10-15 08:40:29,12.3,14.9,user_27,in_progress,bug,high,25.82,"backend,api,docs",33.4,28,1
TASK-1939,Refactor doc update in analytics/dashboard,"This task involves writing a new feature related to analytics. Expected steps: write tests, refactor, deploy.",2025-09-11 21:38:09,2025-10-04 21:38:09,3.4,3.6,user_2,open,bug,high,30.15,"docs,ci",55.0,23,1
TASK-1940,Implement refactor for notifications/endpoint feature,"This task involves writing an API change related to notifications. Expected steps: investigation, fix, release.",2025-09-20 02:28:23,2025-09-24 02:28:23,16.4,13.6,user_5,blocked,bug,high,33.75,"perf,security,ci",43.3,4,1
TASK-1941,Fix refactor in analytics/login flow module,"This task involves implementing a new feature related to analytics. Expected steps: analysis, design, implementation, testing.",2025-09-12 12:35:47,2025-09-19 12:35:47,20.2,12.4,user_21,open,feature,high,36.74,"frontend,backend",57.4,7,1
TASK-1942,Refactor doc update in analytics/user profile,"This task involves researching a bug related to analytics. Expected steps: write tests, refactor, deploy.",2025-09-22 10:06:00,2025-10-20 10:06:00,16.9,21.3,user_28,in_progress,bug,high,20.43,docs,49.2,28,1
TASK-1943,Fix doc update in reports/checkout module,"This task involves researching a bug related to reports. Expected steps: design, implementation.",2025-09-18 17:26:13,2025-10-05 17:26:13,37.0,44.2,user_13,open,maintenance,high,32.72,"ci,backend",57.6,17,1
TASK-1944,Research feature for auth/reporting improvement,"This task involves researching documentation related to auth. Expected steps: investigation, fix, release.",2025-08-28 14:47:39,2025-08-30 14:47:39,4.0,3.9,user_26,open,research,high,46.0,"research,backend,ci",13.6,2,1
TASK-1945,Research doc update for analytics/user profile improvement,"This task involves fixing an API change related to analytics. Expected steps: design, implementation.",2025-09-16 07:03:45,2025-09-30 07:03:45,8.6,13.4,user_6,done,research,high,31.73,backend,14.4,14,1
TASK-1946,Write optimization for notifications/email flow,"This task involves fixing a bug related to notifications. Expected steps: investigation, fix, release.",2025-09-21 14:41:15,2025-10-14 14:41:15,30.1,20.4,user_5,in_progress,maintenance,high,30.22,api,37.8,23,1
TASK-1947,Write optimization for API/user profile,"This task involves researching performance improvement related to API. Expected steps: analysis, design, implementation, testing.",2025-09-09 04:17:30,2025-09-13 04:17:30,5.5,3.0,user_25,blocked,bug,high,41.32,security,53.1,4,1
TASK-1948,Write refactor for search/search ranking,"This task involves fixing a bug related to search. Expected steps: write tests, refactor, deploy.",2025-08-29 05:14:29,2025-09-13 05:14:29,3.8,3.0,,open,feature,high,40.1,"api,ci",3.1,15,1
TASK-1949,Research feature for analytics/ETL improvement,"This task involves researching an API change related to analytics. Expected steps: analysis, design, implementation, testing.",2025-09-08 03:50:43,2025-10-06 03:50:43,19.9,19.6,user_21,done,research,high,29.03,"research,ci,frontend",6.9,28,1
TASK-1950,Write refactor for analytics/login flow,"This task involves researching a new feature related to analytics. Expected steps: investigation, fix, release.",2025-09-02 13:14:39,2025-09-18 13:14:39,34.7,37.2,,in_progress,research,high,40.62,docs,14.0,16,1
TASK-1951,Write bug for reports/checkout,"This task involves fixing documentation related to reports. Expected steps: write tests, refactor, deploy.",2025-09-14 07:57:54,2025-09-15 07:57:54,24.6,22.8,user_12,done,research,high,42.96,"research,bugfix",56.1,1,1
TASK-1952,Update refactor documentation for profile/schema,"This task involves implementing performance improvement related to profile. Expected steps: write tests, refactor, deploy.",2025-09-16 14:20:23,2025-10-05 14:20:23,32.5,35.9,,in_progress,research,high,34.21,"perf,backend,research",8.7,19,1
TASK-1953,Write refactor for reports/search ranking,"This task involves implementing a new feature related to reports. Expected steps: investigation, fix, release.",2025-09-10 13:24:43,2025-09-20 13:24:43,1.8,1.1,user_10,in_progress,feature,high,37.13,backend,11.1,10,1
TASK-1954,Implement optimization for database/dashboard feature,"This task involves researching an API change related to database. Expected steps: analysis, design, implementation, testing.",2025-09-05 19:59:49,2025-09-28 19:59:49,1.9,2.7,user_5,open,bug,high,30.17,"frontend,perf",10.4,23,1
TASK-1955,Implement feature for database/ETL feature,"This task involves refactoring an API change related to database. Expected steps: design, implementation.",2025-09-03 08:55:39,2025-09-25 08:55:39,24.5,23.9,user_8,done,research,high,35.09,"frontend,research,ci",53.8,22,1
TASK-1956,Research refactor for payment/dashboard improvement,"This task involves refactoring performance improvement related to payment. Expected steps: investigation, fix, release.",2025-08-25 11:55:27,2025-09-20 11:55:27,34.1,45.5,user_19,blocked,research,high,42.2,"research,backend",47.0,26,1
TASK-1957,Research doc update for reports/search ranking improvement,"This task involves researching a bug related to reports. Expected steps: design, implementation.",2025-08-25 01:07:09,2025-09-10 01:07:09,32.5,35.8,user_27,in_progress,feature,high,47.33,"api,ci,backend",15.1,16,1
TASK-1958,Implement refactor for database/search ranking feature,"This task involves implementing a new feature related to database. Expected steps: investigation, fix, release.",2025-09-19 02:11:49,2025-09-28 02:11:49,25.4,28.9,user_1,blocked,feature,high,35.47,frontend,0.4,9,1
TASK-1959,Refactor optimization in search/reporting,"This task involves researching a bug related to search. Expected steps: analysis, design, implementation, testing.",2025-08-28 02:27:06,2025-09-22 02:27:06,16.1,18.9,user_3,in_progress,research,high,35.89,frontend,56.7,25,1
TASK-1960,Research refactor for analytics/login flow improvement,"This task involves updating documentation related to analytics. Expected steps: analysis, design, implementation, testing.",2025-09-02 09:21:08,2025-09-22 09:21:08,3.9,4.4,user_2,in_progress,feature,high,36.09,"docs,perf,db",37.6,20,1
TASK-1961,Fix doc update in notifications/endpoint module,"This task involves writing a bug related to notifications. Expected steps: write tests, refactor, deploy.",2025-09-06 19:38:06,2025-09-26 19:38:06,12.0,14.3,user_23,done,feature,high,34.53,"bugfix,ci",20.7,20,1
TASK-1962,Refactor optimization in payment/user profile,"This task involves researching a bug related to payment. Expected steps: design, implementation.",2025-09-10 13:28:14,2025-10-10 13:28:14,24.5,34.3,user_9,open,research,high,30.27,"backend,docs",11.9,30,1
TASK-1963,Research feature for API/checkout improvement,"This task involves writing documentation related to API. Expected steps: design, implementation.",2025-08-30 16:15:10,2025-09-29 16:15:10,38.5,40.8,user_18,done,maintenance,high,34.75,backend,4.7,30,1
TASK-1964,Implement bug for auth/search ranking feature,"This task involves implementing performance improvement related to auth. Expected steps: design, implementation.",2025-09-18 08:29:16,2025-10-10 08:29:16,13.4,16.3,user_18,in_progress,documentation,high,26.56,docs,26.8,22,1
TASK-1965,Update doc update documentation for analytics/schema,"This task involves writing an API change related to analytics. Expected steps: analysis, design, implementation, testing.",2025-09-15 09:04:40,2025-09-21 09:04:40,34.7,33.8,user_5,done,documentation,high,40.99,db,16.5,6,1
TASK-1966,Fix feature in API/user profile module,"This task involves updating documentation related to API. Expected steps: analysis, design, implementation, testing.",2025-09-05 13:11:10,2025-09-23 13:11:10,5.2,7.4,user_15,in_progress,maintenance,high,34.88,bugfix,4.5,18,1
TASK-1967,Implement refactor for payment/user profile feature,"This task involves refactoring a new feature related to payment. Expected steps: analysis, design, implementation, testing.",2025-09-12 10:43:07,2025-09-21 10:43:07,21.3,17.0,,open,research,high,37.46,"ci,perf",14.0,9,1
TASK-1968,Research feature for API/ETL improvement,"This task involves fixing an API change related to API. Expected steps: design, implementation.",2025-09-09 21:41:45,2025-09-20 21:41:45,16.9,26.0,user_19,blocked,bug,high,37.34,"ci,security,db",24.2,11,1
TASK-1969,Fix bug in profile/user profile module,"This task involves researching performance improvement related to profile. Expected steps: design, implementation.",2025-09-20 14:35:32,2025-10-07 14:35:32,31.4,31.0,user_26,open,bug,high,31.16,backend,39.5,17,1
TASK-1970,Implement doc update for UI/endpoint feature,"This task involves writing a new feature related to UI. Expected steps: analysis, design, implementation, testing.",2025-09-23 08:42:57,2025-10-15 08:42:57,35.1,20.0,user_25,open,maintenance,high,31.21,"research,db,bugfix",43.9,22,1
TASK-1971,Refactor refactor in UI/checkout,"This task involves implementing documentation related to UI. Expected steps: write tests, refactor, deploy.",2025-09-22 15:59:14,2025-10-17 15:59:14,24.2,25.1,user_19,in_progress,documentation,high,24.02,"ci,security,research",47.0,25,1
TASK-1972,Fix bug in UI/dashboard module,"This task involves writing a bug related to UI. Expected steps: design, implementation.",2025-09-13 11:13:59,2025-10-01 11:13:59,17.9,14.2,user_23,in_progress,research,high,34.93,"bugfix,research,api",50.8,18,1
TASK-1973,Refactor bug in analytics/ETL,"This task involves updating a bug related to analytics. Expected steps: investigation, fix, release.",2025-09-04 00:02:54,2025-09-25 00:02:54,22.3,27.9,user_26,blocked,bug,high,37.44,"backend,api",55.4,21,1
TASK-1974,Implement optimization for analytics/search ranking feature,"This task involves researching performance improvement related to analytics. Expected steps: design, implementation.",2025-09-09 18:38:30,2025-10-01 18:38:30,8.3,6.7,,in_progress,maintenance,high,31.56,"backend,perf,security",36.6,22,1
TASK-1975,Research feature for search/ETL improvement,"This task involves refactoring an API change related to search. Expected steps: write tests, refactor, deploy.",2025-09-08 18:32:50,2025-10-01 18:32:50,34.0,29.4,user_5,open,research,high,33.78,"frontend,security,api",40.9,23,1
TASK-1976,Fix feature in search/dashboard module,"This task involves writing a bug related to search. Expected steps: investigation, fix, release.",2025-09-20 02:08:31,2025-10-12 02:08:31,35.9,15.5,user_13,open,research,high,29.84,"ci,frontend",1.8,22,1
TASK-1977,Fix refactor in UI/schema module,"This task involves implementing documentation related to UI. Expected steps: investigation, fix, release.",2025-09-01 15:33:34,2025-09-07 15:33:34,37.4,32.3,user_19,open,feature,high,47.25,"research,bugfix,docs",38.0,6,1
TASK-1978,Implement doc update for analytics/reporting feature,"This task involves researching a new feature related to analytics. Expected steps: design, implementation.",2025-09-09 23:37:06,2025-10-08 23:37:06,37.0,10.1,,open,feature,high,31.2,"api,bugfix,ci",43.3,29,1
TASK-1979,Research optimization for UI/email flow improvement,"This task involves implementing an API change related to UI. Expected steps: design, implementation.",2025-09-05 16:59:47,2025-09-24 16:59:47,9.6,5.0,user_11,in_progress,documentation,high,31.93,"backend,security,db",22.2,19,1
TASK-1980,Fix doc update in profile/ETL module,"This task involves researching an API change related to profile. Expected steps: investigation, fix, release.",2025-08-25 01:37:22,2025-09-05 01:37:22,30.5,37.5,user_10,blocked,feature,high,45.64,"ci,backend",52.7,11,1
TASK-1981,Refactor bug in reports/checkout,"This task involves researching an API change related to reports. Expected steps: write tests, refactor, deploy.",2025-08-29 13:02:02,2025-09-05 13:02:02,21.3,26.3,user_19,open,bug,high,44.19,"docs,db",18.5,7,1
TASK-1982,Write bug for database/user profile,"This task involves writing documentation related to database. Expected steps: design, implementation.",2025-08-27 19:34:02,2025-09-20 19:34:02,7.8,8.8,user_7,blocked,maintenance,high,36.7,"backend,docs,db",26.8,24,1
TASK-1983,Write refactor for auth/login flow,"This task involves writing a new feature related to auth. Expected steps: analysis, design, implementation, testing.",2025-09-02 02:28:19,2025-09-27 02:28:19,31.9,22.6,user_12,open,maintenance,high,37.96,ci,31.4,25,1
TASK-1984,Refactor feature in auth/reporting,"This task involves researching a bug related to auth. Expected steps: investigation, fix, release.",2025-09-04 10:16:40,2025-09-12 10:16:40,33.9,33.4,user_28,blocked,maintenance,high,43.59,api,33.4,8,1
TASK-1985,Research doc update for search/login flow improvement,"This task involves refactoring an API change related to search. Expected steps: write tests, refactor, deploy.",2025-09-17 08:49:12,2025-10-02 08:49:12,22.0,22.0,user_28,open,maintenance,high,33.93,"api,research,ci",44.0,15,1
TASK-1986,Research refactor for notifications/email flow improvement,"This task involves writing a new feature related to notifications. Expected steps: design, implementation.",2025-09-02 17:38:14,2025-09-22 17:38:14,36.5,23.8,,blocked,maintenance,high,42.73,bugfix,56.0,20,1
TASK-1987,Fix feature in auth/login flow module,"This task involves writing documentation related to auth. Expected steps: design, implementation.",2025-09-11 04:31:33,2025-10-10 04:31:33,10.1,14.7,,open,bug,high,28.02,"backend,docs",0.3,29,1
TASK-1988,Write refactor for profile/login flow,"This task involves implementing performance improvement related to profile. Expected steps: design, implementation.",2025-09-14 01:24:13,2025-09-24 01:24:13,12.8,16.2,,in_progress,maintenance,high,34.49,"perf,bugfix,ci",57.8,10,1
TASK-1989,Update optimization documentation for API/search ranking,"This task involves updating performance improvement related to API. Expected steps: investigation, fix, release.",2025-09-12 21:25:56,2025-09-17 21:25:56,30.1,28.1,user_28,in_progress,feature,high,43.62,"docs,backend",31.5,5,1
TASK-1990,Implement feature for analytics/checkout feature,"This task involves implementing a bug related to analytics. Expected steps: design, implementation.",2025-08-30 14:29:52,2025-09-04 14:29:52,35.3,35.6,user_21,open,bug,high,46.85,"frontend,backend,docs",24.9,5,1
TASK-1991,Research refactor for UI/endpoint improvement,"This task involves researching documentation related to UI. Expected steps: analysis, design, implementation, testing.",2025-09-09 13:46:36,2025-10-04 13:46:36,19.4,20.6,user_3,in_progress,feature,high,32.81,"perf,ci",19.3,25,1
TASK-1992,Update doc update documentation for notifications/ETL,"This task involves researching a new feature related to notifications. Expected steps: write tests, refactor, deploy.",2025-08-29 05:47:27,2025-09-17 05:47:27,37.7,14.6,user_20,open,maintenance,high,42.95,"security,docs,backend",23.5,19,1
TASK-1993,Refactor bug in UI/user profile,"This task involves updating performance improvement related to UI. Expected steps: design, implementation.",2025-08-26 11:57:33,2025-09-17 11:57:33,9.4,8.7,user_23,in_progress,research,high,38.66,frontend,19.5,22,1
TASK-1994,Implement refactor for UI/reporting feature,"This task involves refactoring a new feature related to UI. Expected steps: write tests, refactor, deploy.",2025-09-20 01:05:22,2025-09-24 01:05:22,29.6,23.5,user_22,done,bug,high,39.12,security,33.0,4,1
TASK-1995,Implement doc update for UI/email flow feature,"This task involves updating a new feature related to UI. Expected steps: design, implementation.",2025-09-03 04:54:50,2025-09-13 04:54:50,11.4,8.0,user_24,in_progress,maintenance,high,38.87,"research,docs",56.5,10,1
TASK-1996,Refactor doc update in notifications/schema,"This task involves refactoring performance improvement related to notifications. Expected steps: analysis, design, implementation, testing.",2025-08-30 00:17:56,2025-09-14 00:17:56,24.5,22.4,user_19,in_progress,feature,high,42.76,"backend,bugfix",3.3,15,1
TASK-1997,Implement refactor for reports/user profile feature,"This task involves researching a bug related to reports. Expected steps: design, implementation.",2025-09-08 07:24:11,2025-10-07 07:24:11,32.9,50.6,user_18,done,research,high,31.3,frontend,48.7,29,1
TASK-1998,Fix optimization in UI/email flow module,"This task involves updating a bug related to UI. Expected steps: design, implementation.",2025-08-29 19:07:09,2025-09-27 19:07:09,2.7,3.2,user_16,in_progress,maintenance,high,31.13,"ci,perf,api",41.0,29,1
TASK-1999,Update doc update documentation for notifications/ETL,"This task involves implementing a new feature related to notifications. Expected steps: write tests, refactor, deploy.",2025-09-21 07:51:55,2025-10-17 07:51:55,33.7,27.9,user_27,blocked,feature,high,25.33,"docs,db",38.7,26,1
TASK-2000,Refactor bug in reports/email flow,"This task involves researching a bug related to reports. Expected steps: investigation, fix, release.",2025-09-18 15:41:59,2025-09-24 15:41:59,38.2,44.8,,in_progress,bug,high,37.25,ci,10.0,6,1
TASK-2001,Update bug documentation for reports/email flow,"This task involves fixing documentation related to reports. Expected steps: design, implementation.",2025-09-07 22:30:17,2025-09-28 22:30:17,34.8,49.4,user_2,in_progress,feature,high,39.02,"db,perf,backend",12.6,21,1
TASK-2002,Refactor refactor in profile/checkout,"This task involves fixing a new feature related to profile. Expected steps: write tests, refactor, deploy.",2025-08-26 01:13:38,2025-08-31 01:13:38,29.5,37.7,user_6,open,maintenance,high,49.95,"bugfix,frontend,backend",36.4,5,1
TASK-2003,Update bug documentation for payment/checkout,"This task involves researching performance improvement related to payment. Expected steps: analysis, design, implementation, testing.",2025-08-28 11:36:33,2025-09-03 11:36:33,2.6,2.6,user_2,in_progress,documentation,high,44.33,"perf,docs,security",55.5,6,1
TASK-2004,Update doc update documentation for API/login flow,"This task involves refactoring a new feature related to API. Expected steps: write tests, refactor, deploy.",2025-09-05 00:10:17,2025-09-12 00:10:17,21.9,17.6,user_15,in_progress,documentation,high,44.26,bugfix,45.9,7,1
TASK-2005,Write bug for UI/checkout,"This task involves writing a bug related to UI. Expected steps: write tests, refactor, deploy.",2025-09-12 08:37:05,2025-09-17 08:37:05,37.0,44.8,,in_progress,documentation,high,45.81,ci,17.2,5,1
TASK-2006,Implement feature for auth/reporting feature,"This task involves updating documentation related to auth. Expected steps: investigation, fix, release.",2025-09-15 05:54:03,2025-10-12 05:54:03,31.8,35.6,user_24,in_progress,feature,high,30.94,"ci,api,bugfix",46.8,27,1
TASK-2007,Refactor bug in profile/login flow,"This task involves implementing performance improvement related to profile. Expected steps: analysis, design, implementation, testing.",2025-08-28 20:31:13,2025-09-04 20:31:13,17.5,22.2,user_11,in_progress,maintenance,high,44.53,docs,50.8,7,1
TASK-2008,Write bug for payment/dashboard,"This task involves implementing performance improvement related to payment. Expected steps: analysis, design, implementation, testing.",2025-09-06 06:32:18,2025-09-18 06:32:18,25.0,29.8,user_18,in_progress,bug,high,38.83,"frontend,perf,backend",25.9,12,1
TASK-2009,Refactor feature in auth/search ranking,"This task involves implementing a new feature related to auth. Expected steps: investigation, fix, release.",2025-09-09 12:43:17,2025-10-08 12:43:17,5.2,6.8,user_28,open,bug,high,25.15,"research,frontend,docs",3.5,29,1
TASK-2010,Fix optimization in reports/email flow module,"This task involves researching an API change related to reports. Expected steps: write tests, refactor, deploy.",2025-09-04 15:44:06,2025-10-03 15:44:06,31.7,26.6,user_12,in_progress,documentation,high,33.2,"bugfix,docs",15.1,29,1
TASK-2011,Fix optimization in UI/schema module,"This task involves researching a bug related to UI. Expected steps: analysis, design, implementation, testing.",2025-08-25 22:08:11,2025-08-27 22:08:11,31.0,43.3,user_17,open,feature,high,49.83,"db,security,docs",6.0,2,1
TASK-2012,Research optimization for database/checkout improvement,"This task involves implementing performance improvement related to database. Expected steps: analysis, design, implementation, testing.",2025-09-09 22:18:56,2025-09-26 22:18:56,4.8,5.1,user_12,in_progress,feature,high,32.42,"backend,api,frontend",27.8,17,1
TASK-2013,Implement optimization for analytics/login flow feature,"This task involves researching a bug related to analytics. Expected steps: design, implementation.",2025-08-26 05:09:47,2025-09-18 05:09:47,9.9,16.1,user_2,blocked,documentation,high,36.79,"research,perf,ci",12.0,23,1
TASK-2014,Research feature for UI/checkout improvement,"This task involves fixing a bug related to UI. Expected steps: write tests, refactor, deploy.",2025-08-30 01:12:36,2025-09-17 01:12:36,34.5,27.4,user_15,in_progress,maintenance,high,43.38,"frontend,docs",7.2,18,1
TASK-2015,Fix feature in notifications/endpoint module,"This task involves refactoring performance improvement related to notifications. Expected steps: design, implementation.",2025-09-18 06:37:44,2025-10-18 06:37:44,37.6,57.2,,blocked,maintenance,high,27.7,backend,21.2,30,1
TASK-2016,Fix feature in analytics/endpoint module,"This task involves updating performance improvement related to analytics. Expected steps: analysis, design, implementation, testing.",2025-08-25 13:28:06,2025-09-03 13:28:06,16.7,17.7,user_10,done,research,high,43.96,backend,3.0,9,1
TASK-2017,Refactor bug in profile/user profile,"This task involves writing a bug related to profile. Expected steps: analysis, design, implementation, testing.",2025-09-16 01:39:49,2025-09-25 01:39:49,23.8,19.1,user_18,open,research,high,38.05,"research,frontend,api",15.0,9,1
TASK-2018,Update feature documentation for payment/email flow,"This task involves fixing documentation related to payment. Expected steps: analysis, design, implementation, testing.",2025-09-17 20:00:23,2025-09-27 20:00:23,26.2,22.4,user_16,done,maintenance,high,37.16,"perf,docs,backend",11.9,10,1
TASK-2019,Refactor optimization in profile/checkout,"This task involves researching an API change related to profile. Expected steps: investigation, fix, release.",2025-08-27 15:50:50,2025-09-26 15:50:50,15.9,14.4,user_7,in_progress,bug,high,34.11,"research,docs,security",49.9,30,1
TASK-2020,Write feature for search/dashboard,"This task involves updating an API change related to search. Expected steps: investigation, fix, release.",2025-09-11 02:01:46,2025-10-11 02:01:46,5.4,6.1,user_26,open,documentation,high,23.41,"bugfix,frontend",12.9,30,1
TASK-2021,Fix refactor in analytics/user profile module,"This task involves implementing a bug related to analytics. Expected steps: analysis, design, implementation, testing.",2025-09-05 22:06:05,2025-10-02 22:06:05,7.2,8.3,user_1,in_progress,documentation,high,27.42,"backend,docs,api",41.1,27,1
TASK-2022,Refactor refactor in reports/ETL,"This task involves refactoring an API change related to reports. Expected steps: write tests, refactor, deploy.",2025-09-20 14:58:00,2025-10-19 14:58:00,5.4,4.5,,done,research,high,20.6,"research,security,frontend",48.9,29,1
TASK-2023,Fix doc update in analytics/search ranking module,"This task involves writing an API change related to analytics. Expected steps: design, implementation.",2025-08-29 10:04:59,2025-09-02 10:04:59,18.6,18.5,,open,research,high,48.41,ci,59.0,4,1
TASK-2024,Refactor bug in notifications/user profile,"This task involves refactoring a new feature related to notifications. Expected steps: analysis, design, implementation, testing.",2025-09-17 22:54:50,2025-09-26 22:54:50,22.1,36.3,user_11,in_progress,bug,high,37.06,docs,22.8,9,1
TASK-2025,Fix optimization in database/reporting module,"This task involves fixing a bug related to database. Expected steps: design, implementation.",2025-09-08 22:12:51,2025-09-24 22:12:51,27.3,41.4,user_26,open,maintenance,high,37.76,"bugfix,perf,db",34.7,16,1
TASK-2026,Update doc update documentation for profile/login flow,"This task involves fixing an API change related to profile. Expected steps: investigation, fix, release.",2025-08-31 11:29:24,2025-09-04 11:29:24,11.1,12.6,user_26,in_progress,bug,high,43.99,perf,54.0,4,1
TASK-2027,Update optimization documentation for API/dashboard,"This task involves writing an API change related to API. Expected steps: design, implementation.",2025-09-03 14:20:54,2025-09-16 14:20:54,14.8,15.0,user_15,in_progress,maintenance,high,37.87,"frontend,db,research",50.1,13,1
TASK-2028,Research feature for search/ETL improvement,"This task involves updating documentation related to search. Expected steps: write tests, refactor, deploy.",2025-08-25 08:48:52,2025-09-09 08:48:52,21.0,21.8,user_15,open,research,high,43.39,"bugfix,ci",58.9,15,1
TASK-2029,Write optimization for reports/endpoint,"This task involves writing an API change related to reports. Expected steps: design, implementation.",2025-08-24 14:36:52,2025-09-12 14:36:52,38.4,45.5,user_9,in_progress,research,high,46.66,ci,2.5,19,1
TASK-2030,Research optimization for UI/schema improvement,"This task involves researching a new feature related to UI. Expected steps: write tests, refactor, deploy.",2025-09-11 15:45:57,2025-09-14 15:45:57,17.6,12.2,user_3,open,bug,high,39.09,ci,53.8,3,1
TASK-2031,Update refactor documentation for API/email flow,"This task involves updating a new feature related to API. Expected steps: design, implementation.",2025-09-15 00:58:35,2025-09-19 00:58:35,10.1,9.3,user_14,done,documentation,high,35.45,frontend,55.1,4,1
TASK-2032,Write bug for analytics/ETL,"This task involves researching documentation related to analytics. Expected steps: analysis, design, implementation, testing.",2025-09-20 21:34:28,2025-10-02 21:34:28,36.4,18.2,user_10,in_progress,documentation,high,33.4,db,19.1,12,1
TASK-2033,Fix doc update in API/schema module,"This task involves fixing an API change related to API. Expected steps: write tests, refactor, deploy.",2025-09-05 15:51:14,2025-09-08 15:51:14,19.3,21.6,user_29,done,bug,high,45.22,research,35.7,3,1
TASK-2034,Refactor refactor in analytics/login flow,"This task involves refactoring a bug related to analytics. Expected steps: write tests, refactor, deploy.",2025-09-07 10:48:34,2025-09-25 10:48:34,6.7,8.0,user_15,open,research,high,35.08,docs,50.4,18,1
TASK-2035,Refactor optimization in UI/search ranking,"This task involves writing an API change related to UI. Expected steps: write tests, refactor, deploy.",2025-09-12 02:13:28,2025-09-30 02:13:28,25.1,21.5,,in_progress,research,high,34.0,"security,perf,research",55.8,18,1
TASK-2036,Research bug for reports/schema improvement,"This task involves writing documentation related to reports. Expected steps: investigation, fix, release.",2025-09-22 23:10:21,2025-10-18 23:10:21,26.7,39.3,user_20,open,research,high,26.24,perf,59.7,26,1
TASK-2037,Implement doc update for search/login flow feature,"This task involves fixing a bug related to search. Expected steps: write tests, refactor, deploy.",2025-08-26 22:57:50,2025-09-17 22:57:50,29.4,18.6,user_20,in_progress,research,high,42.92,db,18.9,22,1
TASK-2038,Research refactor for UI/checkout improvement,"This task involves refactoring documentation related to UI. Expected steps: investigation, fix, release.",2025-09-04 18:29:13,2025-09-06 18:29:13,15.8,8.9,user_1,in_progress,research,high,43.17,research,31.8,2,1
TASK-2039,Refactor bug in database/dashboard,"This task involves writing performance improvement related to database. Expected steps: write tests, refactor, deploy.",2025-09-14 01:42:05,2025-09-23 01:42:05,31.6,33.7,user_18,in_progress,maintenance,high,39.31,api,47.4,9,1
TASK-2040,Write doc update for UI/login flow,"This task involves writing performance improvement related to UI. Expected steps: investigation, fix, release.",2025-09-08 07:11:18,2025-09-23 07:11:18,14.3,18.8,,in_progress,documentation,high,37.2,docs,46.9,15,1
TASK-2041,Refactor feature in auth/search ranking,"This task involves implementing documentation related to auth. Expected steps: investigation, fix, release.",2025-09-17 13:35:49,2025-10-16 13:35:49,15.9,23.9,user_21,open,maintenance,high,23.86,"frontend,backend",23.8,29,1
TASK-2042,Write doc update for reports/reporting,"This task involves implementing a bug related to reports. Expected steps: analysis, design, implementation, testing.",2025-09-14 10:37:05,2025-10-06 10:37:05,17.6,15.2,,open,feature,high,28.99,"db,perf",41.6,22,1
TASK-2043,Research feature for database/search ranking improvement,"This task involves writing an API change related to database. Expected steps: analysis, design, implementation, testing.",2025-09-05 07:16:14,2025-09-09 07:16:14,4.1,5.4,user_4,open,research,high,42.4,"security,ci",38.4,4,1
TASK-2044,Fix bug in auth/ETL module,"This task involves fixing performance improvement related to auth. Expected steps: write tests, refactor, deploy.",2025-09-08 00:49:54,2025-09-24 00:49:54,39.7,39.2,user_28,open,research,high,40.92,"perf,frontend",55.9,16,1
TASK-2045,Write optimization for profile/dashboard,"This task involves writing a new feature related to profile. Expected steps: write tests, refactor, deploy.",2025-08-26 21:11:16,2025-09-19 21:11:16,5.3,5.0,user_7,in_progress,feature,high,36.74,"api,docs",25.8,24,1
TASK-2046,Update refactor documentation for reports/search ranking,"This task involves fixing performance improvement related to reports. Expected steps: investigation, fix, release.",2025-09-22 19:26:00,2025-10-13 19:26:00,7.6,9.6,,done,feature,high,23.07,security,41.7,21,1
TASK-2047,Implement doc update for analytics/email flow feature,"This task involves writing documentation related to analytics. Expected steps: analysis, design, implementation, testing.",2025-08-25 13:00:03,2025-09-08 13:00:03,10.9,13.0,user_10,in_progress,documentation,high,43.88,backend,6.7,14,1
TASK-2048,Implement doc update for UI/user profile feature,"This task involves refactoring an API change related to UI. Expected steps: write tests, refactor, deploy.",2025-09-14 01:31:52,2025-10-04 01:31:52,29.6,15.6,,in_progress,maintenance,high,34.74,research,38.7,20,1
TASK-2049,Update feature documentation for UI/user profile,"This task involves fixing a new feature related to UI. Expected steps: write tests, refactor, deploy.",2025-09-14 03:37:37,2025-10-11 03:37:37,3.8,5.5,user_23,open,research,high,22.56,ci,47.0,27,1
TASK-2050,Implement doc update for auth/schema feature,"This task involves updating a new feature related to auth. Expected steps: analysis, design, implementation, testing.",2025-09-05 04:43:43,2025-10-01 04:43:43,39.2,55.4,user_18,in_progress,feature,high,35.67,api,50.9,26,1
TASK-2051,Write bug for auth/login flow,"This task involves refactoring a bug related to auth. Expected steps: write tests, refactor, deploy.",2025-09-06 19:33:26,2025-09-23 19:33:26,12.2,9.9,,blocked,documentation,high,37.38,"research,ci",55.0,17,1
TASK-2052,Write optimization for database/schema,"This task involves fixing an API change related to database. Expected steps: design, implementation.",2025-09-18 04:22:15,2025-10-17 04:22:15,15.1,16.9,user_20,in_progress,maintenance,high,25.04,"backend,frontend,api",14.5,29,1
TASK-2053,Refactor refactor in payment/dashboard,"This task involves researching an API change related to payment. Expected steps: investigation, fix, release.",2025-09-19 19:44:36,2025-10-13 19:44:36,16.1,18.5,user_19,in_progress,research,high,25.86,ci,3.7,24,1
TASK-2054,Write feature for profile/reporting,"This task involves researching a bug related to profile. Expected steps: investigation, fix, release.",2025-09-18 18:59:03,2025-10-10 18:59:03,6.4,6.9,user_2,blocked,research,high,25.48,"research,bugfix",16.1,22,1
TASK-2055,Implement refactor for analytics/endpoint feature,"This task involves researching a new feature related to analytics. Expected steps: design, implementation.",2025-08-31 17:55:11,2025-09-26 17:55:11,5.0,4.2,,done,research,high,32.0,"bugfix,docs",59.0,26,1
TASK-2056,Refactor refactor in analytics/login flow,"This task involves refactoring a new feature related to analytics. Expected steps: design, implementation.",2025-08-28 23:16:31,2025-08-30 23:16:31,32.8,26.2,user_8,open,bug,high,48.64,"security,db,perf",26.0,2,1
TASK-2057,Fix refactor in auth/login flow module,"This task involves updating an API change related to auth. Expected steps: write tests, refactor, deploy.",2025-09-15 01:04:15,2025-09-19 01:04:15,1.4,1.4,user_10,open,maintenance,high,36.76,"frontend,docs",53.9,4,1
TASK-2058,Write bug for notifications/endpoint,"This task involves refactoring an API change related to notifications. Expected steps: analysis, design, implementation, testing.",2025-09-17 04:24:32,2025-09-26 04:24:32,17.4,23.5,user_28,in_progress,feature,high,33.45,"db,api",49.9,9,1
TASK-2059,Fix feature in auth/login flow module,"This task involves updating a bug related to auth. Expected steps: write tests, refactor, deploy.",2025-09-18 15:47:03,2025-10-01 15:47:03,36.7,42.7,user_27,blocked,documentation,high,38.1,"db,perf,backend",19.9,13,1
TASK-2060,Update optimization documentation for auth/search ranking,"This task involves updating performance improvement related to auth. Expected steps: write tests, refactor, deploy.",2025-09-01 15:48:42,2025-09-04 15:48:42,1.5,1.3,user_30,open,bug,high,43.34,"docs,research,frontend",48.5,3,1
TASK-2061,Refactor optimization in notifications/checkout,"This task involves refactoring an API change related to notifications. Expected steps: investigation, fix, release.",2025-09-16 18:30:50,2025-10-02 18:30:50,2.6,3.2,user_12,blocked,feature,high,28.17,"docs,research,bugfix",22.7,16,1
TASK-2062,Update refactor documentation for reports/reporting,"This task involves researching a new feature related to reports. Expected steps: write tests, refactor, deploy.",2025-09-11 19:21:33,2025-10-07 19:21:33,1.6,0.2,user_14,in_progress,research,high,27.81,"backend,perf,security",46.9,26,1
TASK-2063,Fix doc update in notifications/login flow module,"This task involves refactoring performance improvement related to notifications. Expected steps: design, implementation.",2025-09-04 11:44:34,2025-10-02 11:44:34,4.0,5.4,user_13,open,research,high,27.98,backend,8.0,28,1
TASK-2064,Update refactor documentation for notifications/user profile,"This task involves refactoring an API change related to notifications. Expected steps: design, implementation.",2025-09-05 00:04:06,2025-09-15 00:04:06,39.1,18.7,user_1,blocked,research,high,44.16,backend,47.0,10,1
TASK-2065,Write doc update for notifications/ETL,"This task involves fixing performance improvement related to notifications. Expected steps: write tests, refactor, deploy.",2025-09-07 07:20:54,2025-09-30 07:20:54,4.5,4.0,user_16,open,research,high,28.82,backend,32.5,23,1
TASK-2066,Update doc update documentation for analytics/dashboard,"This task involves fixing an API change related to analytics. Expected steps: write tests, refactor, deploy.",2025-09-21 19:08:33,2025-10-05 19:08:33,11.4,7.6,user_20,done,documentation,high,28.84,perf,3.2,14,1
TASK-2067,Update doc update documentation for database/email flow,"This task involves implementing a bug related to database. Expected steps: investigation, fix, release.",2025-09-14 00:41:54,2025-09-26 00:41:54,20.0,12.2,user_11,in_progress,research,high,33.63,"bugfix,ci,api",29.8,12,1
TASK-2068,Fix bug in reports/login flow module,"This task involves fixing performance improvement related to reports. Expected steps: design, implementation.",2025-09-21 08:36:46,2025-10-20 08:36:46,14.3,19.3,user_2,in_progress,feature,high,24.0,"perf,bugfix",30.2,29,1
TASK-2069,Refactor doc update in reports/email flow,"This task involves fixing a bug related to reports. Expected steps: analysis, design, implementation, testing.",2025-09-08 03:54:33,2025-09-29 03:54:33,37.9,32.6,user_6,open,documentation,high,38.67,backend,8.2,21,1
TASK-2070,Research refactor for payment/search ranking improvement,"This task involves writing a bug related to payment. Expected steps: write tests, refactor, deploy.",2025-08-26 13:49:24,2025-09-21 13:49:24,14.7,16.2,user_23,blocked,bug,high,34.9,"api,frontend,bugfix",50.6,26,1
TASK-2071,Fix feature in payment/email flow module,"This task involves researching a bug related to payment. Expected steps: analysis, design, implementation, testing.",2025-09-15 21:57:09,2025-09-23 21:57:09,37.9,37.4,,in_progress,research,high,38.26,frontend,27.7,8,1
TASK-2072,Research bug for reports/email flow improvement,"This task involves fixing performance improvement related to reports. Expected steps: investigation, fix, release.",2025-09-20 18:43:26,2025-10-17 18:43:26,39.5,45.2,user_17,in_progress,documentation,high,28.71,"research,docs",48.6,27,1
TASK-2073,Implement optimization for reports/ETL feature,"This task involves researching an API change related to reports. Expected steps: design, implementation.",2025-09-19 13:18:52,2025-10-03 13:18:52,14.4,14.7,user_9,done,bug,high,30.45,"backend,security,bugfix",58.6,14,1
TASK-2074,Implement bug for database/ETL feature,"This task involves implementing a bug related to database. Expected steps: analysis, design, implementation, testing.",2025-09-01 07:59:44,2025-09-03 07:59:44,7.0,4.3,user_22,in_progress,feature,high,45.32,perf,53.5,2,1
TASK-2075,Implement doc update for notifications/user profile feature,"This task involves refactoring a new feature related to notifications. Expected steps: investigation, fix, release.",2025-09-19 17:44:40,2025-09-24 17:44:40,17.4,22.6,user_28,open,research,high,35.16,"db,perf,docs",35.3,5,1
TASK-2076,Implement refactor for database/schema feature,"This task involves refactoring a new feature related to database. Expected steps: investigation, fix, release.",2025-09-22 15:05:31,2025-10-03 15:05:31,32.2,27.4,user_26,done,documentation,high,33.47,security,2.8,11,1
TASK-2077,Write optimization for auth/user profile,"This task involves writing a bug related to auth. Expected steps: write tests, refactor, deploy.",2025-09-04 09:38:37,2025-09-24 09:38:37,14.1,7.5,user_13,open,research,high,33.73,ci,2.0,20,1
TASK-2078,Write bug for notifications/checkout,"This task involves researching documentation related to notifications. Expected steps: analysis, design, implementation, testing.",2025-09-13 13:56:48,2025-10-03 13:56:48,5.0,4.4,user_3,done,maintenance,high,30.39,"backend,frontend",8.5,20,1
TASK-2079,Write bug for profile/search ranking,"This task involves updating a new feature related to profile. Expected steps: design, implementation.",2025-09-12 14:44:11,2025-09-25 14:44:11,29.0,42.1,user_8,open,documentation,high,38.29,bugfix,59.9,13,1
TASK-2080,Fix optimization in UI/dashboard module,"This task involves writing an API change related to UI. Expected steps: investigation, fix, release.",2025-09-19 18:09:07,2025-09-21 18:09:07,1.4,1.8,,blocked,bug,high,31.67,api,12.9,2,1
TASK-2081,Update refactor documentation for UI/email flow,"This task involves writing performance improvement related to UI. Expected steps: investigation, fix, release.",2025-08-25 13:24:02,2025-09-04 13:24:02,2.7,2.4,user_4,blocked,feature,high,44.76,"ci,security",3.0,10,1
TASK-2082,Write bug for reports/email flow,"This task involves implementing a bug related to reports. Expected steps: analysis, design, implementation, testing.",2025-08-24 21:22:04,2025-09-06 21:22:04,12.2,10.9,user_7,done,bug,high,41.96,"backend,frontend,research",20.9,13,1
TASK-2083,Fix bug in API/search ranking module,"This task involves refactoring an API change related to API. Expected steps: investigation, fix, release.",2025-08-26 12:44:32,2025-09-13 12:44:32,12.7,11.5,user_4,done,documentation,high,42.44,"bugfix,security,api",20.8,18,1
TASK-2084,Implement doc update for notifications/reporting feature,"This task involves implementing a bug related to notifications. Expected steps: investigation, fix, release.",2025-09-05 05:40:17,2025-09-07 05:40:17,3.3,5.4,,in_progress,research,high,39.23,db,34.3,2,1
TASK-2085,Refactor refactor in auth/checkout,"This task involves researching performance improvement related to auth. Expected steps: write tests, refactor, deploy.",2025-09-01 11:33:37,2025-09-26 11:33:37,28.1,31.3,user_16,in_progress,feature,high,38.2,docs,34.2,25,1
TASK-2086,Write doc update for database/reporting,"This task involves implementing a bug related to database. Expected steps: analysis, design, implementation, testing.",2025-09-05 09:03:41,2025-09-20 09:03:41,15.7,17.7,user_6,open,bug,high,36.23,"api,frontend,backend",29.6,15,1
TASK-2087,Research feature for notifications/schema improvement,"This task involves researching a new feature related to notifications. Expected steps: investigation, fix, release.",2025-08-27 18:31:13,2025-09-14 18:31:13,10.9,14.3,user_21,open,research,high,40.19,docs,47.4,18,1
TASK-2088,Write bug for notifications/checkout,"This task involves fixing a bug related to notifications. Expected steps: analysis, design, implementation, testing.",2025-09-12 21:26:10,2025-10-11 21:26:10,17.4,18.6,user_12,open,research,high,27.26,"security,research",14.6,29,1
TASK-2089,Implement optimization for payment/checkout feature,"This task involves researching performance improvement related to payment. Expected steps: design, implementation.",2025-09-17 10:27:49,2025-10-07 10:27:49,37.2,34.3,user_22,open,maintenance,high,32.61,"security,ci,perf",19.4,20,1
TASK-2090,Refactor feature in UI/checkout,"This task involves refactoring an API change related to UI. Expected steps: write tests, refactor, deploy.",2025-09-02 22:46:49,2025-09-15 22:46:49,2.8,2.6,,open,feature,high,38.55,"bugfix,perf,api",21.2,13,1
TASK-2091,Implement optimization for payment/schema feature,"This task involves researching a bug related to payment. Expected steps: design, implementation.",2025-08-24 15:09:27,2025-09-08 15:09:27,5.5,5.4,user_27,open,research,high,38.63,db,42.0,15,1
TASK-2092,Implement feature for payment/reporting feature,"This task involves fixing documentation related to payment. Expected steps: analysis, design, implementation, testing.",2025-09-09 06:23:25,2025-10-09 06:23:25,20.1,19.9,user_12,in_progress,maintenance,high,27.05,security,26.2,30,1
TASK-2093,Refactor refactor in notifications/email flow,"This task involves refactoring a bug related to notifications. Expected steps: investigation, fix, release.",2025-09-10 16:01:46,2025-09-25 16:01:46,27.9,34.0,user_23,in_progress,maintenance,high,37.36,frontend,45.0,15,1
TASK-2094,Write refactor for API/user profile,"This task involves updating an API change related to API. Expected steps: design, implementation.",2025-08-26 14:43:44,2025-09-08 14:43:44,24.7,25.1,user_30,in_progress,feature,high,46.46,"api,research",52.0,13,1
TASK-2095,Update feature documentation for payment/ETL,"This task involves implementing performance improvement related to payment. Expected steps: design, implementation.",2025-08-24 15:14:42,2025-08-30 15:14:42,22.5,27.4,user_18,open,feature,high,47.18,frontend,15.1,6,1
TASK-2096,Write doc update for database/user profile,"This task involves updating a new feature related to database. Expected steps: design, implementation.",2025-09-21 08:02:48,2025-10-19 08:02:48,21.5,21.0,user_14,done,documentation,high,24.69,"docs,frontend,bugfix",44.1,28,1
TASK-2097,Update bug documentation for auth/dashboard,"This task involves updating a new feature related to auth. Expected steps: analysis, design, implementation, testing.",2025-09-01 21:48:22,2025-09-24 21:48:22,28.1,28.8,user_5,open,maintenance,high,37.61,backend,14.6,23,1
TASK-2098,Update feature documentation for API/login flow,"This task involves refactoring a bug related to API. Expected steps: write tests, refactor, deploy.",2025-09-03 15:54:08,2025-09-05 15:54:08,16.9,6.8,user_1,in_progress,bug,high,44.1,"docs,perf,security",27.6,2,1
TASK-2099,Research refactor for reports/checkout improvement,"This task involves refactoring a new feature related to reports. Expected steps: design, implementation.",2025-09-16 15:15:32,2025-10-08 15:15:32,1.9,2.4,user_20,open,bug,high,25.23,"ci,frontend",51.6,22,1
TASK-2100,Implement feature for reports/ETL feature,"This task involves fixing a bug related to reports. Expected steps: investigation, fix, release.",2025-09-01 00:53:07,2025-09-25 00:53:07,22.1,24.4,user_20,open,feature,high,34.67,docs,56.3,24,1
TASK-2101,Research refactor for profile/login flow improvement,"This task involves fixing documentation related to profile. Expected steps: write tests, refactor, deploy.",2025-09-10 07:32:13,2025-09-22 07:32:13,38.8,50.4,user_30,open,bug,high,40.68,"db,bugfix,backend",34.2,12,1
TASK-2102,Research bug for notifications/email flow improvement,"This task involves writing an API change related to notifications. Expected steps: investigation, fix, release.",2025-09-16 23:06:19,2025-10-12 23:06:19,10.9,1.4,user_15,done,maintenance,high,27.58,"research,docs,security",34.1,26,1
TASK-2103,Write refactor for auth/schema,"This task involves researching a new feature related to auth. Expected steps: write tests, refactor, deploy.",2025-08-30 07:00:13,2025-09-27 07:00:13,7.6,12.4,user_29,blocked,bug,high,31.5,research,13.0,28,1
TASK-2104,Research refactor for UI/email flow improvement,"This task involves updating documentation related to UI. Expected steps: investigation, fix, release.",2025-09-13 19:17:30,2025-09-17 19:17:30,27.5,26.3,,in_progress,bug,high,41.17,"ci,backend",44.4,4,1
TASK-2105,Research doc update for UI/endpoint improvement,"This task involves updating a bug related to UI. Expected steps: write tests, refactor, deploy.",2025-09-01 12:12:34,2025-09-08 12:12:34,22.8,30.4,user_29,open,documentation,high,47.3,api,40.0,7,1
TASK-2106,Write feature for analytics/endpoint,"This task involves implementing documentation related to analytics. Expected steps: design, implementation.",2025-09-22 01:54:33,2025-09-24 01:54:33,32.5,22.4,user_3,in_progress,documentation,high,40.74,"perf,db,frontend",22.4,2,1
TASK-2107,Update optimization documentation for database/email flow,"This task involves updating performance improvement related to database. Expected steps: investigation, fix, release.",2025-09-08 13:55:14,2025-10-04 13:55:14,18.7,22.1,user_29,in_progress,documentation,high,32.35,"api,docs,ci",58.0,26,1
TASK-2108,Research optimization for notifications/reporting improvement,"This task involves writing performance improvement related to notifications. Expected steps: write tests, refactor, deploy.",2025-09-21 12:49:35,2025-10-11 12:49:35,31.3,21.4,user_26,open,feature,high,32.29,backend,10.6,20,1
TASK-2109,Write refactor for notifications/login flow,"This task involves updating a bug related to notifications. Expected steps: investigation, fix, release.",2025-09-21 08:34:42,2025-10-21 08:34:42,25.1,20.4,,in_progress,documentation,high,22.45,"ci,bugfix",19.4,30,1
TASK-2110,Write optimization for reports/search ranking,"This task involves writing performance improvement related to reports. Expected steps: design, implementation.",2025-08-27 23:36:48,2025-09-26 23:36:48,10.3,16.2,user_9,open,documentation,high,34.44,"backend,research,bugfix",23.1,30,1
TASK-2111,Write refactor for auth/schema,"This task involves refactoring a new feature related to auth. Expected steps: design, implementation.",2025-09-17 09:04:01,2025-09-23 09:04:01,37.7,35.5,user_10,blocked,documentation,high,39.11,perf,34.0,6,1
TASK-2112,Implement bug for profile/endpoint feature,"This task involves updating a bug related to profile. Expected steps: analysis, design, implementation, testing.",2025-09-09 14:57:40,2025-10-01 14:57:40,29.5,31.4,user_17,blocked,feature,high,32.61,backend,22.1,22,1
TASK-2113,Refactor refactor in profile/checkout,"This task involves writing documentation related to profile. Expected steps: design, implementation.",2025-08-30 20:55:49,2025-09-26 20:55:49,38.8,48.9,user_29,open,research,high,40.25,"research,perf",2.9,27,1
TASK-2114,Research bug for API/dashboard improvement,"This task involves updating an API change related to API. Expected steps: write tests, refactor, deploy.",2025-09-17 11:56:34,2025-10-16 11:56:34,29.9,34.3,user_29,in_progress,maintenance,high,25.64,"db,api",24.4,29,1
TASK-2115,Implement bug for profile/login flow feature,"This task involves writing a bug related to profile. Expected steps: analysis, design, implementation, testing.",2025-09-21 08:22:03,2025-10-12 08:22:03,28.3,29.6,user_27,in_progress,research,high,26.97,"api,security",39.5,21,1
TASK-2116,Fix feature in auth/login flow module,"This task involves researching a new feature related to auth. Expected steps: design, implementation.",2025-08-26 13:40:49,2025-09-01 13:40:49,13.5,15.0,user_7,open,bug,high,47.22,ci,41.5,6,1
TASK-2117,Fix refactor in API/search ranking module,"This task involves updating a bug related to API. Expected steps: write tests, refactor, deploy.",2025-09-23 09:39:17,2025-10-23 09:39:17,2.4,4.1,user_13,in_progress,documentation,high,19.53,"db,bugfix,frontend",36.1,30,1
TASK-2118,Implement feature for reports/user profile feature,"This task involves writing a new feature related to reports. Expected steps: investigation, fix, release.",2025-09-22 14:08:48,2025-10-04 14:08:48,33.3,32.7,,in_progress,feature,high,32.4,perf,13.6,12,1
TASK-2119,Refactor refactor in API/ETL,"This task involves refactoring a new feature related to API. Expected steps: analysis, design, implementation, testing.",2025-09-02 05:14:40,2025-09-30 05:14:40,19.5,20.7,user_29,blocked,feature,high,34.81,bugfix,13.6,28,1
TASK-2120,Research doc update for payment/ETL improvement,"This task involves fixing performance improvement related to payment. Expected steps: write tests, refactor, deploy.",2025-08-27 08:20:48,2025-08-29 08:20:48,22.5,29.6,user_17,open,research,high,49.99,security,48.4,2,1
TASK-2121,Implement bug for search/login flow feature,"This task involves fixing performance improvement related to search. Expected steps: analysis, design, implementation, testing.",2025-08-29 06:39:59,2025-09-02 06:39:59,14.8,19.7,user_27,done,feature,high,48.42,"security,bugfix,backend",57.8,4,1
TASK-2122,Research refactor for search/schema improvement,"This task involves writing performance improvement related to search. Expected steps: write tests, refactor, deploy.",2025-08-30 14:35:11,2025-09-14 14:35:11,30.4,41.2,user_7,done,feature,high,45.49,bugfix,57.1,15,1
TASK-2123,Update bug documentation for analytics/login flow,"This task involves refactoring documentation related to analytics. Expected steps: investigation, fix, release.",2025-09-23 12:18:25,2025-10-05 12:18:25,22.8,27.2,user_24,in_progress,feature,high,29.95,"db,frontend",22.6,12,1
TASK-2124,Refactor doc update in notifications/endpoint,"This task involves updating a bug related to notifications. Expected steps: write tests, refactor, deploy.",2025-08-31 20:46:57,2025-09-29 20:46:57,25.8,17.0,user_28,blocked,bug,high,36.44,security,3.3,29,1
TASK-2125,Research bug for profile/schema improvement,"This task involves implementing a bug related to profile. Expected steps: write tests, refactor, deploy.",2025-09-13 16:02:56,2025-09-21 16:02:56,34.4,51.3,,blocked,research,high,39.5,backend,13.2,8,1
TASK-2126,Research bug for UI/search ranking improvement,"This task involves refactoring documentation related to UI. Expected steps: write tests, refactor, deploy.",2025-08-31 11:25:09,2025-09-27 11:25:09,29.1,19.1,user_13,open,documentation,high,38.27,api,19.1,27,1
TASK-2127,Refactor bug in payment/dashboard,"This task involves writing a bug related to payment. Expected steps: write tests, refactor, deploy.",2025-09-22 22:03:44,2025-10-01 22:03:44,3.8,4.1,user_30,in_progress,documentation,high,28.9,ci,56.0,9,1
TASK-2128,Fix refactor in reports/search ranking module,"This task involves implementing an API change related to reports. Expected steps: investigation, fix, release.",2025-09-07 02:59:10,2025-09-23 02:59:10,15.0,11.6,user_16,blocked,feature,high,33.59,db,58.6,16,1
TASK-2129,Update refactor documentation for auth/checkout,"This task involves updating performance improvement related to auth. Expected steps: analysis, design, implementation, testing.",2025-08-28 16:15:18,2025-09-19 16:15:18,4.5,4.4,user_7,in_progress,maintenance,high,37.43,"db,perf,security",24.4,22,1
TASK-2130,Refactor feature in analytics/user profile,"This task involves fixing a new feature related to analytics. Expected steps: write tests, refactor, deploy.",2025-09-08 07:33:47,2025-09-24 07:33:47,10.0,11.0,user_25,open,maintenance,high,35.26,"frontend,perf,api",41.7,16,1
TASK-2131,Refactor optimization in analytics/reporting,"This task involves updating an API change related to analytics. Expected steps: write tests, refactor, deploy.",2025-09-04 04:06:27,2025-10-01 04:06:27,25.9,28.4,user_21,in_progress,documentation,high,32.7,"backend,db,api",18.5,27,1
TASK-2132,Fix doc update in analytics/reporting module,"This task involves implementing a new feature related to analytics. Expected steps: analysis, design, implementation, testing.",2025-08-28 22:34:27,2025-09-03 22:34:27,5.7,6.4,user_27,open,documentation,high,43.57,"research,ci",33.8,6,1
TASK-2133,Research bug for database/user profile improvement,"This task involves updating a bug related to database. Expected steps: analysis, design, implementation, testing.",2025-08-28 19:22:09,2025-09-15 19:22:09,19.1,28.3,user_18,in_progress,maintenance,high,40.3,"ci,perf",35.6,18,1
TASK-2134,Write feature for payment/search ranking,"This task involves researching documentation related to payment. Expected steps: write tests, refactor, deploy.",2025-09-14 07:37:05,2025-09-16 07:37:05,11.0,12.5,user_1,in_progress,documentation,high,37.77,perf,12.0,2,1
TASK-2135,Refactor refactor in search/schema,"This task involves researching an API change related to search. Expected steps: design, implementation.",2025-09-22 11:38:43,2025-10-07 11:38:43,4.1,3.8,,in_progress,documentation,high,25.01,"db,docs,api",12.4,15,1
TASK-2136,Update optimization documentation for notifications/reporting,"This task involves updating a bug related to notifications. Expected steps: design, implementation.",2025-09-04 15:19:56,2025-09-08 15:19:56,7.3,9.4,user_14,in_progress,maintenance,high,40.46,api,36.8,4,1
TASK-2137,Refactor refactor in reports/ETL,"This task involves writing an API change related to reports. Expected steps: write tests, refactor, deploy.",2025-09-04 01:25:03,2025-09-14 01:25:03,17.1,23.2,user_10,done,documentation,high,42.79,"docs,research",42.5,10,1
TASK-2138,Fix bug in database/reporting module,"This task involves researching an API change related to database. Expected steps: design, implementation.",2025-09-16 04:30:50,2025-09-24 04:30:50,33.5,21.2,,open,research,high,38.95,ci,52.9,8,1
TASK-2139,Research refactor for database/login flow improvement,"This task involves updating an API change related to database. Expected steps: design, implementation.",2025-08-28 23:33:44,2025-08-30 23:33:44,24.1,28.4,user_5,in_progress,maintenance,high,50.44,ci,40.1,2,1
TASK-2140,Refactor doc update in analytics/reporting,"This task involves fixing a new feature related to analytics. Expected steps: design, implementation.",2025-08-27 16:58:03,2025-08-28 16:58:03,39.9,48.3,user_15,open,feature,high,51.56,"frontend,perf",19.6,1,1
TASK-2141,Refactor doc update in notifications/endpoint,"This task involves updating performance improvement related to notifications. Expected steps: investigation, fix, release.",2025-09-03 16:46:32,2025-09-29 16:46:32,23.8,21.7,,open,feature,high,31.81,"research,db",50.9,26,1
TASK-2142,Research refactor for payment/dashboard improvement,"This task involves implementing an API change related to payment. Expected steps: analysis, design, implementation, testing.",2025-09-18 06:53:56,2025-09-23 06:53:56,36.0,50.9,,open,bug,high,38.72,"api,db",51.9,5,1
TASK-2143,Refactor feature in reports/search ranking,"This task involves writing an API change related to reports. Expected steps: investigation, fix, release.",2025-09-12 10:31:50,2025-10-09 10:31:50,19.4,18.5,user_14,done,bug,high,30.99,"docs,backend,research",42.3,27,1
TASK-2144,Refactor doc update in database/endpoint,"This task involves updating documentation related to database. Expected steps: write tests, refactor, deploy.",2025-09-05 05:38:44,2025-09-08 05:38:44,3.8,3.9,,in_progress,bug,high,43.19,"bugfix,docs",49.7,3,1
TASK-2145,Implement feature for UI/login flow feature,"This task involves implementing documentation related to UI. Expected steps: write tests, refactor, deploy.",2025-09-02 09:09:04,2025-09-11 09:09:04,16.9,16.0,user_1,open,maintenance,high,43.45,"security,db",46.9,9,1
TASK-2146,Refactor refactor in auth/login flow,"This task involves updating documentation related to auth. Expected steps: design, implementation.",2025-09-10 16:06:20,2025-09-19 16:06:20,15.9,16.0,user_2,open,bug,high,38.41,"perf,research",3.9,9,1
TASK-2147,Write doc update for API/login flow,"This task involves implementing documentation related to API. Expected steps: analysis, design, implementation, testing.",2025-08-29 06:05:12,2025-09-16 06:05:12,32.0,21.5,user_2,open,research,high,43.45,"db,ci",20.3,18,1
TASK-2148,Research feature for notifications/dashboard improvement,"This task involves implementing a new feature related to notifications. Expected steps: design, implementation.",2025-09-12 07:21:55,2025-09-20 07:21:55,1.4,0.8,user_11,in_progress,bug,high,33.36,docs,1.3,8,1
TASK-2149,Implement optimization for database/search ranking feature,"This task involves researching a bug related to database. Expected steps: analysis, design, implementation, testing.",2025-09-13 17:00:11,2025-09-27 17:00:11,31.5,46.6,user_27,open,maintenance,high,35.01,"ci,api",45.1,14,1
TASK-2150,Write feature for API/login flow,"This task involves writing documentation related to API. Expected steps: design, implementation.",2025-08-26 06:43:24,2025-09-24 06:43:24,7.7,5.7,user_19,in_progress,documentation,high,35.62,docs,1.7,29,1
TASK-2151,Write feature for UI/login flow,"This task involves refactoring documentation related to UI. Expected steps: write tests, refactor, deploy.",2025-08-26 15:24:01,2025-09-21 15:24:01,23.7,16.7,user_30,blocked,bug,high,38.01,bugfix,39.7,26,1
TASK-2152,Implement doc update for database/login flow feature,"This task involves fixing performance improvement related to database. Expected steps: write tests, refactor, deploy.",2025-09-21 02:05:51,2025-09-30 02:05:51,26.8,9.5,user_24,blocked,bug,high,36.52,"perf,api",49.5,9,1
TASK-2153,Research refactor for payment/reporting improvement,"This task involves implementing documentation related to payment. Expected steps: analysis, design, implementation, testing.",2025-09-05 04:30:57,2025-09-26 04:30:57,22.1,17.9,user_30,in_progress,maintenance,high,36.56,"security,backend",10.8,21,1
TASK-2154,Write refactor for reports/login flow,"This task involves updating documentation related to reports. Expected steps: write tests, refactor, deploy.",2025-09-05 10:11:36,2025-09-23 10:11:36,12.0,7.2,user_17,in_progress,feature,high,37.64,"docs,ci",27.1,18,1
TASK-2155,Fix feature in UI/checkout module,"This task involves fixing a bug related to UI. Expected steps: analysis, design, implementation, testing.",2025-08-28 04:12:36,2025-09-12 04:12:36,38.7,57.8,user_23,open,research,high,45.82,"ci,frontend,backend",27.3,15,1
TASK-2156,Fix bug in profile/schema module,"This task involves updating a new feature related to profile. Expected steps: design, implementation.",2025-09-04 04:10:59,2025-09-23 04:10:59,38.9,50.7,user_23,open,research,high,39.87,perf,6.1,19,1
TASK-2157,Implement optimization for UI/user profile feature,"This task involves updating documentation related to UI. Expected steps: design, implementation.",2025-08-31 04:59:31,2025-09-15 04:59:31,8.1,6.4,user_28,open,feature,high,36.68,db,40.7,15,1
TASK-2158,Update optimization documentation for database/reporting,"This task involves implementing a new feature related to database. Expected steps: analysis, design, implementation, testing.",2025-09-14 08:51:49,2025-10-11 08:51:49,8.6,14.4,,open,maintenance,high,27.61,research,30.1,27,1
TASK-2159,Refactor refactor in profile/ETL,"This task involves refactoring documentation related to profile. Expected steps: analysis, design, implementation, testing.",2025-09-01 17:27:36,2025-09-02 17:27:36,32.4,41.9,user_12,in_progress,maintenance,high,50.81,"api,backend,ci",11.4,1,1
TASK-2160,Update doc update documentation for profile/user profile,"This task involves refactoring a new feature related to profile. Expected steps: write tests, refactor, deploy.",2025-09-06 09:54:26,2025-09-28 09:54:26,9.2,8.3,,in_progress,documentation,high,31.91,"bugfix,perf",55.3,22,1
TASK-2161,Research feature for notifications/dashboard improvement,"This task involves writing an API change related to notifications. Expected steps: design, implementation.",2025-08-25 02:59:38,2025-08-28 02:59:38,35.5,8.9,user_3,open,research,high,51.27,"api,bugfix,security",35.6,3,1
TASK-2162,Fix optimization in payment/email flow module,"This task involves implementing a bug related to payment. Expected steps: design, implementation.",2025-09-11 08:11:03,2025-09-22 08:11:03,30.5,51.5,user_13,open,feature,high,39.42,"bugfix,db,ci",49.6,11,1
TASK-2163,Update bug documentation for database/dashboard,"This task involves researching performance improvement related to database. Expected steps: analysis, design, implementation, testing.",2025-09-03 15:43:44,2025-09-12 15:43:44,25.3,14.8,user_22,in_progress,bug,high,41.53,"backend,docs,frontend",2.6,9,1
TASK-2164,Refactor feature in analytics/endpoint,"This task involves fixing a bug related to analytics. Expected steps: design, implementation.",2025-09-19 02:43:48,2025-09-23 02:43:48,38.0,19.2,user_3,open,documentation,high,40.66,api,32.3,4,1
TASK-2165,Research refactor for analytics/search ranking improvement,"This task involves researching performance improvement related to analytics. Expected steps: investigation, fix, release.",2025-09-20 09:46:50,2025-09-24 09:46:50,30.8,40.2,user_11,open,research,high,36.45,"research,bugfix",50.2,4,1
TASK-2166,Update optimization documentation for auth/login flow,"This task involves implementing an API change related to auth. Expected steps: write tests, refactor, deploy.",2025-09-06 20:46:59,2025-09-23 20:46:59,19.7,34.1,user_17,open,maintenance,high,37.13,"db,research",46.5,17,1
TASK-2167,Fix feature in reports/search ranking module,"This task involves implementing documentation related to reports. Expected steps: design, implementation.",2025-08-27 22:51:30,2025-09-01 22:51:30,28.9,40.9,user_5,open,feature,high,47.7,"backend,frontend",17.1,5,1
TASK-2168,Refactor feature in database/ETL,"This task involves fixing documentation related to database. Expected steps: write tests, refactor, deploy.",2025-09-21 17:28:59,2025-10-21 17:28:59,35.3,41.3,user_23,done,bug,high,25.42,"perf,bugfix,db",35.3,30,1
TASK-2169,Refactor refactor in reports/schema,"This task involves updating an API change related to reports. Expected steps: analysis, design, implementation, testing.",2025-09-13 03:34:57,2025-09-30 03:34:57,28.2,33.2,user_18,open,feature,high,37.02,"db,frontend",44.3,17,1
TASK-2170,Update bug documentation for UI/login flow,"This task involves fixing documentation related to UI. Expected steps: design, implementation.",2025-09-16 00:55:27,2025-10-04 00:55:27,14.1,17.7,user_7,done,bug,high,29.43,api,48.6,18,1
TASK-2171,Write feature for API/ETL,"This task involves refactoring a bug related to API. Expected steps: investigation, fix, release.",2025-09-10 04:38:09,2025-09-16 04:38:09,37.1,45.5,user_20,open,research,high,45.26,frontend,27.1,6,1
TASK-2172,Refactor optimization in search/dashboard,"This task involves researching a new feature related to search. Expected steps: design, implementation.",2025-08-29 22:01:51,2025-09-16 22:01:51,39.7,43.0,user_28,in_progress,maintenance,high,44.81,docs,48.9,18,1
TASK-2173,Research doc update for payment/ETL improvement,"This task involves updating a bug related to payment. Expected steps: write tests, refactor, deploy.",2025-08-29 21:49:52,2025-09-13 21:49:52,5.1,5.3,user_10,done,bug,high,36.02,docs,9.3,15,1
TASK-2174,Refactor feature in UI/endpoint,"This task involves updating an API change related to UI. Expected steps: design, implementation.",2025-08-27 13:45:17,2025-09-14 13:45:17,34.1,33.5,user_8,open,feature,high,44.13,"backend,security,perf",19.5,18,1
TASK-2175,Update optimization documentation for auth/search ranking,"This task involves researching performance improvement related to auth. Expected steps: analysis, design, implementation, testing.",2025-09-13 02:49:48,2025-09-27 02:49:48,30.5,23.6,user_27,in_progress,bug,high,37.77,"security,backend,research",14.8,14,1
TASK-2176,Fix optimization in reports/dashboard module,"This task involves refactoring performance improvement related to reports. Expected steps: write tests, refactor, deploy.",2025-08-28 02:26:53,2025-09-27 02:26:53,20.6,18.9,user_19,in_progress,research,high,35.84,"research,api,perf",10.7,30,1
TASK-2177,Update optimization documentation for auth/dashboard,"This task involves researching documentation related to auth. Expected steps: write tests, refactor, deploy.",2025-09-09 14:45:04,2025-10-04 14:45:04,7.7,3.8,,in_progress,bug,high,26.73,"docs,research",37.0,25,1
TASK-2178,Refactor doc update in reports/dashboard,"This task involves writing a new feature related to reports. Expected steps: investigation, fix, release.",2025-09-13 17:36:15,2025-10-04 17:36:15,25.8,25.0,user_24,open,feature,high,32.56,"frontend,perf,research",37.6,21,1
TASK-2179,Implement optimization for reports/search ranking feature,"This task involves refactoring documentation related to reports. Expected steps: analysis, design, implementation, testing.",2025-09-16 12:47:08,2025-10-05 12:47:08,25.1,17.7,user_18,open,research,high,31.81,"perf,research,api",41.1,19,1
TASK-2180,Refactor doc update in database/search ranking,"This task involves fixing an API change related to database. Expected steps: design, implementation.",2025-09-17 16:19:53,2025-10-13 16:19:53,20.7,13.8,user_14,in_progress,documentation,high,28.33,"api,docs,db",44.0,26,1
TASK-2181,Refactor optimization in analytics/checkout,"This task involves writing an API change related to analytics. Expected steps: analysis, design, implementation, testing.",2025-09-01 13:19:35,2025-09-12 13:19:35,1.4,1.5,user_22,in_progress,maintenance,high,40.66,"bugfix,backend",50.1,11,1
TASK-2182,Fix feature in UI/search ranking module,"This task involves researching a bug related to UI. Expected steps: write tests, refactor, deploy.",2025-09-05 14:31:19,2025-09-23 14:31:19,24.5,34.7,user_27,in_progress,documentation,high,37.57,"api,security",6.3,18,1
TASK-2183,Implement refactor for auth/ETL feature,"This task involves refactoring an API change related to auth. Expected steps: design, implementation.",2025-09-19 20:19:11,2025-10-15 20:19:11,2.6,3.3,user_22,blocked,research,high,20.7,"perf,research,backend",33.2,26,1
TASK-2184,Research feature for API/login flow improvement,"This task involves researching documentation related to API. Expected steps: analysis, design, implementation, testing.",2025-08-26 00:22:57,2025-09-02 00:22:57,2.8,1.5,user_13,blocked,maintenance,high,42.07,"api,docs,frontend",54.7,7,1
TASK-2185,Write bug for search/schema,"This task involves refactoring documentation related to search. Expected steps: design, implementation.",2025-09-18 08:42:15,2025-10-06 08:42:15,26.9,18.9,,open,maintenance,high,32.23,"perf,frontend,backend",31.8,18,1
TASK-2186,Implement bug for search/login flow feature,"This task involves fixing a new feature related to search. Expected steps: write tests, refactor, deploy.",2025-09-04 18:28:03,2025-09-27 18:28:03,5.8,7.4,user_30,open,documentation,high,29.82,"frontend,db,perf",16.5,23,1
TASK-2187,Write optimization for search/ETL,"This task involves writing a new feature related to search. Expected steps: investigation, fix, release.",2025-09-21 19:09:58,2025-10-04 19:09:58,6.5,4.6,user_4,open,documentation,high,28.86,"perf,bugfix",18.9,13,1
TASK-2188,Research feature for UI/dashboard improvement,"This task involves fixing an API change related to UI. Expected steps: analysis, design, implementation, testing.",2025-09-03 13:15:10,2025-09-10 13:15:10,37.3,34.8,user_10,in_progress,bug,high,45.75,"perf,db",18.2,7,1
TASK-2189,Write refactor for notifications/email flow,"This task involves implementing an API change related to notifications. Expected steps: write tests, refactor, deploy.",2025-09-03 09:16:22,2025-09-07 09:16:22,34.1,39.7,user_18,open,bug,high,47.77,bugfix,17.2,4,1
TASK-2190,Update bug documentation for notifications/endpoint,"This task involves implementing an API change related to notifications. Expected steps: analysis, design, implementation, testing.",2025-08-24 16:45:39,2025-09-01 16:45:39,16.4,11.6,user_3,done,bug,high,48.93,"docs,bugfix",38.0,8,1
TASK-2191,Research optimization for profile/dashboard improvement,"This task involves writing an API change related to profile. Expected steps: design, implementation.",2025-09-12 02:57:25,2025-09-30 02:57:25,13.5,13.9,user_18,open,feature,high,32.62,"bugfix,api",8.4,18,1
TASK-2192,Write bug for payment/search ranking,"This task involves refactoring documentation related to payment. Expected steps: write tests, refactor, deploy.",2025-09-04 15:30:09,2025-09-07 15:30:09,18.5,11.1,user_30,open,bug,high,43.52,"backend,research,perf",27.2,3,1
TASK-2193,Write doc update for profile/endpoint,"This task involves updating a new feature related to profile. Expected steps: investigation, fix, release.",2025-09-16 18:28:44,2025-09-26 18:28:44,18.1,14.8,user_24,done,documentation,high,32.68,"backend,api",34.8,10,1
TASK-2194,Update feature documentation for reports/user profile,"This task involves writing documentation related to reports. Expected steps: design, implementation.",2025-08-25 16:45:11,2025-09-02 16:45:11,20.0,21.9,user_8,open,research,high,45.59,backend,41.3,8,1
TASK-2195,Implement feature for analytics/reporting feature,"This task involves researching a bug related to analytics. Expected steps: write tests, refactor, deploy.",2025-09-08 18:42:26,2025-10-07 18:42:26,7.8,4.1,,open,feature,high,26.96,"docs,frontend",17.1,29,1
TASK-2196,Refactor doc update in search/dashboard,"This task involves updating a bug related to search. Expected steps: investigation, fix, release.",2025-08-30 01:04:32,2025-09-14 01:04:32,28.0,31.7,user_27,in_progress,documentation,high,44.24,"security,frontend",6.1,15,1
TASK-2197,Refactor optimization in payment/email flow,"This task involves updating performance improvement related to payment. Expected steps: design, implementation.",2025-09-02 08:59:39,2025-09-30 08:59:39,15.9,15.8,user_16,in_progress,maintenance,high,34.85,"db,backend,research",13.5,28,1
TASK-2198,Research refactor for UI/reporting improvement,"This task involves refactoring documentation related to UI. Expected steps: write tests, refactor, deploy.",2025-09-12 11:19:22,2025-09-26 11:19:22,11.2,13.1,,open,research,high,34.12,frontend,6.7,14,1
TASK-2199,Refactor doc update in reports/ETL,"This task involves researching a new feature related to reports. Expected steps: analysis, design, implementation, testing.",2025-09-09 12:53:50,2025-09-17 12:53:50,33.5,35.8,user_11,open,bug,high,42.9,"security,research",54.3,8,1
TASK-2200,Implement doc update for database/search ranking feature,"This task involves updating an API change related to database. Expected steps: investigation, fix, release.",2025-09-12 04:13:47,2025-10-11 04:13:47,33.7,47.5,user_15,in_progress,maintenance,high,29.09,"perf,api",38.1,29,1
TASK-2201,Refactor feature in notifications/ETL,"This task involves refactoring a bug related to notifications. Expected steps: analysis, design, implementation, testing.",2025-08-29 23:21:19,2025-09-01 23:21:19,18.2,18.9,user_24,in_progress,bug,high,48.74,"security,ci",11.3,3,1
TASK-2202,Refactor optimization in profile/checkout,"This task involves fixing documentation related to profile. Expected steps: investigation, fix, release.",2025-09-21 01:49:06,2025-09-30 01:49:06,37.1,32.3,user_26,open,feature,high,36.55,security,59.7,9,1
TASK-2203,Refactor feature in payment/checkout,"This task involves updating a new feature related to payment. Expected steps: analysis, design, implementation, testing.",2025-08-30 21:30:35,2025-09-16 21:30:35,14.3,14.8,user_18,open,bug,high,39.25,"perf,security,backend",16.5,17,1
TASK-2204,Write bug for reports/login flow,"This task involves updating an API change related to reports. Expected steps: design, implementation.",2025-09-18 14:24:41,2025-10-03 14:24:41,19.3,22.4,user_11,open,maintenance,high,33.48,"docs,ci,api",5.4,15,1
TASK-2205,Update refactor documentation for notifications/ETL,"This task involves fixing performance improvement related to notifications. Expected steps: analysis, design, implementation, testing.",2025-09-16 15:54:18,2025-10-08 15:54:18,13.4,13.6,user_13,open,bug,high,25.79,ci,4.8,22,1
TASK-2206,Implement refactor for analytics/dashboard feature,"This task involves researching documentation related to analytics. Expected steps: design, implementation.",2025-09-12 23:42:59,2025-09-23 23:42:59,14.6,14.8,user_14,open,bug,high,36.37,"security,backend",51.3,11,1
TASK-2207,Update doc update documentation for payment/login flow,"This task involves writing a bug related to payment. Expected steps: design, implementation.",2025-09-02 13:53:23,2025-09-25 13:53:23,19.0,15.0,user_29,open,research,high,35.78,"db,bugfix",54.9,23,1
TASK-2208,Fix refactor in API/email flow module,"This task involves updating an API change related to API. Expected steps: write tests, refactor, deploy.",2025-09-10 15:34:45,2025-09-17 15:34:45,14.8,11.9,user_2,in_progress,documentation,high,38.68,"backend,api",38.0,7,1
TASK-2209,Write bug for profile/endpoint,"This task involves updating documentation related to profile. Expected steps: write tests, refactor, deploy.",2025-09-18 05:03:49,2025-09-26 05:03:49,23.8,13.8,user_12,open,bug,high,34.27,"docs,db",57.4,8,1
TASK-2210,Refactor refactor in auth/dashboard,"This task involves implementing performance improvement related to auth. Expected steps: write tests, refactor, deploy.",2025-08-30 01:11:57,2025-08-31 01:11:57,34.4,52.5,user_14,done,maintenance,high,50.93,"docs,research",10.6,1,1
TASK-2211,Fix doc update in search/schema module,"This task involves fixing performance improvement related to search. Expected steps: analysis, design, implementation, testing.",2025-08-25 15:32:24,2025-08-29 15:32:24,25.3,15.9,user_11,in_progress,feature,high,49.23,"research,db,ci",2.6,4,1
TASK-2212,Write feature for payment/login flow,"This task involves updating an API change related to payment. Expected steps: analysis, design, implementation, testing.",2025-08-28 15:49:59,2025-09-04 15:49:59,1.3,1.0,user_14,open,feature,high,44.43,"backend,research,security",40.6,7,1
TASK-2213,Research refactor for payment/ETL improvement,"This task involves implementing an API change related to payment. Expected steps: investigation, fix, release.",2025-09-17 10:13:30,2025-10-17 10:13:30,1.8,1.4,user_26,open,maintenance,high,20.87,"ci,frontend,bugfix",10.4,30,1
TASK-2214,Refactor refactor in database/reporting,"This task involves researching documentation related to database. Expected steps: investigation, fix, release.",2025-09-16 05:32:04,2025-09-28 05:32:04,5.4,6.8,user_27,blocked,documentation,high,31.77,"bugfix,perf",7.4,12,1
TASK-2215,Write optimization for API/login flow,"This task involves refactoring an API change related to API. Expected steps: analysis, design, implementation, testing.",2025-09-17 06:19:46,2025-10-12 06:19:46,16.0,14.6,user_9,blocked,bug,high,25.22,ci,30.2,25,1
TASK-2216,Refactor optimization in payment/ETL,"This task involves implementing an API change related to payment. Expected steps: write tests, refactor, deploy.",2025-09-06 21:27:44,2025-09-30 21:27:44,15.0,20.6,user_24,open,maintenance,high,30.92,"perf,frontend",49.8,24,1
TASK-2217,Fix refactor in API/login flow module,"This task involves fixing an API change related to API. Expected steps: analysis, design, implementation, testing.",2025-09-21 20:39:53,2025-10-03 20:39:53,8.5,6.8,user_28,in_progress,bug,high,27.63,db,8.0,12,1
TASK-2218,Write doc update for UI/login flow,"This task involves fixing a new feature related to UI. Expected steps: design, implementation.",2025-09-20 10:21:47,2025-10-10 10:21:47,2.4,2.6,user_15,in_progress,bug,high,23.82,"backend,frontend",3.4,20,1
TASK-2219,Update doc update documentation for profile/reporting,"This task involves fixing an API change related to profile. Expected steps: design, implementation.",2025-08-29 09:15:05,2025-09-10 09:15:05,39.9,29.9,user_18,in_progress,bug,high,48.09,"ci,research,backend",57.3,12,1
TASK-2220,Implement refactor for UI/schema feature,"This task involves researching a bug related to UI. Expected steps: write tests, refactor, deploy.",2025-08-29 03:06:15,2025-09-11 03:06:15,39.3,64.6,,in_progress,feature,high,45.28,"backend,perf",50.5,13,1
TASK-2221,Implement bug for UI/schema feature,"This task involves writing a new feature related to UI. Expected steps: design, implementation.",2025-09-06 04:12:10,2025-09-10 04:12:10,21.8,14.0,user_2,open,maintenance,high,43.99,db,12.9,4,1
TASK-2222,Research refactor for auth/dashboard improvement,"This task involves researching performance improvement related to auth. Expected steps: design, implementation.",2025-08-26 06:45:09,2025-09-25 06:45:09,6.9,7.5,user_20,open,feature,high,32.83,"bugfix,backend",34.3,30,1
TASK-2223,Implement refactor for search/ETL feature,"This task involves fixing a bug related to search. Expected steps: investigation, fix, release.",2025-09-07 13:03:24,2025-09-27 13:03:24,13.2,15.7,user_16,open,documentation,high,35.92,"frontend,ci,perf",13.0,20,1
TASK-2224,Research bug for payment/endpoint improvement,"This task involves updating performance improvement related to payment. Expected steps: design, implementation.",2025-08-29 09:44:44,2025-09-02 09:44:44,9.0,10.1,user_19,open,research,high,45.16,db,29.7,4,1
TASK-2225,Implement doc update for payment/login flow feature,"This task involves writing documentation related to payment. Expected steps: write tests, refactor, deploy.",2025-09-17 08:51:26,2025-10-03 08:51:26,5.3,5.0,user_26,done,bug,high,28.93,perf,15.4,16,1
TASK-2226,Implement feature for search/login flow feature,"This task involves implementing documentation related to search. Expected steps: investigation, fix, release.",2025-09-19 07:17:02,2025-10-19 07:17:02,36.2,34.8,user_5,open,maintenance,high,24.82,"bugfix,docs",54.7,30,1
TASK-2227,Write bug for payment/dashboard,"This task involves refactoring documentation related to payment. Expected steps: investigation, fix, release.",2025-09-15 20:32:27,2025-09-30 20:32:27,32.1,32.5,user_6,open,bug,high,33.96,db,38.5,15,1
TASK-2228,Write feature for notifications/checkout,"This task involves implementing performance improvement related to notifications. Expected steps: write tests, refactor, deploy.",2025-08-26 23:10:38,2025-09-10 23:10:38,24.5,23.4,user_18,open,feature,high,42.75,"api,security",21.0,15,1
TASK-2229,Research bug for auth/dashboard improvement,"This task involves fixing an API change related to auth. Expected steps: analysis, design, implementation, testing.",2025-09-03 04:31:45,2025-10-03 04:31:45,21.9,28.2,,open,maintenance,high,32.58,"research,security",53.1,30,1
TASK-2230,Write optimization for profile/ETL,"This task involves refactoring performance improvement related to profile. Expected steps: design, implementation.",2025-08-31 00:22:15,2025-09-13 00:22:15,40.0,66.5,,in_progress,documentation,high,45.06,"frontend,security",45.0,13,1
TASK-2231,Research refactor for analytics/checkout improvement,"This task involves fixing an API change related to analytics. Expected steps: analysis, design, implementation, testing.",2025-09-08 07:40:06,2025-09-28 07:40:06,34.0,28.3,user_14,open,bug,high,36.82,"security,docs,db",36.5,20,1
TASK-2232,Update doc update documentation for UI/endpoint,"This task involves implementing documentation related to UI. Expected steps: investigation, fix, release.",2025-09-08 21:28:03,2025-09-17 21:28:03,18.5,10.9,,in_progress,bug,high,37.82,"db,api,research",25.9,9,1
TASK-2233,Implement bug for auth/dashboard feature,"This task involves implementing a new feature related to auth. Expected steps: write tests, refactor, deploy.",2025-09-14 04:31:02,2025-10-08 04:31:02,6.8,6.6,user_29,open,feature,high,28.17,frontend,1.2,24,1
TASK-2234,Refactor feature in analytics/search ranking,"This task involves writing performance improvement related to analytics. Expected steps: write tests, refactor, deploy.",2025-08-31 18:38:37,2025-09-04 18:38:37,24.9,44.2,user_17,in_progress,research,high,49.48,research,7.1,4,1
TASK-2235,Fix bug in auth/reporting module,"This task involves researching an API change related to auth. Expected steps: design, implementation.",2025-09-18 05:03:19,2025-09-23 05:03:19,27.7,21.0,user_15,in_progress,research,high,39.41,"perf,frontend,db",0.5,5,1
TASK-2236,Update refactor documentation for notifications/schema,"This task involves fixing an API change related to notifications. Expected steps: write tests, refactor, deploy.",2025-09-07 23:59:17,2025-09-16 23:59:17,16.2,24.2,user_1,done,research,high,39.32,"docs,ci,db",7.1,9,1
TASK-2237,Fix bug in API/user profile module,"This task involves fixing an API change related to API. Expected steps: analysis, design, implementation, testing.",2025-09-03 03:34:22,2025-09-25 03:34:22,24.6,37.0,user_23,open,research,high,35.13,"research,bugfix,frontend",11.3,22,1
TASK-2238,Write doc update for auth/checkout,"This task involves implementing documentation related to auth. Expected steps: design, implementation.",2025-09-01 22:20:09,2025-09-15 22:20:09,2.2,1.8,user_19,in_progress,documentation,high,35.86,"research,db,security",26.5,14,1
TASK-2239,Update bug documentation for auth/checkout,"This task involves refactoring a new feature related to auth. Expected steps: investigation, fix, release.",2025-09-20 00:51:22,2025-10-14 00:51:22,1.6,1.9,user_25,in_progress,bug,high,23.76,bugfix,39.2,24,1
TASK-2240,Refactor doc update in profile/reporting,"This task involves fixing a new feature related to profile. Expected steps: write tests, refactor, deploy.",2025-08-28 19:41:56,2025-09-14 19:41:56,14.5,21.6,,in_progress,documentation,high,41.92,"docs,api",38.2,17,1
TASK-2241,Implement feature for search/schema feature,"This task involves implementing documentation related to search. Expected steps: write tests, refactor, deploy.",2025-08-25 02:53:35,2025-09-04 02:53:35,4.4,3.9,user_25,in_progress,feature,high,43.64,"backend,security",7.0,10,1
TASK-2242,Research doc update for payment/dashboard improvement,"This task involves writing an API change related to payment. Expected steps: analysis, design, implementation, testing.",2025-09-02 04:54:36,2025-09-30 04:54:36,35.8,33.6,user_2,open,research,high,35.02,research,25.6,28,1
TASK-2243,Fix feature in auth/checkout module,"This task involves refactoring a new feature related to auth. Expected steps: design, implementation.",2025-09-07 08:19:47,2025-09-08 08:19:47,4.5,3.7,,done,feature,high,43.82,ci,44.1,1,1
TASK-2244,Update doc update documentation for search/checkout,"This task involves fixing a new feature related to search. Expected steps: analysis, design, implementation, testing.",2025-09-13 05:52:10,2025-09-22 05:52:10,37.9,26.4,user_1,in_progress,maintenance,high,40.76,"docs,research",18.7,9,1
TASK-2245,Update feature documentation for auth/schema,"This task involves implementing performance improvement related to auth. Expected steps: write tests, refactor, deploy.",2025-09-23 05:25:19,2025-10-21 05:25:19,25.7,20.7,user_1,open,bug,high,23.3,api,30.0,28,1
TASK-2246,Update optimization documentation for API/schema,"This task involves implementing documentation related to API. Expected steps: design, implementation.",2025-09-04 02:10:03,2025-09-18 02:10:03,4.2,2.7,,in_progress,feature,high,38.54,bugfix,49.6,14,1
TASK-2247,Update optimization documentation for UI/search ranking,"This task involves fixing an API change related to UI. Expected steps: write tests, refactor, deploy.",2025-09-19 00:25:34,2025-10-12 00:25:34,32.6,32.9,,done,maintenance,high,32.28,research,59.0,23,1
TASK-2248,Refactor refactor in profile/search ranking,"This task involves researching an API change related to profile. Expected steps: investigation, fix, release.",2025-09-17 07:14:39,2025-09-27 07:14:39,19.5,15.0,user_22,open,bug,high,35.6,"frontend,ci",24.8,10,1
TASK-2249,Fix refactor in analytics/schema module,"This task involves refactoring performance improvement related to analytics. Expected steps: investigation, fix, release.",2025-09-22 19:19:35,2025-09-27 19:19:35,10.2,10.9,,blocked,documentation,high,30.31,"db,ci,bugfix",56.8,5,1
TASK-2250,Implement optimization for payment/email flow feature,"This task involves writing an API change related to payment. Expected steps: investigation, fix, release.",2025-08-29 12:10:43,2025-09-07 12:10:43,23.4,12.5,user_13,in_progress,documentation,high,47.19,"backend,ci,security",40.2,9,1
TASK-2251,Refactor refactor in profile/endpoint,"This task involves refactoring a bug related to profile. Expected steps: design, implementation.",2025-09-07 12:09:32,2025-09-08 12:09:32,34.4,37.8,user_10,open,research,high,48.82,"security,bugfix,backend",31.7,1,1
TASK-2252,Write refactor for reports/search ranking,"This task involves fixing performance improvement related to reports. Expected steps: write tests, refactor, deploy.",2025-09-01 09:19:48,2025-09-26 09:19:48,1.7,2.1,user_27,open,bug,high,30.25,api,18.7,25,1
TASK-2253,Update feature documentation for database/checkout,"This task involves implementing a bug related to database. Expected steps: analysis, design, implementation, testing.",2025-09-14 20:17:42,2025-09-16 20:17:42,13.1,5.3,user_17,in_progress,feature,high,38.6,security,23.1,2,1
TASK-2254,Fix bug in API/dashboard module,"This task involves updating a new feature related to API. Expected steps: analysis, design, implementation, testing.",2025-09-11 10:31:59,2025-09-29 10:31:59,33.3,37.0,user_30,done,bug,high,34.61,"frontend,ci",12.6,18,1
TASK-2255,Research bug for payment/endpoint improvement,"This task involves updating performance improvement related to payment. Expected steps: analysis, design, implementation, testing.",2025-09-11 06:56:49,2025-09-26 06:56:49,30.7,42.0,user_2,blocked,bug,high,39.56,"bugfix,api",41.0,15,1
TASK-2256,Refactor doc update in auth/ETL,"This task involves fixing an API change related to auth. Expected steps: investigation, fix, release.",2025-09-18 23:03:22,2025-10-09 23:03:22,19.2,12.2,user_28,open,bug,high,28.98,docs,57.5,21,1
TASK-2257,Write refactor for API/email flow,"This task involves implementing a bug related to API. Expected steps: analysis, design, implementation, testing.",2025-09-07 18:36:07,2025-09-13 18:36:07,22.8,34.2,user_27,in_progress,bug,high,41.92,"ci,frontend",42.9,6,1
TASK-2258,Research bug for payment/search ranking improvement,"This task involves researching a bug related to payment. Expected steps: analysis, design, implementation, testing.",2025-09-16 23:23:22,2025-10-02 23:23:22,39.1,44.0,user_29,open,research,high,37.72,"db,research,perf",29.4,16,1
TASK-2259,Fix optimization in analytics/endpoint module,"This task involves writing a new feature related to analytics. Expected steps: analysis, design, implementation, testing.",2025-09-07 00:30:06,2025-09-21 00:30:06,22.8,18.0,user_29,open,documentation,high,38.8,"security,api,ci",27.9,14,1
TASK-2260,Refactor feature in auth/login flow,"This task involves updating documentation related to auth. Expected steps: investigation, fix, release.",2025-08-30 10:09:31,2025-09-24 10:09:31,6.3,6.2,,done,feature,high,36.11,db,35.1,25,1
TASK-2261,Research refactor for reports/search ranking improvement,"This task involves writing performance improvement related to reports. Expected steps: investigation, fix, release.",2025-09-05 13:13:23,2025-09-21 13:13:23,1.8,2.1,user_22,in_progress,bug,high,34.04,"backend,docs,api",41.8,16,1
TASK-2262,Implement bug for payment/email flow feature,"This task involves updating a bug related to payment. Expected steps: write tests, refactor, deploy.",2025-09-20 10:30:53,2025-10-17 10:30:53,6.7,6.9,user_16,done,feature,high,20.83,security,46.0,27,1
TASK-2263,Implement bug for database/endpoint feature,"This task involves refactoring an API change related to database. Expected steps: design, implementation.",2025-09-10 22:26:46,2025-09-20 22:26:46,22.1,25.7,user_3,open,bug,high,37.43,db,36.0,10,1
TASK-2264,Fix feature in auth/email flow module,"This task involves fixing a new feature related to auth. Expected steps: analysis, design, implementation, testing.",2025-09-04 15:32:38,2025-09-07 15:32:38,15.7,11.4,user_25,blocked,research,high,46.09,"research,db,docs",13.9,3,1
TASK-2265,Refactor doc update in notifications/endpoint,"This task involves refactoring a bug related to notifications. Expected steps: analysis, design, implementation, testing.",2025-08-24 16:37:42,2025-08-25 16:37:42,33.0,34.7,,open,maintenance,high,53.2,perf,30.3,1,1
TASK-2266,Refactor doc update in search/checkout,"This task involves researching a new feature related to search. Expected steps: investigation, fix, release.",2025-09-03 05:27:09,2025-09-28 05:27:09,36.7,21.1,user_18,blocked,maintenance,high,39.88,"backend,bugfix",14.1,25,1
TASK-2267,Write refactor for reports/user profile,"This task involves fixing documentation related to reports. Expected steps: investigation, fix, release.",2025-09-01 09:16:39,2025-09-14 09:16:39,34.3,33.2,user_25,in_progress,research,high,44.17,db,1.1,13,1
TASK-2268,Write doc update for database/search ranking,"This task involves writing performance improvement related to database. Expected steps: write tests, refactor, deploy.",2025-09-07 15:44:00,2025-09-09 15:44:00,15.0,10.9,user_1,in_progress,bug,high,44.13,"backend,api",23.1,2,1
TASK-2269,Write feature for profile/ETL,"This task involves researching a bug related to profile. Expected steps: design, implementation.",2025-08-27 12:42:48,2025-09-07 12:42:48,13.0,10.1,user_1,blocked,maintenance,high,42.58,research,30.2,11,1
TASK-2270,Write optimization for profile/dashboard,"This task involves fixing a new feature related to profile. Expected steps: design, implementation.",2025-09-03 13:38:44,2025-09-28 13:38:44,30.3,41.5,user_13,done,maintenance,high,34.99,"research,frontend,perf",25.0,25,1
TASK-2271,Write optimization for UI/login flow,"This task involves updating performance improvement related to UI. Expected steps: design, implementation.",2025-08-28 21:54:56,2025-08-31 21:54:56,34.5,45.8,user_11,open,research,high,53.23,"perf,db",41.5,3,1
TASK-2272,Write feature for reports/dashboard,"This task involves refactoring performance improvement related to reports. Expected steps: write tests, refactor, deploy.",2025-09-11 19:40:55,2025-09-25 19:40:55,35.9,42.5,user_26,open,research,high,41.15,"docs,bugfix,frontend",41.6,14,1
TASK-2273,Write bug for API/schema,"This task involves writing a bug related to API. Expected steps: design, implementation.",2025-09-07 19:50:18,2025-09-26 19:50:18,17.3,11.6,user_29,open,maintenance,high,34.11,"frontend,api",11.5,19,1
TASK-2274,Update optimization documentation for notifications/search ranking,"This task involves fixing performance improvement related to notifications. Expected steps: write tests, refactor, deploy.",2025-09-08 14:13:54,2025-09-19 14:13:54,14.4,13.0,user_28,open,bug,high,36.59,"research,bugfix,security",28.6,11,1
TASK-2275,Research feature for UI/user profile improvement,"This task involves implementing a bug related to UI. Expected steps: design, implementation.",2025-08-29 20:41:06,2025-09-19 20:41:06,6.7,9.1,user_25,open,maintenance,high,37.49,"perf,db,backend",58.1,21,1
TASK-2276,Fix bug in search/dashboard module,"This task involves writing a new feature related to search. Expected steps: investigation, fix, release.",2025-08-28 00:27:42,2025-09-06 00:27:42,33.6,35.0,user_18,open,documentation,high,46.6,db,57.3,9,1
TASK-2277,Fix feature in API/reporting module,"This task involves implementing a bug related to API. Expected steps: design, implementation.",2025-09-16 00:07:08,2025-10-05 00:07:08,32.0,54.3,user_29,open,maintenance,high,32.24,frontend,25.3,19,1
TASK-2278,Fix optimization in payment/user profile module,"This task involves fixing a new feature related to payment. Expected steps: analysis, design, implementation, testing.",2025-09-05 14:24:43,2025-09-12 14:24:43,18.4,20.6,user_29,open,bug,high,43.89,"ci,docs",12.5,7,1
TASK-2279,Research doc update for profile/dashboard improvement,"This task involves writing performance improvement related to profile. Expected steps: design, implementation.",2025-09-19 04:23:30,2025-10-17 04:23:30,32.5,34.4,user_9,blocked,maintenance,high,29.89,"frontend,security,docs",57.5,28,1
TASK-2280,Fix doc update in search/email flow module,"This task involves fixing a new feature related to search. Expected steps: investigation, fix, release.",2025-09-12 01:43:50,2025-10-02 01:43:50,32.9,29.8,user_4,in_progress,feature,high,36.27,bugfix,27.7,20,1
TASK-2281,Implement refactor for profile/dashboard feature,"This task involves fixing a new feature related to profile. Expected steps: analysis, design, implementation, testing.",2025-09-18 06:23:05,2025-09-26 06:23:05,14.6,15.2,user_25,in_progress,maintenance,high,32.22,"db,perf",23.7,8,1
TASK-2282,Write feature for UI/user profile,"This task involves refactoring documentation related to UI. Expected steps: investigation, fix, release.",2025-09-22 21:58:24,2025-10-11 21:58:24,20.1,19.2,user_21,in_progress,bug,high,27.28,security,51.5,19,1
TASK-2283,Research optimization for database/login flow improvement,"This task involves updating performance improvement related to database. Expected steps: investigation, fix, release.",2025-09-16 04:54:51,2025-10-14 04:54:51,35.0,42.4,user_18,open,bug,high,29.83,ci,2.8,28,1
TASK-2284,Implement doc update for payment/email flow feature,"This task involves implementing an API change related to payment. Expected steps: analysis, design, implementation, testing.",2025-09-01 23:36:08,2025-09-19 23:36:08,23.3,30.0,user_8,open,feature,high,38.4,docs,12.4,18,1
TASK-2285,Fix doc update in UI/endpoint module,"This task involves fixing a bug related to UI. Expected steps: design, implementation.",2025-09-17 21:16:13,2025-10-16 21:16:13,26.4,20.2,user_28,done,bug,high,26.87,"docs,api,research",19.7,29,1
TASK-2286,Update optimization documentation for auth/endpoint,"This task involves refactoring an API change related to auth. Expected steps: investigation, fix, release.",2025-09-14 10:52:12,2025-09-21 10:52:12,25.3,15.2,user_8,open,feature,high,38.03,db,55.1,7,1
TASK-2287,Refactor bug in search/dashboard,"This task involves refactoring a bug related to search. Expected steps: investigation, fix, release.",2025-09-10 12:41:07,2025-10-04 12:41:07,22.0,9.9,user_4,open,documentation,high,33.16,bugfix,52.8,24,1
TASK-2288,Fix refactor in profile/email flow module,"This task involves researching documentation related to profile. Expected steps: design, implementation.",2025-09-22 03:21:36,2025-09-26 03:21:36,6.6,7.6,,in_progress,bug,high,32.73,"ci,api",16.7,4,1
TASK-2289,Fix feature in auth/search ranking module,"This task involves refactoring documentation related to auth. Expected steps: analysis, design, implementation, testing.",2025-09-10 14:08:40,2025-10-09 14:08:40,18.5,12.4,user_26,open,feature,high,27.1,"backend,docs",6.0,29,1
TASK-2290,Write feature for API/search ranking,"This task involves researching documentation related to API. Expected steps: write tests, refactor, deploy.",2025-09-03 03:41:19,2025-09-25 03:41:19,34.3,12.1,user_13,open,bug,high,40.85,frontend,53.4,22,1
TASK-2291,Research feature for payment/user profile improvement,"This task involves fixing a bug related to payment. Expected steps: design, implementation.",2025-09-13 09:27:20,2025-10-12 09:27:20,21.8,24.3,user_28,open,bug,high,26.32,"backend,ci,api",41.5,29,1
TASK-2292,Write doc update for notifications/login flow,"This task involves fixing documentation related to notifications. Expected steps: design, implementation.",2025-09-15 04:37:12,2025-09-20 04:37:12,4.9,8.6,user_10,open,bug,high,35.57,"perf,ci",38.3,5,1
TASK-2293,Write feature for profile/reporting,"This task involves writing documentation related to profile. Expected steps: design, implementation.",2025-08-29 04:45:42,2025-09-01 04:45:42,20.6,20.6,user_27,open,documentation,high,49.12,"backend,bugfix,frontend",18.2,3,1
TASK-2294,Refactor bug in profile/user profile,"This task involves researching performance improvement related to profile. Expected steps: write tests, refactor, deploy.",2025-09-18 11:37:05,2025-09-25 11:37:05,38.5,48.2,,blocked,research,high,40.15,"db,api,backend",21.5,7,1
TASK-2295,Refactor doc update in auth/dashboard,"This task involves researching an API change related to auth. Expected steps: investigation, fix, release.",2025-09-22 09:35:33,2025-10-01 09:35:33,3.2,3.3,user_21,in_progress,documentation,high,30.82,"docs,security,bugfix",58.4,9,1
TASK-2296,Write feature for search/user profile,"This task involves researching a new feature related to search. Expected steps: analysis, design, implementation, testing.",2025-09-15 18:55:11,2025-09-24 18:55:11,16.5,16.0,user_19,blocked,documentation,high,34.33,api,44.2,9,1
TASK-2297,Fix feature in reports/search ranking module,"This task involves refactoring a new feature related to reports. Expected steps: design, implementation.",2025-08-30 02:32:08,2025-09-11 02:32:08,1.3,1.7,user_6,open,maintenance,high,37.6,"perf,bugfix",33.1,12,1
TASK-2298,Implement feature for reports/schema feature,"This task involves updating a bug related to reports. Expected steps: analysis, design, implementation, testing.",2025-09-19 03:08:46,2025-09-25 03:08:46,31.9,29.1,user_9,open,research,high,38.75,"frontend,ci,db",23.7,6,1
TASK-2299,Update feature documentation for profile/login flow,"This task involves researching performance improvement related to profile. Expected steps: analysis, design, implementation, testing.",2025-09-01 11:12:22,2025-09-28 11:12:22,35.8,38.7,user_2,done,documentation,high,37.31,backend,28.6,27,1
TASK-2300,Write feature for auth/login flow,"This task involves refactoring a bug related to auth. Expected steps: analysis, design, implementation, testing.",2025-09-15 17:14:26,2025-09-18 17:14:26,23.4,25.7,user_25,open,research,high,38.07,research,50.2,3,1
TASK-2301,Fix feature in payment/reporting module,"This task involves researching a bug related to payment. Expected steps: analysis, design, implementation, testing.",2025-09-06 04:40:31,2025-09-07 04:40:31,37.3,29.8,user_16,in_progress,documentation,high,47.96,"backend,db",49.9,1,1
TASK-2302,Fix feature in profile/search ranking module,"This task involves researching documentation related to profile. Expected steps: design, implementation.",2025-09-14 20:38:23,2025-10-07 20:38:23,37.6,48.8,user_19,open,maintenance,high,31.39,"db,backend",26.7,23,1
TASK-2303,Research bug for UI/endpoint improvement,"This task involves implementing a new feature related to UI. Expected steps: write tests, refactor, deploy.",2025-08-28 00:55:37,2025-09-18 00:55:37,37.5,35.5,user_10,in_progress,maintenance,high,42.0,backend,23.3,21,1
TASK-2304,Write feature for database/checkout,"This task involves researching a new feature related to database. Expected steps: write tests, refactor, deploy.",2025-09-07 16:40:21,2025-10-06 16:40:21,16.1,12.4,user_14,done,bug,high,28.83,"docs,research,security",10.8,29,1
TASK-2305,Fix bug in database/search ranking module,"This task involves researching documentation related to database. Expected steps: investigation, fix, release.",2025-08-27 14:25:47,2025-09-14 14:25:47,18.2,21.1,,blocked,maintenance,high,41.24,"docs,bugfix,research",41.8,18,1
TASK-2306,Fix refactor in UI/schema module,"This task involves implementing performance improvement related to UI. Expected steps: investigation, fix, release.",2025-09-01 14:19:32,2025-09-10 14:19:32,4.0,2.9,user_8,open,maintenance,high,41.7,security,49.4,9,1
TASK-2307,Refactor refactor in database/user profile,"This task involves fixing a new feature related to database. Expected steps: investigation, fix, release.",2025-09-19 19:45:10,2025-10-14 19:45:10,21.9,22.1,user_13,blocked,feature,high,25.97,"frontend,research,perf",10.4,25,1
TASK-2308,Refactor bug in search/schema,"This task involves updating a bug related to search. Expected steps: analysis, design, implementation, testing.",2025-09-11 11:12:50,2025-09-19 11:12:50,20.5,20.4,user_29,open,documentation,high,37.47,"research,docs",19.3,8,1
TASK-2309,Refactor bug in reports/login flow,"This task involves refactoring a new feature related to reports. Expected steps: write tests, refactor, deploy.",2025-09-09 14:34:53,2025-09-18 14:34:53,27.2,36.1,user_16,blocked,maintenance,high,41.63,"docs,perf",30.3,9,1
TASK-2310,Refactor feature in database/schema,"This task involves researching a bug related to database. Expected steps: write tests, refactor, deploy.",2025-09-15 10:20:28,2025-09-18 10:20:28,22.1,25.2,user_21,done,documentation,high,41.81,"db,perf",7.9,3,1
TASK-2311,Research refactor for API/search ranking improvement,"This task involves fixing documentation related to API. Expected steps: investigation, fix, release.",2025-09-20 01:36:01,2025-09-23 01:36:01,21.3,21.1,user_24,in_progress,bug,high,39.45,perf,28.5,3,1
TASK-2312,Update bug documentation for UI/reporting,"This task involves fixing an API change related to UI. Expected steps: investigation, fix, release.",2025-09-03 15:13:22,2025-09-26 15:13:22,18.7,23.3,user_18,open,documentation,high,37.12,"db,ci",2.0,23,1
TASK-2313,Fix optimization in API/endpoint module,"This task involves writing performance improvement related to API. Expected steps: design, implementation.",2025-08-30 22:29:05,2025-09-12 22:29:05,19.8,28.1,user_7,open,maintenance,high,41.82,security,56.0,13,1
TASK-2314,Implement optimization for UI/search ranking feature,"This task involves researching an API change related to UI. Expected steps: investigation, fix, release.",2025-09-16 21:09:37,2025-10-06 21:09:37,1.6,1.9,user_17,in_progress,maintenance,high,25.47,"api,frontend,db",28.2,20,1
TASK-2315,Implement feature for reports/search ranking feature,"This task involves writing a new feature related to reports. Expected steps: write tests, refactor, deploy.",2025-09-23 05:18:13,2025-09-24 05:18:13,29.9,30.0,user_21,open,bug,high,40.2,"research,bugfix,security",49.7,1,1
TASK-2316,Update doc update documentation for profile/login flow,"This task involves updating an API change related to profile. Expected steps: write tests, refactor, deploy.",2025-09-16 13:09:47,2025-10-11 13:09:47,4.0,2.4,,in_progress,maintenance,high,22.45,"docs,bugfix",50.3,25,1
TASK-2317,Fix refactor in search/dashboard module,"This task involves updating a bug related to search. Expected steps: write tests, refactor, deploy.",2025-08-30 08:21:39,2025-09-25 08:21:39,23.6,16.1,user_27,in_progress,research,high,34.62,"security,bugfix,perf",7.2,26,1
TASK-2318,Implement feature for search/email flow feature,"This task involves implementing performance improvement related to search. Expected steps: analysis, design, implementation, testing.",2025-09-07 07:47:49,2025-10-07 07:47:49,37.0,33.6,user_27,blocked,research,high,32.21,"ci,research",9.5,30,1
TASK-2319,Implement feature for reports/ETL feature,"This task involves fixing a new feature related to reports. Expected steps: investigation, fix, release.",2025-09-02 16:09:28,2025-09-23 16:09:28,24.5,20.0,user_10,open,research,high,37.95,"perf,frontend",59.6,21,1
TASK-2320,Refactor refactor in UI/checkout,"This task involves writing an API change related to UI. Expected steps: write tests, refactor, deploy.",2025-08-30 07:03:36,2025-09-11 07:03:36,11.1,10.5,user_6,done,documentation,high,39.88,"research,docs,frontend",41.8,12,1
TASK-2321,Update refactor documentation for payment/user profile,"This task involves fixing performance improvement related to payment. Expected steps: write tests, refactor, deploy.",2025-09-08 15:48:21,2025-10-08 15:48:21,1.2,1.2,user_21,open,feature,high,26.13,"security,frontend",6.2,30,1
TASK-2322,Update feature documentation for database/reporting,"This task involves updating an API change related to database. Expected steps: analysis, design, implementation, testing.",2025-09-03 10:56:09,2025-09-10 10:56:09,37.6,43.6,user_4,in_progress,research,high,49.41,"research,frontend",26.8,7,1
TASK-2323,Fix refactor in API/login flow module,"This task involves updating an API change related to API. Expected steps: analysis, design, implementation, testing.",2025-09-09 03:01:33,2025-10-08 03:01:33,34.8,34.1,,in_progress,maintenance,high,30.71,ci,56.8,29,1
TASK-2324,Refactor doc update in UI/schema,"This task involves refactoring documentation related to UI. Expected steps: analysis, design, implementation, testing.",2025-09-13 09:56:13,2025-09-14 09:56:13,18.8,21.5,user_22,in_progress,documentation,high,43.52,perf,37.9,1,1
TASK-2325,Fix refactor in payment/search ranking module,"This task involves fixing performance improvement related to payment. Expected steps: analysis, design, implementation, testing.",2025-09-15 04:12:53,2025-10-14 04:12:53,35.9,36.6,,open,maintenance,high,29.21,frontend,33.4,29,1
TASK-2326,Refactor feature in UI/login flow,"This task involves refactoring a bug related to UI. Expected steps: write tests, refactor, deploy.",2025-08-26 07:16:36,2025-09-20 07:16:36,32.4,13.2,,in_progress,documentation,high,39.88,api,48.2,25,1
TASK-2327,Research doc update for UI/schema improvement,"This task involves refactoring performance improvement related to UI. Expected steps: analysis, design, implementation, testing.",2025-08-27 00:50:52,2025-08-28 00:50:52,29.7,21.3,user_22,done,feature,high,50.93,"api,docs,db",35.8,1,1
TASK-2328,Refactor feature in payment/dashboard,"This task involves researching documentation related to payment. Expected steps: design, implementation.",2025-08-24 20:48:54,2025-09-11 20:48:54,36.5,34.9,user_13,blocked,bug,high,44.55,"perf,frontend",7.9,18,1
TASK-2329,Write doc update for API/search ranking,"This task involves implementing documentation related to API. Expected steps: analysis, design, implementation, testing.",2025-09-04 03:45:26,2025-09-12 03:45:26,28.2,18.0,user_17,blocked,research,high,45.72,"research,frontend",58.3,8,1
TASK-2330,Research refactor for database/ETL improvement,"This task involves implementing a bug related to database. Expected steps: investigation, fix, release.",2025-09-19 19:50:52,2025-10-08 19:50:52,18.6,21.9,user_17,open,maintenance,high,28.28,bugfix,13.8,19,1
TASK-2331,Fix optimization in search/search ranking module,"This task involves refactoring an API change related to search. Expected steps: write tests, refactor, deploy.",2025-09-02 02:38:03,2025-09-05 02:38:03,6.0,8.8,user_19,blocked,feature,high,41.37,research,11.2,3,1
TASK-2332,Refactor feature in search/dashboard,"This task involves researching an API change related to search. Expected steps: design, implementation.",2025-08-24 22:20:41,2025-09-07 22:20:41,16.5,22.5,,done,research,high,44.22,docs,53.6,14,1
TASK-2333,Research refactor for reports/reporting improvement,"This task involves updating a new feature related to reports. Expected steps: design, implementation.",2025-08-31 01:24:34,2025-09-25 01:24:34,22.6,21.2,user_13,in_progress,maintenance,high,37.57,"ci,bugfix",22.3,25,1
TASK-2334,Research bug for auth/schema improvement,"This task involves implementing documentation related to auth. Expected steps: design, implementation.",2025-08-26 01:32:36,2025-09-23 01:32:36,32.5,47.0,,blocked,bug,high,38.64,"security,docs,backend",9.3,28,1
TASK-2335,Implement bug for search/login flow feature,"This task involves fixing a bug related to search. Expected steps: investigation, fix, release.",2025-09-02 12:33:39,2025-09-23 12:33:39,39.2,40.9,user_30,open,research,high,41.96,research,44.5,21,1
TASK-2336,Update doc update documentation for API/login flow,"This task involves updating an API change related to API. Expected steps: analysis, design, implementation, testing.",2025-08-31 03:07:51,2025-09-04 03:07:51,1.7,1.5,user_19,in_progress,feature,high,44.85,"perf,bugfix,frontend",35.5,4,1
TASK-2337,Refactor optimization in search/email flow,"This task involves writing a new feature related to search. Expected steps: design, implementation.",2025-09-02 12:06:01,2025-09-03 12:06:01,13.9,11.3,,in_progress,bug,high,45.87,api,49.9,1,1
TASK-2338,Fix optimization in reports/user profile module,"This task involves researching an API change related to reports. Expected steps: analysis, design, implementation, testing.",2025-09-12 06:29:05,2025-09-21 06:29:05,22.8,20.7,user_5,done,research,high,40.76,"frontend,api,db",32.0,9,1
TASK-2339,Fix doc update in payment/user profile module,"This task involves implementing a bug related to payment. Expected steps: write tests, refactor, deploy.",2025-09-12 01:39:43,2025-09-26 01:39:43,4.9,4.3,user_19,open,maintenance,high,30.74,"research,frontend,ci",14.9,14,1
TASK-2340,Write bug for profile/schema,"This task involves updating a new feature related to profile. Expected steps: investigation, fix, release.",2025-08-31 08:45:18,2025-09-03 08:45:18,26.6,28.0,user_20,open,maintenance,high,46.3,perf,29.4,3,1
TASK-2341,Implement optimization for UI/checkout feature,"This task involves writing a bug related to UI. Expected steps: design, implementation.",2025-09-06 04:04:44,2025-10-01 04:04:44,23.4,24.5,user_2,open,documentation,high,35.35,"ci,backend,docs",30.9,25,1
TASK-2342,Implement bug for API/user profile feature,"This task involves implementing documentation related to API. Expected steps: design, implementation.",2025-09-17 21:49:49,2025-10-15 21:49:49,39.9,39.9,user_15,open,research,high,26.98,"perf,db",1.5,28,1
TASK-2343,Update feature documentation for analytics/search ranking,"This task involves implementing documentation related to analytics. Expected steps: analysis, design, implementation, testing.",2025-09-21 06:55:51,2025-10-20 06:55:51,1.2,1.4,user_14,open,research,medium,17.6,"frontend,security",51.2,29,1
TASK-2344,Write feature for payment/user profile,"This task involves updating a new feature related to payment. Expected steps: investigation, fix, release.",2025-08-26 22:51:23,2025-09-07 22:51:23,16.0,21.7,,open,bug,high,43.99,"security,frontend",20.7,12,1
TASK-2345,Refactor doc update in payment/checkout,"This task involves researching documentation related to payment. Expected steps: investigation, fix, release.",2025-09-15 03:33:10,2025-10-05 03:33:10,16.3,20.9,user_20,in_progress,maintenance,high,27.99,"perf,frontend",3.0,20,1
TASK-2346,Fix bug in reports/endpoint module,"This task involves updating documentation related to reports. Expected steps: investigation, fix, release.",2025-09-20 09:10:30,2025-09-24 09:10:30,22.0,12.2,,done,feature,high,37.42,"security,bugfix,ci",4.9,4,1
TASK-2347,Refactor refactor in auth/endpoint,"This task involves researching performance improvement related to auth. Expected steps: design, implementation.",2025-09-16 14:44:13,2025-10-10 14:44:13,29.5,6.9,user_12,done,research,high,30.17,"research,frontend,perf",32.1,24,1
TASK-2348,Fix doc update in UI/search ranking module,"This task involves implementing an API change related to UI. Expected steps: investigation, fix, release.",2025-08-27 07:33:30,2025-09-25 07:33:30,15.9,20.4,user_23,in_progress,feature,high,36.29,"db,bugfix",12.0,29,1
TASK-2349,Implement doc update for reports/user profile feature,"This task involves writing a bug related to reports. Expected steps: analysis, design, implementation, testing.",2025-09-16 11:04:12,2025-10-13 11:04:12,17.8,10.5,user_24,done,research,high,26.47,ci,10.1,27,1
TASK-2350,Update refactor documentation for payment/reporting,"This task involves fixing an API change related to payment. Expected steps: investigation, fix, release.",2025-09-19 13:38:14,2025-09-22 13:38:14,4.6,4.3,user_30,open,maintenance,high,33.81,api,32.2,3,1
TASK-2351,Refactor bug in notifications/ETL,"This task involves writing a new feature related to notifications. Expected steps: write tests, refactor, deploy.",2025-08-31 19:51:54,2025-09-22 19:51:54,5.7,3.7,user_13,open,maintenance,high,35.63,"bugfix,ci,frontend",18.8,22,1
TASK-2352,Refactor optimization in profile/login flow,"This task involves researching documentation related to profile. Expected steps: investigation, fix, release.",2025-09-14 22:24:30,2025-09-24 22:24:30,19.7,9.1,user_26,open,research,high,36.83,"bugfix,docs,backend",26.6,10,1
TASK-2353,Fix bug in database/search ranking module,"This task involves refactoring an API change related to database. Expected steps: investigation, fix, release.",2025-09-15 11:23:15,2025-10-04 11:23:15,11.6,13.5,,in_progress,maintenance,high,32.31,db,10.8,19,1
TASK-2354,Write bug for reports/search ranking,"This task involves writing a new feature related to reports. Expected steps: analysis, design, implementation, testing.",2025-08-28 17:37:56,2025-09-10 17:37:56,3.9,4.8,user_1,open,maintenance,high,41.34,"frontend,docs",54.4,13,1
TASK-2355,Refactor doc update in search/login flow,"This task involves fixing performance improvement related to search. Expected steps: design, implementation.",2025-08-25 20:16:08,2025-09-07 20:16:08,10.3,8.5,user_12,open,research,high,44.5,db,16.0,13,1
TASK-2356,Fix refactor in reports/ETL module,"This task involves fixing a bug related to reports. Expected steps: design, implementation.",2025-09-11 04:44:58,2025-09-30 04:44:58,5.6,1.2,user_26,in_progress,bug,high,28.84,frontend,36.5,19,1
TASK-2357,Write optimization for UI/endpoint,"This task involves writing an API change related to UI. Expected steps: write tests, refactor, deploy.",2025-09-14 11:34:09,2025-09-26 11:34:09,10.0,8.4,user_21,blocked,maintenance,high,31.21,"security,db,frontend",8.0,12,1
TASK-2358,Research doc update for notifications/user profile improvement,"This task involves updating documentation related to notifications. Expected steps: investigation, fix, release.",2025-09-17 22:31:04,2025-10-08 22:31:04,24.0,26.8,user_11,open,research,high,32.11,"research,api",13.5,21,1
TASK-2359,Fix bug in payment/ETL module,"This task involves updating an API change related to payment. Expected steps: analysis, design, implementation, testing.",2025-09-15 03:35:28,2025-10-05 03:35:28,16.2,9.0,user_17,open,documentation,high,31.55,"db,bugfix",52.0,20,1
TASK-2360,Refactor bug in notifications/dashboard,"This task involves researching an API change related to notifications. Expected steps: write tests, refactor, deploy.",2025-08-26 04:02:49,2025-09-18 04:02:49,16.9,17.8,user_26,in_progress,maintenance,high,40.58,"security,db",1.8,23,1
TASK-2361,Fix feature in database/user profile module,"This task involves researching performance improvement related to database. Expected steps: analysis, design, implementation, testing.",2025-08-28 12:44:46,2025-09-09 12:44:46,32.2,32.1,user_17,open,bug,high,45.81,frontend,4.1,12,1
TASK-2362,Implement optimization for payment/search ranking feature,"This task involves fixing documentation related to payment. Expected steps: write tests, refactor, deploy.",2025-08-26 05:13:29,2025-09-12 05:13:29,18.2,21.4,user_5,open,documentation,high,40.02,ci,19.6,17,1
TASK-2363,Research bug for reports/schema improvement,"This task involves updating performance improvement related to reports. Expected steps: investigation, fix, release.",2025-09-15 13:21:07,2025-09-27 13:21:07,9.3,9.6,user_11,in_progress,maintenance,high,33.28,"perf,backend",34.4,12,1
TASK-2364,Update refactor documentation for payment/ETL,"This task involves refactoring performance improvement related to payment. Expected steps: write tests, refactor, deploy.",2025-09-22 12:45:09,2025-10-22 12:45:09,12.7,9.0,user_19,open,documentation,high,20.48,security,14.1,30,1
TASK-2365,Write doc update for reports/user profile,"This task involves updating an API change related to reports. Expected steps: write tests, refactor, deploy.",2025-09-05 11:28:43,2025-09-06 11:28:43,15.6,21.2,user_25,open,feature,high,47.09,"perf,ci,backend",32.5,1,1
TASK-2366,Implement refactor for auth/checkout feature,"This task involves implementing a new feature related to auth. Expected steps: analysis, design, implementation, testing.",2025-09-11 16:51:57,2025-09-25 16:51:57,20.1,19.1,user_28,blocked,research,high,36.51,bugfix,12.6,14,1
TASK-2367,Research bug for database/schema improvement,"This task involves implementing an API change related to database. Expected steps: design, implementation.",2025-09-03 06:19:21,2025-09-28 06:19:21,7.4,7.3,user_26,done,maintenance,high,31.36,"bugfix,research,ci",26.4,25,1
TASK-2368,Implement feature for reports/dashboard feature,"This task involves updating an API change related to reports. Expected steps: investigation, fix, release.",2025-09-13 03:35:43,2025-09-15 03:35:43,6.3,4.5,user_1,in_progress,documentation,high,39.2,backend,25.4,2,1
TASK-2369,Implement refactor for API/dashboard feature,"This task involves writing documentation related to API. Expected steps: design, implementation.",2025-08-30 23:18:29,2025-09-09 23:18:29,20.3,17.6,user_19,in_progress,research,high,41.11,"perf,api,security",51.7,10,1
TASK-2370,Write feature for database/email flow,"This task involves researching a bug related to database. Expected steps: write tests, refactor, deploy.",2025-09-03 07:21:53,2025-09-22 07:21:53,27.9,20.5,user_7,in_progress,feature,high,37.2,db,47.3,19,1
TASK-2371,Implement feature for API/dashboard feature,"This task involves researching a new feature related to API. Expected steps: design, implementation.",2025-09-08 09:09:24,2025-09-23 09:09:24,19.2,18.2,user_3,in_progress,research,high,37.84,db,24.1,15,1
TASK-2372,Write optimization for profile/login flow,"This task involves fixing a new feature related to profile. Expected steps: investigation, fix, release.",2025-08-26 04:03:59,2025-09-08 04:03:59,32.1,48.6,user_11,open,research,high,48.4,research,5.1,13,1
TASK-2373,Fix bug in profile/schema module,"This task involves implementing performance improvement related to profile. Expected steps: investigation, fix, release.",2025-08-25 03:41:21,2025-09-15 03:41:21,34.9,20.5,user_25,open,feature,high,43.62,"bugfix,api",34.2,21,1
TASK-2374,Fix bug in search/dashboard module,"This task involves fixing a new feature related to search. Expected steps: write tests, refactor, deploy.",2025-08-30 07:49:22,2025-09-16 07:49:22,26.8,13.8,user_28,blocked,maintenance,high,43.78,"db,backend",17.0,17,1
TASK-2375,Research refactor for database/email flow improvement,"This task involves researching an API change related to database. Expected steps: design, implementation.",2025-08-27 17:35:53,2025-09-26 17:35:53,9.5,13.7,user_25,in_progress,maintenance,high,34.14,"research,backend,ci",35.9,30,1
TASK-2376,Update bug documentation for analytics/search ranking,"This task involves refactoring an API change related to analytics. Expected steps: investigation, fix, release.",2025-09-18 00:21:07,2025-09-19 00:21:07,34.8,32.6,user_26,in_progress,feature,high,43.58,"research,docs",7.7,1,1
TASK-2377,Update doc update documentation for API/reporting,"This task involves researching a bug related to API. Expected steps: design, implementation.",2025-08-27 14:58:31,2025-09-19 14:58:31,22.4,17.9,user_29,in_progress,bug,high,39.78,api,37.0,23,1
TASK-2378,Refactor doc update in notifications/endpoint,"This task involves fixing a bug related to notifications. Expected steps: analysis, design, implementation, testing.",2025-08-30 01:43:59,2025-09-14 01:43:59,18.0,23.6,user_30,done,feature,high,43.15,"security,research,perf",18.0,15,1
TASK-2379,Update optimization documentation for UI/email flow,"This task involves updating performance improvement related to UI. Expected steps: write tests, refactor, deploy.",2025-08-26 12:36:05,2025-09-12 12:36:05,31.2,25.5,user_30,done,feature,high,44.49,"security,perf,frontend",19.8,17,1
TASK-2380,Refactor optimization in database/checkout,"This task involves refactoring a bug related to database. Expected steps: write tests, refactor, deploy.",2025-09-14 12:35:16,2025-10-08 12:35:16,8.8,13.6,user_19,in_progress,maintenance,high,26.29,"ci,security,research",23.5,24,1
TASK-2381,Update optimization documentation for notifications/ETL,"This task involves updating performance improvement related to notifications. Expected steps: investigation, fix, release.",2025-09-10 14:52:23,2025-10-06 14:52:23,16.1,19.4,,in_progress,bug,high,31.0,"bugfix,docs",23.7,26,1
TASK-2382,Fix bug in auth/ETL module,"This task involves refactoring a new feature related to auth. Expected steps: write tests, refactor, deploy.",2025-08-27 02:36:45,2025-09-09 02:36:45,6.2,5.3,user_11,open,documentation,high,42.4,"security,db,research",19.8,13,1
TASK-2383,Update doc update documentation for analytics/search ranking,"This task involves writing documentation related to analytics. Expected steps: write tests, refactor, deploy.",2025-09-04 03:51:15,2025-09-10 03:51:15,10.9,18.0,user_1,open,maintenance,high,41.8,"security,db",48.5,6,1
TASK-2384,Implement doc update for database/login flow feature,"This task involves fixing performance improvement related to database. Expected steps: write tests, refactor, deploy.",2025-09-04 04:27:20,2025-09-15 04:27:20,5.2,4.3,user_9,done,documentation,high,35.88,"ci,perf,research",0.3,11,1
TASK-2385,Implement optimization for API/ETL feature,"This task involves refactoring performance improvement related to API. Expected steps: analysis, design, implementation, testing.",2025-09-08 23:24:34,2025-09-16 23:24:34,33.6,41.1,user_28,open,bug,high,42.48,db,11.6,8,1
TASK-2386,Refactor feature in database/schema,"This task involves implementing an API change related to database. Expected steps: write tests, refactor, deploy.",2025-08-26 10:07:00,2025-08-28 10:07:00,32.1,35.0,user_2,in_progress,research,high,51.04,"research,backend,docs",16.1,2,1
TASK-2387,Refactor optimization in auth/reporting,"This task involves updating a bug related to auth. Expected steps: write tests, refactor, deploy.",2025-09-11 11:45:31,2025-10-09 11:45:31,33.9,47.1,user_19,done,feature,high,33.48,"bugfix,security",16.1,28,1
TASK-2388,Implement refactor for notifications/search ranking feature,"This task involves writing an API change related to notifications. Expected steps: analysis, design, implementation, testing.",2025-09-02 13:31:14,2025-10-02 13:31:14,2.6,3.8,user_25,blocked,maintenance,high,28.02,"frontend,api,perf",38.4,30,1
TASK-2389,Implement bug for reports/schema feature,"This task involves writing an API change related to reports. Expected steps: analysis, design, implementation, testing.",2025-08-28 19:25:25,2025-09-11 19:25:25,1.0,1.0,user_9,open,bug,high,40.21,api,54.7,14,1
TASK-2390,Refactor refactor in UI/email flow,"This task involves writing an API change related to UI. Expected steps: analysis, design, implementation, testing.",2025-09-07 15:47:27,2025-10-05 15:47:27,13.2,10.2,user_4,in_progress,maintenance,high,29.96,"research,security",26.2,28,1
TASK-2391,Write bug for reports/email flow,"This task involves updating documentation related to reports. Expected steps: analysis, design, implementation, testing.",2025-09-09 00:04:36,2025-09-23 00:04:36,29.8,33.9,,in_progress,feature,high,37.47,"security,bugfix,api",47.2,14,1
TASK-2392,Refactor doc update in search/ETL,"This task involves fixing an API change related to search. Expected steps: write tests, refactor, deploy.",2025-08-29 08:58:20,2025-09-19 08:58:20,30.9,24.6,user_29,in_progress,documentation,high,42.29,"ci,research",9.9,21,1
TASK-2393,Research refactor for profile/schema improvement,"This task involves implementing a bug related to profile. Expected steps: write tests, refactor, deploy.",2025-08-30 08:56:44,2025-08-31 08:56:44,16.0,25.7,user_19,open,bug,high,47.06,"backend,perf,bugfix",17.7,1,1
TASK-2394,Implement doc update for search/email flow feature,"This task involves refactoring documentation related to search. Expected steps: write tests, refactor, deploy.",2025-09-12 06:49:29,2025-10-01 06:49:29,33.6,35.0,,done,feature,high,33.89,"bugfix,docs,perf",7.1,19,1
TASK-2395,Refactor bug in analytics/reporting,"This task involves implementing a new feature related to analytics. Expected steps: design, implementation.",2025-09-07 17:51:59,2025-10-04 17:51:59,23.4,20.8,user_27,blocked,maintenance,high,30.76,"security,perf",3.3,27,1
TASK-2396,Refactor optimization in database/user profile,"This task involves refactoring documentation related to database. Expected steps: investigation, fix, release.",2025-08-26 17:12:01,2025-09-21 17:12:01,18.4,19.4,user_11,open,research,high,35.07,"security,frontend,perf",44.9,26,1
TASK-2397,Research doc update for analytics/checkout improvement,"This task involves refactoring a bug related to analytics. Expected steps: investigation, fix, release.",2025-09-08 10:07:42,2025-09-10 10:07:42,22.8,13.6,user_17,done,maintenance,high,42.4,"docs,security,research",33.0,2,1
TASK-2398,Research refactor for search/endpoint improvement,"This task involves fixing a new feature related to search. Expected steps: analysis, design, implementation, testing.",2025-09-14 03:44:45,2025-09-27 03:44:45,4.1,2.9,user_13,in_progress,feature,high,29.89,"ci,frontend,api",44.3,13,1
TASK-2399,Refactor feature in analytics/checkout,"This task involves refactoring an API change related to analytics. Expected steps: write tests, refactor, deploy.",2025-09-19 00:26:53,2025-10-15 00:26:53,30.7,41.8,user_5,blocked,bug,high,28.88,"frontend,db",23.3,26,1
TASK-2400,Refactor bug in auth/checkout,"This task involves researching an API change related to auth. Expected steps: design, implementation.",2025-08-31 04:22:07,2025-09-25 04:22:07,6.7,5.4,user_13,in_progress,feature,high,31.96,"security,db,research",36.4,25,1
TASK-2401,Research doc update for auth/endpoint improvement,"This task involves fixing performance improvement related to auth. Expected steps: write tests, refactor, deploy.",2025-09-03 10:27:29,2025-09-20 10:27:29,25.0,17.1,,blocked,feature,high,41.98,api,21.3,17,1
TASK-2402,Research optimization for auth/user profile improvement,"This task involves implementing a bug related to auth. Expected steps: design, implementation.",2025-09-18 19:04:11,2025-10-10 19:04:11,36.1,41.9,user_11,open,bug,high,32.13,"perf,frontend",21.4,22,1
TASK-2403,Update optimization documentation for payment/ETL,"This task involves refactoring an API change related to payment. Expected steps: design, implementation.",2025-09-09 02:18:13,2025-10-02 02:18:13,33.1,44.9,user_10,open,research,high,35.31,backend,18.7,23,1
TASK-2404,Write bug for profile/login flow,"This task involves implementing a new feature related to profile. Expected steps: investigation, fix, release.",2025-09-19 02:57:58,2025-09-26 02:57:58,16.6,20.2,,open,maintenance,high,36.42,"ci,backend,frontend",35.0,7,1
TASK-2405,Research optimization for profile/reporting improvement,"This task involves refactoring a bug related to profile. Expected steps: design, implementation.",2025-08-31 13:29:39,2025-09-10 13:29:39,32.4,42.1,user_12,in_progress,documentation,high,44.8,"ci,research",1.5,10,1
TASK-2406,Implement doc update for search/search ranking feature,"This task involves fixing a bug related to search. Expected steps: write tests, refactor, deploy.",2025-08-31 03:16:35,2025-09-05 03:16:35,24.9,19.2,user_25,in_progress,feature,high,48.82,"ci,perf",22.0,5,1
TASK-2407,Update feature documentation for UI/reporting,"This task involves updating performance improvement related to UI. Expected steps: design, implementation.",2025-08-27 17:34:44,2025-09-09 17:34:44,38.5,22.1,user_7,in_progress,feature,high,47.52,api,33.6,13,1
TASK-2408,Update feature documentation for database/dashboard,"This task involves implementing a new feature related to database. Expected steps: investigation, fix, release.",2025-08-27 07:30:21,2025-09-24 07:30:21,39.7,57.6,user_18,open,documentation,high,40.63,"db,ci,frontend",56.8,28,1
TASK-2409,Implement optimization for database/schema feature,"This task involves researching documentation related to database. Expected steps: write tests, refactor, deploy.",2025-08-29 21:34:52,2025-09-02 21:34:52,14.5,13.1,user_12,in_progress,bug,high,48.01,"research,backend",25.5,4,1
TASK-2410,Research bug for auth/email flow improvement,"This task involves implementing a new feature related to auth. Expected steps: analysis, design, implementation, testing.",2025-09-09 00:10:26,2025-09-13 00:10:26,16.8,15.5,user_21,blocked,documentation,high,43.32,docs,47.3,4,1
TASK-2411,Write optimization for database/user profile,"This task involves updating a bug related to database. Expected steps: investigation, fix, release.",2025-09-18 02:49:20,2025-09-25 02:49:20,28.1,39.3,user_10,open,feature,high,38.08,"bugfix,security,db",17.3,7,1
TASK-2412,Update bug documentation for API/endpoint,"This task involves implementing performance improvement related to API. Expected steps: investigation, fix, release.",2025-09-22 16:13:24,2025-10-16 16:13:24,2.2,2.6,user_19,open,feature,high,19.52,db,22.6,24,1
TASK-2413,Research optimization for payment/reporting improvement,"This task involves researching performance improvement related to payment. Expected steps: write tests, refactor, deploy.",2025-09-22 04:12:03,2025-09-23 04:12:03,6.4,7.3,user_13,done,documentation,high,32.65,bugfix,47.6,1,1
TASK-2414,Implement doc update for UI/endpoint feature,"This task involves refactoring an API change related to UI. Expected steps: analysis, design, implementation, testing.",2025-08-26 18:28:27,2025-09-02 18:28:27,29.3,48.3,,in_progress,maintenance,high,48.8,"frontend,backend,perf",51.9,7,1
TASK-2415,Refactor feature in payment/email flow,"This task involves updating documentation related to payment. Expected steps: investigation, fix, release.",2025-09-18 00:37:45,2025-09-22 00:37:45,11.7,9.4,user_6,open,documentation,high,33.65,"db,api",26.1,4,1
TASK-2416,Write bug for UI/search ranking,"This task involves fixing an API change related to UI. Expected steps: write tests, refactor, deploy.",2025-08-31 23:43:37,2025-09-25 23:43:37,6.0,7.7,user_19,in_progress,documentation,high,33.88,"db,api,security",35.0,25,1
TASK-2417,Implement optimization for UI/user profile feature,"This task involves researching documentation related to UI. Expected steps: analysis, design, implementation, testing.",2025-09-02 13:22:53,2025-09-04 13:22:53,2.0,2.0,,done,research,high,42.02,api,20.6,2,1
TASK-2418,Update doc update documentation for API/schema,"This task involves updating documentation related to API. Expected steps: write tests, refactor, deploy.",2025-09-08 00:46:02,2025-09-14 00:46:02,21.8,23.6,user_19,open,maintenance,high,43.14,backend,15.2,6,1
TASK-2419,Write bug for database/search ranking,"This task involves writing performance improvement related to database. Expected steps: investigation, fix, release.",2025-09-11 00:09:15,2025-09-18 00:09:15,6.8,9.9,user_9,in_progress,research,high,36.65,"perf,api,docs",3.8,7,1
TASK-2420,Update bug documentation for auth/schema,"This task involves refactoring documentation related to auth. Expected steps: investigation, fix, release.",2025-08-31 21:56:48,2025-09-16 21:56:48,26.4,30.4,user_17,open,research,high,42.8,"frontend,ci,backend",43.4,16,1
TASK-2421,Refactor bug in profile/endpoint,"This task involves writing a new feature related to profile. Expected steps: analysis, design, implementation, testing.",2025-09-03 08:03:34,2025-09-06 08:03:34,10.8,12.5,user_18,in_progress,bug,high,45.89,perf,47.9,3,1
TASK-2422,Fix bug in analytics/user profile module,"This task involves fixing an API change related to analytics. Expected steps: write tests, refactor, deploy.",2025-09-12 12:35:16,2025-09-23 12:35:16,17.5,23.1,user_25,in_progress,bug,high,36.03,"frontend,bugfix,db",49.3,11,1
TASK-2423,Update bug documentation for API/endpoint,"This task involves writing documentation related to API. Expected steps: design, implementation.",2025-09-14 19:12:43,2025-09-21 19:12:43,1.5,1.3,user_6,open,feature,high,36.09,"api,ci",54.6,7,1
TASK-2424,Fix feature in notifications/dashboard module,"This task involves writing a bug related to notifications. Expected steps: analysis, design, implementation, testing.",2025-09-02 06:38:46,2025-09-07 06:38:46,2.1,1.6,user_2,open,bug,high,40.2,"ci,bugfix,frontend",5.7,5,1
TASK-2425,Research feature for search/endpoint improvement,"This task involves updating an API change related to search. Expected steps: design, implementation.",2025-08-28 11:02:58,2025-09-25 11:02:58,6.3,4.3,user_11,open,research,high,31.41,"bugfix,frontend,api",22.7,28,1
TASK-2426,Update refactor documentation for auth/checkout,"This task involves fixing a bug related to auth. Expected steps: analysis, design, implementation, testing.",2025-09-16 08:14:45,2025-09-25 08:14:45,21.8,8.9,user_19,open,feature,high,37.07,"bugfix,security",22.7,9,1
TASK-2427,Fix feature in API/dashboard module,"This task involves updating an API change related to API. Expected steps: investigation, fix, release.",2025-09-03 15:57:09,2025-10-01 15:57:09,17.1,27.6,user_5,open,feature,high,31.92,"research,perf",25.7,28,1
TASK-2428,Fix refactor in UI/schema module,"This task involves refactoring performance improvement related to UI. Expected steps: write tests, refactor, deploy.",2025-08-30 09:33:45,2025-09-05 09:33:45,30.1,20.1,user_19,done,feature,high,47.71,"perf,docs",16.6,6,1
TASK-2429,Refactor feature in analytics/email flow,"This task involves refactoring performance improvement related to analytics. Expected steps: design, implementation.",2025-09-04 06:50:22,2025-10-01 06:50:22,31.2,29.1,user_6,done,maintenance,high,34.59,"ci,backend",16.1,27,1
TASK-2430,Research feature for UI/email flow improvement,"This task involves updating an API change related to UI. Expected steps: analysis, design, implementation, testing.",2025-09-12 04:28:16,2025-09-26 04:28:16,17.2,15.8,user_16,blocked,documentation,high,33.54,"ci,api",9.6,14,1
TASK-2431,Research optimization for database/search ranking improvement,"This task involves updating documentation related to database. Expected steps: design, implementation.",2025-09-03 17:46:24,2025-09-21 17:46:24,23.6,25.8,user_30,in_progress,research,high,38.48,"docs,bugfix",17.4,18,1
TASK-2432,Update refactor documentation for search/user profile,"This task involves implementing documentation related to search. Expected steps: analysis, design, implementation, testing.",2025-09-03 18:16:15,2025-09-06 18:16:15,7.1,8.8,user_21,in_progress,maintenance,high,44.67,"security,docs,api",16.3,3,1
TASK-2433,Update refactor documentation for database/search ranking,"This task involves writing an API change related to database. Expected steps: write tests, refactor, deploy.",2025-08-31 23:44:24,2025-09-19 23:44:24,2.0,2.5,user_13,in_progress,feature,high,33.88,"ci,docs",37.0,19,1
TASK-2434,Refactor bug in payment/search ranking,"This task involves writing a new feature related to payment. Expected steps: analysis, design, implementation, testing.",2025-08-27 15:27:06,2025-09-25 15:27:06,31.5,26.0,user_23,in_progress,bug,high,36.52,"docs,perf",7.8,29,1
TASK-2435,Fix bug in profile/dashboard module,"This task involves fixing documentation related to profile. Expected steps: write tests, refactor, deploy.",2025-09-18 00:49:14,2025-10-06 00:49:14,36.2,34.4,user_29,open,documentation,high,34.11,bugfix,58.8,18,1
TASK-2436,Write refactor for search/endpoint,"This task involves writing performance improvement related to search. Expected steps: write tests, refactor, deploy.",2025-08-30 02:48:24,2025-09-20 02:48:24,11.8,12.8,user_19,done,feature,high,36.3,"research,api,db",12.3,21,1
TASK-2437,Implement optimization for reports/checkout feature,"This task involves implementing an API change related to reports. Expected steps: investigation, fix, release.",2025-08-24 22:32:17,2025-09-06 22:32:17,33.0,30.5,user_28,in_progress,bug,high,46.01,"db,research",34.0,13,1
TASK-2438,Fix optimization in reports/search ranking module,"This task involves updating a bug related to reports. Expected steps: write tests, refactor, deploy.",2025-09-14 01:21:20,2025-10-02 01:21:20,9.7,14.4,user_20,open,bug,high,32.72,bugfix,21.0,18,1
TASK-2439,Refactor optimization in auth/checkout,"This task involves updating a new feature related to auth. Expected steps: investigation, fix, release.",2025-09-15 12:57:43,2025-09-17 12:57:43,30.7,35.2,user_8,open,documentation,high,40.72,"db,perf,docs",57.4,2,1
TASK-2440,Write doc update for analytics/checkout,"This task involves fixing an API change related to analytics. Expected steps: investigation, fix, release.",2025-08-27 06:10:02,2025-08-29 06:10:02,38.2,46.6,,in_progress,feature,high,50.83,"security,backend",6.2,2,1
TASK-2441,Fix refactor in database/reporting module,"This task involves updating a bug related to database. Expected steps: analysis, design, implementation, testing.",2025-08-26 00:36:40,2025-09-05 00:36:40,26.6,31.9,,done,bug,high,45.57,"db,ci,backend",24.3,10,1
TASK-2442,Refactor refactor in auth/checkout,"This task involves refactoring a bug related to auth. Expected steps: design, implementation.",2025-09-02 08:35:29,2025-09-06 08:35:29,38.2,51.6,user_9,in_progress,documentation,high,48.15,"bugfix,frontend",12.6,4,1
TASK-2443,Implement bug for payment/search ranking feature,"This task involves updating performance improvement related to payment. Expected steps: analysis, design, implementation, testing.",2025-09-08 04:02:42,2025-10-08 04:02:42,24.1,25.4,user_18,open,bug,high,29.44,"backend,ci",47.4,30,1
TASK-2444,Fix bug in API/dashboard module,"This task involves refactoring documentation related to API. Expected steps: analysis, design, implementation, testing.",2025-09-23 11:44:44,2025-10-03 11:44:44,36.3,22.2,user_1,open,research,high,35.54,"backend,research,ci",7.2,10,1
TASK-2445,Refactor doc update in profile/schema,"This task involves implementing performance improvement related to profile. Expected steps: analysis, design, implementation, testing.",2025-09-16 18:38:40,2025-10-06 18:38:40,9.3,10.4,user_28,in_progress,maintenance,high,27.26,"docs,backend",14.3,20,1
TASK-2446,Fix doc update in auth/user profile module,"This task involves refactoring a bug related to auth. Expected steps: write tests, refactor, deploy.",2025-08-28 06:17:22,2025-09-16 06:17:22,40.0,32.2,user_21,open,documentation,high,43.42,backend,42.6,19,1
TASK-2447,Fix doc update in notifications/endpoint module,"This task involves fixing performance improvement related to notifications. Expected steps: write tests, refactor, deploy.",2025-09-22 13:45:06,2025-09-28 13:45:06,16.2,13.6,user_9,blocked,documentation,high,32.08,"bugfix,perf",44.4,6,1
TASK-2448,Fix doc update in auth/dashboard module,"This task involves writing performance improvement related to auth. Expected steps: analysis, design, implementation, testing.",2025-09-21 15:01:05,2025-10-06 15:01:05,23.8,28.0,user_20,open,research,high,32.83,"db,ci",36.3,15,1
TASK-2449,Refactor feature in reports/reporting,"This task involves fixing a bug related to reports. Expected steps: investigation, fix, release.",2025-08-27 18:39:49,2025-09-17 18:39:49,28.3,38.8,user_15,open,maintenance,high,39.7,"security,research",53.2,21,1
TASK-2450,Implement optimization for profile/checkout feature,"This task involves implementing performance improvement related to profile. Expected steps: write tests, refactor, deploy.",2025-08-28 14:19:16,2025-09-18 14:19:16,15.1,15.2,user_9,open,bug,high,38.4,"frontend,backend,research",51.5,21,1
TASK-2451,Update feature documentation for database/checkout,"This task involves fixing performance improvement related to database. Expected steps: write tests, refactor, deploy.",2025-09-19 10:23:32,2025-09-28 10:23:32,2.6,2.8,user_15,blocked,bug,high,32.9,db,24.6,9,1
TASK-2452,Refactor bug in auth/schema,"This task involves researching a new feature related to auth. Expected steps: design, implementation.",2025-08-24 19:55:01,2025-09-07 19:55:01,7.6,11.5,user_4,open,feature,high,40.22,security,8.9,14,1
TASK-2453,Implement doc update for analytics/dashboard feature,"This task involves fixing an API change related to analytics. Expected steps: investigation, fix, release.",2025-09-07 17:31:04,2025-10-05 17:31:04,7.1,7.6,user_20,in_progress,documentation,high,25.58,"backend,frontend",43.6,28,1
TASK-2454,Refactor refactor in database/user profile,"This task involves fixing a new feature related to database. Expected steps: investigation, fix, release.",2025-09-20 07:06:01,2025-09-24 07:06:01,28.5,50.7,,open,bug,high,39.83,"docs,api",58.0,4,1
TASK-2455,Research refactor for UI/dashboard improvement,"This task involves refactoring a new feature related to UI. Expected steps: analysis, design, implementation, testing.",2025-09-17 08:16:49,2025-10-01 08:16:49,12.3,14.4,user_30,in_progress,maintenance,high,31.74,ci,45.6,14,1
TASK-2456,Refactor feature in API/login flow,"This task involves refactoring a bug related to API. Expected steps: analysis, design, implementation, testing.",2025-08-25 07:27:10,2025-09-04 07:27:10,5.0,2.4,user_28,in_progress,documentation,high,42.21,ci,20.0,10,1
TASK-2457,Implement doc update for analytics/checkout feature,"This task involves writing performance improvement related to analytics. Expected steps: write tests, refactor, deploy.",2025-09-17 14:16:19,2025-09-27 14:16:19,29.6,36.3,user_18,open,bug,high,37.63,"security,docs,frontend",23.1,10,1
TASK-2458,Write bug for profile/ETL,"This task involves updating a new feature related to profile. Expected steps: write tests, refactor, deploy.",2025-09-10 08:21:05,2025-10-05 08:21:05,5.5,6.1,user_8,blocked,research,high,29.23,"perf,research,docs",49.3,25,1
TASK-2459,Research bug for reports/reporting improvement,"This task involves writing documentation related to reports. Expected steps: investigation, fix, release.",2025-09-22 07:59:56,2025-10-22 07:59:56,20.2,28.0,user_19,open,bug,high,22.76,"bugfix,frontend",50.0,30,1
TASK-2460,Refactor bug in search/reporting,"This task involves updating documentation related to search. Expected steps: investigation, fix, release.",2025-09-20 09:56:56,2025-10-07 09:56:56,24.7,29.7,user_1,open,bug,high,30.38,"perf,docs",14.0,17,1
TASK-2461,Write bug for notifications/user profile,"This task involves fixing performance improvement related to notifications. Expected steps: investigation, fix, release.",2025-08-28 21:58:35,2025-09-11 21:58:35,4.6,4.4,user_22,in_progress,documentation,high,39.86,"frontend,bugfix,api",13.2,14,1
TASK-2462,Fix feature in analytics/schema module,"This task involves researching performance improvement related to analytics. Expected steps: design, implementation.",2025-09-12 19:16:25,2025-10-10 19:16:25,16.5,10.4,user_15,blocked,maintenance,high,29.1,api,48.2,28,1
TASK-2463,Fix feature in analytics/schema module,"This task involves implementing a new feature related to analytics. Expected steps: investigation, fix, release.",2025-08-29 19:43:33,2025-09-08 19:43:33,21.0,19.7,user_9,open,feature,high,43.24,"api,ci,docs",56.5,10,1
TASK-2464,Research doc update for reports/checkout improvement,"This task involves refactoring documentation related to reports. Expected steps: investigation, fix, release.",2025-09-07 08:30:47,2025-10-05 08:30:47,38.3,28.5,,open,maintenance,high,34.98,"frontend,bugfix",16.7,28,1
TASK-2465,Write feature for profile/login flow,"This task involves implementing a new feature related to profile. Expected steps: design, implementation.",2025-09-12 05:11:12,2025-09-23 05:11:12,27.4,22.6,user_6,done,bug,high,37.59,"bugfix,security,db",13.6,11,1
TASK-2466,Write refactor for auth/dashboard,"This task involves researching performance improvement related to auth. Expected steps: design, implementation.",2025-09-20 17:50:18,2025-10-13 17:50:18,25.1,29.5,user_6,open,documentation,high,29.78,"bugfix,ci,frontend",18.1,23,1
TASK-2467,Research feature for profile/ETL improvement,"This task involves fixing documentation related to profile. Expected steps: design, implementation.",2025-09-11 07:24:44,2025-10-10 07:24:44,16.8,25.2,user_16,done,bug,high,27.34,api,45.1,29,1
TASK-2468,Implement refactor for payment/endpoint feature,"This task involves implementing an API change related to payment. Expected steps: analysis, design, implementation, testing.",2025-09-02 15:51:29,2025-09-27 15:51:29,37.6,42.1,user_6,open,maintenance,high,36.0,"frontend,backend,docs",38.6,25,1
TASK-2469,Implement feature for notifications/reporting feature,"This task involves researching an API change related to notifications. Expected steps: write tests, refactor, deploy.",2025-08-27 03:23:21,2025-08-29 03:23:21,1.1,0.7,user_6,in_progress,documentation,high,45.37,"bugfix,ci",50.5,2,1
TASK-2470,Research bug for database/user profile improvement,"This task involves refactoring documentation related to database. Expected steps: investigation, fix, release.",2025-09-22 16:38:35,2025-10-02 16:38:35,1.1,1.2,user_20,blocked,feature,high,26.85,"api,docs",8.2,10,1
TASK-2471,Implement optimization for payment/search ranking feature,"This task involves researching an API change related to payment. Expected steps: analysis, design, implementation, testing.",2025-09-02 03:28:09,2025-09-15 03:28:09,12.3,16.7,user_27,open,bug,high,40.87,ci,17.7,13,1
TASK-2472,Write bug for API/reporting,"This task involves fixing performance improvement related to API. Expected steps: write tests, refactor, deploy.",2025-09-06 10:27:40,2025-09-20 10:27:40,28.7,23.4,user_12,open,maintenance,high,40.98,"backend,bugfix",1.6,14,1
TASK-2473,Refactor bug in UI/ETL,"This task involves updating documentation related to UI. Expected steps: write tests, refactor, deploy.",2025-09-10 00:31:27,2025-09-24 00:31:27,26.8,25.7,user_20,open,feature,high,36.59,"backend,db,perf",37.6,14,1
TASK-2474,Update optimization documentation for profile/login flow,"This task involves updating performance improvement related to profile. Expected steps: write tests, refactor, deploy.",2025-08-30 17:36:21,2025-09-07 17:36:21,6.3,6.3,user_16,open,documentation,high,42.19,bugfix,22.7,8,1
TASK-2475,Update refactor documentation for analytics/schema,"This task involves writing performance improvement related to analytics. Expected steps: design, implementation.",2025-09-20 22:43:48,2025-09-23 22:43:48,4.2,3.2,user_20,open,bug,high,31.04,"docs,perf,api",46.4,3,1
TASK-2476,Implement refactor for reports/ETL feature,"This task involves updating a new feature related to reports. Expected steps: design, implementation.",2025-09-14 16:33:19,2025-09-17 16:33:19,9.1,10.9,user_12,in_progress,research,high,39.08,"ci,docs",7.6,3,1
TASK-2477,Research bug for analytics/schema improvement,"This task involves researching an API change related to analytics. Expected steps: design, implementation.",2025-09-17 15:24:34,2025-10-03 15:24:34,17.1,16.5,user_29,done,feature,high,33.02,frontend,5.7,16,1
TASK-2478,Write doc update for auth/search ranking,"This task involves implementing performance improvement related to auth. Expected steps: write tests, refactor, deploy.",2025-09-02 09:12:36,2025-09-16 09:12:36,18.4,20.7,user_8,done,documentation,high,38.0,perf,11.0,14,1
TASK-2479,Write feature for notifications/email flow,"This task involves implementing performance improvement related to notifications. Expected steps: investigation, fix, release.",2025-09-13 18:40:08,2025-09-24 18:40:08,37.3,27.4,user_16,done,documentation,high,39.6,"research,db,bugfix",9.9,11,1
TASK-2480,Refactor bug in database/email flow,"This task involves fixing documentation related to database. Expected steps: write tests, refactor, deploy.",2025-09-12 08:42:32,2025-09-23 08:42:32,1.2,1.0,user_5,done,maintenance,high,32.37,"api,backend,bugfix",49.1,11,1
TASK-2481,Fix optimization in search/dashboard module,"This task involves researching performance improvement related to search. Expected steps: design, implementation.",2025-09-11 12:24:24,2025-09-19 12:24:24,29.8,36.3,user_20,in_progress,feature,high,39.75,"bugfix,backend",7.9,8,1
TASK-2482,Fix doc update in database/search ranking module,"This task involves fixing a new feature related to database. Expected steps: design, implementation.",2025-09-17 05:18:40,2025-09-27 05:18:40,35.8,31.8,user_28,in_progress,bug,high,37.09,"perf,ci",51.5,10,1
TASK-2483,Implement refactor for notifications/checkout feature,"This task involves writing a bug related to notifications. Expected steps: write tests, refactor, deploy.",2025-08-25 07:48:40,2025-09-02 07:48:40,26.3,39.9,user_3,open,research,high,49.66,docs,11.6,8,1
TASK-2484,Update refactor documentation for UI/login flow,"This task involves updating documentation related to UI. Expected steps: investigation, fix, release.",2025-08-26 12:28:11,2025-09-25 12:28:11,16.4,14.4,user_24,in_progress,maintenance,high,33.77,"docs,bugfix,db",12.0,30,1
TASK-2485,Fix feature in payment/dashboard module,"This task involves fixing a bug related to payment. Expected steps: investigation, fix, release.",2025-09-08 16:48:03,2025-09-17 16:48:03,5.9,6.3,user_25,done,research,high,35.2,db,50.9,9,1
TASK-2486,Update bug documentation for reports/search ranking,"This task involves refactoring a new feature related to reports. Expected steps: write tests, refactor, deploy.",2025-09-08 13:28:42,2025-10-02 13:28:42,25.9,33.1,user_13,open,documentation,high,34.38,"ci,research",53.4,24,1
TASK-2487,Refactor refactor in UI/login flow,"This task involves writing performance improvement related to UI. Expected steps: investigation, fix, release.",2025-09-10 15:30:50,2025-10-07 15:30:50,3.0,1.7,,open,research,high,25.45,ci,55.8,27,1
TASK-2488,Write bug for auth/login flow,"This task involves fixing documentation related to auth. Expected steps: investigation, fix, release.",2025-09-05 08:15:02,2025-09-21 08:15:02,14.5,6.8,,in_progress,bug,high,37.1,docs,57.1,16,1
TASK-2489,Update bug documentation for analytics/reporting,"This task involves writing documentation related to analytics. Expected steps: analysis, design, implementation, testing.",2025-08-26 10:28:05,2025-08-28 10:28:05,11.6,6.3,user_13,open,research,high,47.52,"docs,api,ci",31.3,2,1
TASK-2490,Update refactor documentation for payment/schema,"This task involves updating a new feature related to payment. Expected steps: write tests, refactor, deploy.",2025-09-02 21:46:45,2025-09-13 21:46:45,14.7,20.3,user_2,in_progress,bug,high,38.46,"security,api",22.9,11,1
TASK-2491,Research optimization for payment/user profile improvement,"This task involves refactoring documentation related to payment. Expected steps: analysis, design, implementation, testing.",2025-08-27 08:02:20,2025-09-26 08:02:20,24.7,20.6,user_15,blocked,bug,high,35.96,"security,ci,docs",29.0,30,1
TASK-2492,Fix bug in search/checkout module,"This task involves writing an API change related to search. Expected steps: write tests, refactor, deploy.",2025-09-06 07:51:30,2025-10-02 07:51:30,21.2,37.5,user_3,in_progress,maintenance,high,34.37,"perf,api",34.7,26,1
TASK-2493,Update feature documentation for analytics/endpoint,"This task involves implementing performance improvement related to analytics. Expected steps: analysis, design, implementation, testing.",2025-09-07 21:26:25,2025-09-09 21:26:25,29.1,24.2,,open,research,high,43.86,research,21.4,2,1
TASK-2494,Refactor doc update in payment/reporting,"This task involves researching documentation related to payment. Expected steps: write tests, refactor, deploy.",2025-09-14 18:23:30,2025-10-02 18:23:30,15.4,16.3,user_8,done,research,high,31.86,"bugfix,research,ci",23.3,18,1
TASK-2495,Update optimization documentation for UI/checkout,"This task involves updating performance improvement related to UI. Expected steps: investigation, fix, release.",2025-09-10 09:14:57,2025-09-13 09:14:57,27.6,40.4,user_9,done,maintenance,high,43.76,"docs,frontend,ci",0.4,3,1
TASK-2496,Refactor feature in notifications/endpoint,"This task involves researching a new feature related to notifications. Expected steps: write tests, refactor, deploy.",2025-09-16 05:12:40,2025-09-30 05:12:40,24.1,38.6,user_8,open,bug,high,35.01,"frontend,bugfix,api",7.5,14,1
TASK-2497,Refactor optimization in notifications/schema,"This task involves fixing a new feature related to notifications. Expected steps: analysis, design, implementation, testing.",2025-09-17 17:05:51,2025-10-02 17:05:51,32.9,53.2,,open,research,high,36.7,frontend,38.3,15,1
TASK-2498,Implement optimization for analytics/dashboard feature,"This task involves researching performance improvement related to analytics. Expected steps: write tests, refactor, deploy.",2025-09-21 04:39:44,2025-10-16 04:39:44,5.5,7.5,,in_progress,feature,high,21.7,"perf,security,db",11.9,25,1
TASK-2499,Refactor optimization in auth/login flow,"This task involves fixing a new feature related to auth. Expected steps: analysis, design, implementation, testing.",2025-08-26 00:57:48,2025-08-31 00:57:48,28.9,37.8,user_7,open,documentation,high,50.22,"frontend,api,perf",50.9,5,1
TASK-2500,Update bug documentation for profile/user profile,"This task involves refactoring performance improvement related to profile. Expected steps: analysis, design, implementation, testing.",2025-09-13 22:25:24,2025-10-02 22:25:24,25.6,30.2,user_12,in_progress,maintenance,high,32.37,"db,perf",24.4,19,1
TASK-2501,Fix optimization in reports/reporting module,"This task involves refactoring a new feature related to reports. Expected steps: design, implementation.",2025-09-02 05:25:09,2025-09-11 05:25:09,1.6,2.0,user_12,open,documentation,high,41.54,"db,api,docs",46.8,9,1
TASK-2502,Refactor feature in API/dashboard,"This task involves fixing an API change related to API. Expected steps: analysis, design, implementation, testing.",2025-09-16 09:44:22,2025-09-24 09:44:22,39.4,32.9,user_15,open,documentation,high,40.27,db,3.0,8,1
TASK-2503,Fix refactor in notifications/user profile module,"This task involves fixing a bug related to notifications. Expected steps: investigation, fix, release.",2025-08-25 17:06:34,2025-09-17 17:06:34,4.8,3.6,user_23,blocked,feature,high,36.06,security,2.0,23,1
TASK-2504,Research refactor for notifications/ETL improvement,"This task involves updating a new feature related to notifications. Expected steps: investigation, fix, release.",2025-09-18 22:32:53,2025-10-18 22:32:53,14.1,14.1,user_18,done,feature,high,21.42,"security,ci",42.8,30,1
TASK-2505,Write refactor for profile/checkout,"This task involves implementing a bug related to profile. Expected steps: investigation, fix, release.",2025-09-10 17:05:42,2025-09-26 17:05:42,23.2,22.0,user_13,open,research,high,37.76,"db,research,docs",48.7,16,1
TASK-2506,Fix optimization in API/checkout module,"This task involves updating a new feature related to API. Expected steps: write tests, refactor, deploy.",2025-09-06 07:07:51,2025-09-11 07:07:51,31.4,27.1,user_13,in_progress,documentation,high,47.07,"bugfix,perf,ci",17.4,5,1
TASK-2507,Fix bug in auth/dashboard module,"This task involves refactoring performance improvement related to auth. Expected steps: analysis, design, implementation, testing.",2025-08-27 04:32:49,2025-09-18 04:32:49,30.1,36.4,user_11,open,bug,high,41.82,"research,docs",49.4,22,1
TASK-2508,Research feature for payment/search ranking improvement,"This task involves updating a bug related to payment. Expected steps: design, implementation.",2025-09-23 05:58:51,2025-10-04 05:58:51,36.0,46.3,user_30,open,research,high,35.76,frontend,5.4,11,1
TASK-2509,Fix refactor in auth/login flow module,"This task involves fixing an API change related to auth. Expected steps: design, implementation.",2025-08-26 13:51:47,2025-09-10 13:51:47,21.3,21.9,user_26,done,research,high,46.1,security,38.6,15,1
TASK-2510,Implement bug for notifications/schema feature,"This task involves writing an API change related to notifications. Expected steps: design, implementation.",2025-09-12 08:21:45,2025-09-14 08:21:45,25.2,36.4,user_30,open,feature,high,43.21,"db,backend",14.5,2,1
TASK-2511,Research refactor for search/dashboard improvement,"This task involves updating a bug related to search. Expected steps: analysis, design, implementation, testing.",2025-08-28 19:24:19,2025-09-02 19:24:19,27.3,17.9,user_3,open,research,high,47.48,"research,perf",50.8,5,1
TASK-2512,Write bug for API/checkout,"This task involves fixing documentation related to API. Expected steps: design, implementation.",2025-09-13 19:53:40,2025-10-07 19:53:40,10.5,9.9,,in_progress,feature,high,28.12,"security,research,bugfix",5.7,24,1
TASK-2513,Refactor feature in payment/schema,"This task involves updating performance improvement related to payment. Expected steps: design, implementation.",2025-09-07 19:54:51,2025-09-21 19:54:51,29.6,23.2,user_1,blocked,bug,high,38.95,"db,perf",41.4,14,1
TASK-2514,Fix optimization in analytics/user profile module,"This task involves researching a new feature related to analytics. Expected steps: design, implementation.",2025-09-05 20:58:03,2025-09-13 20:58:03,17.9,7.9,user_22,in_progress,bug,high,39.02,"db,bugfix,perf",55.5,8,1
TASK-2515,Implement feature for reports/dashboard feature,"This task involves researching performance improvement related to reports. Expected steps: write tests, refactor, deploy.",2025-09-06 21:56:30,2025-10-03 21:56:30,28.0,27.3,user_23,in_progress,maintenance,high,33.82,db,59.4,27,1
TASK-2516,Write refactor for UI/dashboard,"This task involves updating an API change related to UI. Expected steps: analysis, design, implementation, testing.",2025-09-07 12:18:11,2025-09-26 12:18:11,23.8,22.9,user_19,in_progress,feature,high,35.38,"perf,ci,security",9.1,19,1
TASK-2517,Write optimization for reports/user profile,"This task involves writing a bug related to reports. Expected steps: design, implementation.",2025-09-20 23:06:16,2025-10-02 23:06:16,38.4,55.8,user_11,open,bug,high,37.77,"backend,perf",6.6,12,1
TASK-2518,Research refactor for notifications/user profile improvement,"This task involves refactoring a new feature related to notifications. Expected steps: analysis, design, implementation, testing.",2025-09-22 04:48:48,2025-09-27 04:48:48,24.0,28.5,,open,maintenance,high,35.05,security,32.0,5,1
TASK-2519,Fix refactor in payment/schema module,"This task involves researching a bug related to payment. Expected steps: analysis, design, implementation, testing.",2025-09-19 18:57:15,2025-10-01 18:57:15,31.2,21.6,user_20,open,documentation,high,35.21,"bugfix,security,perf",33.7,12,1
TASK-2520,Research bug for notifications/user profile improvement,"This task involves updating a new feature related to notifications. Expected steps: analysis, design, implementation, testing.",2025-09-16 19:36:19,2025-10-05 19:36:19,8.7,13.5,user_24,done,documentation,high,28.91,security,23.5,19,1
TASK-2521,Update doc update documentation for auth/user profile,"This task involves implementing an API change related to auth. Expected steps: analysis, design, implementation, testing.",2025-09-05 15:26:51,2025-09-26 15:26:51,24.4,33.3,user_6,open,feature,high,35.42,backend,38.0,21,1
TASK-2522,Fix bug in search/dashboard module,"This task involves fixing performance improvement related to search. Expected steps: design, implementation.",2025-08-25 04:37:58,2025-08-30 04:37:58,32.7,38.4,user_29,open,maintenance,high,49.73,"ci,perf,api",14.4,5,1
TASK-2523,Update doc update documentation for database/login flow,"This task involves researching a bug related to database. Expected steps: investigation, fix, release.",2025-09-02 18:01:18,2025-09-24 18:01:18,38.5,35.9,user_14,in_progress,maintenance,high,38.48,"db,security,perf",47.3,22,1
TASK-2524,Write doc update for database/schema,"This task involves implementing documentation related to database. Expected steps: investigation, fix, release.",2025-09-15 08:02:45,2025-09-24 08:02:45,15.9,11.3,user_18,done,maintenance,high,34.95,"docs,research,ci",47.2,9,1
TASK-2525,Refactor refactor in API/email flow,"This task involves researching a new feature related to API. Expected steps: write tests, refactor, deploy.",2025-09-18 13:29:50,2025-09-25 13:29:50,17.9,15.9,user_10,in_progress,feature,high,33.85,"perf,ci,api",31.5,7,1
TASK-2526,Fix doc update in analytics/reporting module,"This task involves implementing a new feature related to analytics. Expected steps: write tests, refactor, deploy.",2025-09-16 17:48:50,2025-10-06 17:48:50,22.9,30.4,user_21,open,feature,high,32.44,"db,api,frontend",21.4,20,1
TASK-2527,Update bug documentation for database/email flow,"This task involves writing a bug related to database. Expected steps: design, implementation.",2025-09-09 13:24:57,2025-09-22 13:24:57,19.1,29.9,user_1,open,feature,high,36.22,"docs,frontend,perf",26.8,13,1
TASK-2528,Update refactor documentation for profile/dashboard,"This task involves writing documentation related to profile. Expected steps: investigation, fix, release.",2025-09-13 14:34:28,2025-10-05 14:34:28,1.2,1.8,user_1,open,feature,high,25.92,"backend,api",2.3,22,1
TASK-2529,Implement doc update for auth/schema feature,"This task involves fixing a new feature related to auth. Expected steps: analysis, design, implementation, testing.",2025-09-02 22:45:24,2025-09-13 22:45:24,9.9,8.4,user_30,in_progress,documentation,high,40.84,"docs,ci,perf",37.2,11,1
TASK-2530,Write bug for API/checkout,"This task involves fixing a new feature related to API. Expected steps: design, implementation.",2025-09-13 07:16:41,2025-10-02 07:16:41,2.1,1.4,,open,documentation,high,27.34,"research,bugfix",33.1,19,1
TASK-2531,Update doc update documentation for search/dashboard,"This task involves fixing a bug related to search. Expected steps: investigation, fix, release.",2025-09-08 11:25:22,2025-09-25 11:25:22,8.5,8.9,user_12,open,documentation,high,35.97,"db,frontend",47.9,17,1
TASK-2532,Update feature documentation for payment/reporting,"This task involves writing a bug related to payment. Expected steps: analysis, design, implementation, testing.",2025-09-07 21:32:44,2025-10-06 21:32:44,37.0,17.4,user_12,open,feature,high,34.34,"frontend,db,bugfix",28.4,29,1
TASK-2533,Refactor optimization in payment/search ranking,"This task involves implementing a new feature related to payment. Expected steps: write tests, refactor, deploy.",2025-09-01 02:29:48,2025-09-05 02:29:48,39.9,43.8,user_3,in_progress,maintenance,high,49.35,"bugfix,db",15.4,4,1
TASK-2534,Fix bug in UI/search ranking module,"This task involves refactoring documentation related to UI. Expected steps: analysis, design, implementation, testing.",2025-09-08 22:24:19,2025-10-04 22:24:19,26.5,25.3,user_1,in_progress,bug,high,31.92,backend,36.2,26,1
TASK-2535,Research feature for API/login flow improvement,"This task involves refactoring an API change related to API. Expected steps: investigation, fix, release.",2025-09-22 02:14:17,2025-10-06 02:14:17,30.0,25.8,,open,bug,high,33.56,"ci,security,bugfix",55.1,14,1
TASK-2536,Implement feature for search/user profile feature,"This task involves updating a bug related to search. Expected steps: design, implementation.",2025-09-22 04:00:02,2025-09-29 04:00:02,11.9,6.2,user_25,in_progress,research,high,32.53,research,30.1,7,1
TASK-2537,Fix bug in database/dashboard module,"This task involves implementing documentation related to database. Expected steps: design, implementation.",2025-09-05 14:53:55,2025-09-17 14:53:55,2.8,3.2,user_18,open,feature,high,34.1,"bugfix,perf",21.7,12,1
TASK-2538,Write optimization for profile/search ranking,"This task involves implementing an API change related to profile. Expected steps: analysis, design, implementation, testing.",2025-08-27 21:42:38,2025-09-07 21:42:38,12.4,10.4,user_10,in_progress,feature,high,44.96,"docs,research,ci",26.2,11,1
TASK-2539,Refactor bug in notifications/endpoint,"This task involves fixing a new feature related to notifications. Expected steps: write tests, refactor, deploy.",2025-09-08 02:35:28,2025-09-30 02:35:28,26.1,16.9,user_14,open,research,high,32.79,"perf,bugfix,db",54.2,22,1
TASK-2540,Write feature for payment/user profile,"This task involves implementing an API change related to payment. Expected steps: analysis, design, implementation, testing.",2025-09-18 20:30:05,2025-09-23 20:30:05,27.7,3.8,user_2,in_progress,maintenance,high,36.68,"bugfix,ci,backend",35.6,5,1
TASK-2541,Implement bug for search/reporting feature,"This task involves writing performance improvement related to search. Expected steps: design, implementation.",2025-09-13 23:32:00,2025-09-27 23:32:00,31.3,31.0,user_1,open,research,high,36.83,"perf,frontend",26.5,14,1
TASK-2542,Write refactor for notifications/reporting,"This task involves updating a bug related to notifications. Expected steps: investigation, fix, release.",2025-09-19 12:00:26,2025-09-21 12:00:26,10.9,16.7,user_1,blocked,feature,high,33.71,"db,security,docs",33.6,2,1
TASK-2543,Refactor feature in reports/login flow,"This task involves updating documentation related to reports. Expected steps: investigation, fix, release.",2025-09-20 00:19:33,2025-09-26 00:19:33,24.2,36.3,user_15,blocked,bug,high,35.03,research,0.5,6,1
TASK-2544,Update optimization documentation for API/schema,"This task involves updating performance improvement related to API. Expected steps: investigation, fix, release.",2025-09-02 12:38:15,2025-09-05 12:38:15,21.9,18.9,user_8,blocked,research,high,46.4,backend,53.3,3,1
TASK-2545,Refactor feature in UI/user profile,"This task involves fixing a bug related to UI. Expected steps: investigation, fix, release.",2025-08-27 14:27:36,2025-09-04 14:27:36,12.0,9.8,user_18,open,feature,high,41.91,security,39.5,8,1
TASK-2546,Implement feature for notifications/endpoint feature,"This task involves fixing an API change related to notifications. Expected steps: design, implementation.",2025-09-14 03:40:09,2025-09-17 03:40:09,35.4,40.4,user_17,open,maintenance,high,41.69,docs,32.2,3,1
TASK-2547,Update feature documentation for payment/user profile,"This task involves updating performance improvement related to payment. Expected steps: analysis, design, implementation, testing.",2025-09-07 13:47:03,2025-09-24 13:47:03,24.1,16.9,user_16,in_progress,feature,high,35.05,api,7.8,17,1
TASK-2548,Write optimization for payment/login flow,"This task involves fixing performance improvement related to payment. Expected steps: analysis, design, implementation, testing.",2025-09-06 14:37:57,2025-09-15 14:37:57,22.9,25.0,,open,research,high,42.77,"backend,bugfix",13.0,9,1
TASK-2549,Fix bug in analytics/email flow module,"This task involves fixing an API change related to analytics. Expected steps: analysis, design, implementation, testing.",2025-09-12 06:21:46,2025-10-08 06:21:46,26.1,32.1,user_30,open,research,high,30.58,"db,api,security",23.4,26,1
TASK-2550,Fix optimization in reports/dashboard module,"This task involves researching performance improvement related to reports. Expected steps: analysis, design, implementation, testing.",2025-08-31 16:31:23,2025-09-15 16:31:23,29.6,40.5,user_23,blocked,research,high,42.42,db,14.4,15,1
TASK-2551,Write feature for search/checkout,"This task involves updating performance improvement related to search. Expected steps: write tests, refactor, deploy.",2025-09-21 07:24:26,2025-10-06 07:24:26,22.2,21.5,,open,maintenance,high,29.48,docs,32.7,15,1
TASK-2552,Refactor bug in profile/schema,"This task involves implementing a new feature related to profile. Expected steps: design, implementation.",2025-09-14 05:17:19,2025-10-14 05:17:19,29.0,27.2,,in_progress,bug,high,27.31,"db,bugfix",29.7,30,1
TASK-2553,Implement doc update for API/login flow feature,"This task involves updating a bug related to API. Expected steps: analysis, design, implementation, testing.",2025-09-17 18:21:12,2025-10-01 18:21:12,31.4,23.1,user_6,in_progress,bug,high,34.15,"security,docs",6.8,14,1
TASK-2554,Research feature for analytics/search ranking improvement,"This task involves researching documentation related to analytics. Expected steps: write tests, refactor, deploy.",2025-08-25 09:57:39,2025-09-03 09:57:39,16.1,12.1,user_19,open,research,high,48.23,docs,22.6,9,1
TASK-2555,Refactor bug in API/login flow,"This task involves writing an API change related to API. Expected steps: design, implementation.",2025-09-08 04:35:26,2025-09-28 04:35:26,36.9,34.4,user_24,open,bug,high,39.21,"bugfix,ci,backend",39.7,20,1
TASK-2556,Implement optimization for profile/login flow feature,"This task involves writing an API change related to profile. Expected steps: design, implementation.",2025-09-02 00:04:56,2025-09-04 00:04:56,36.4,40.4,user_24,done,feature,high,50.18,security,27.1,2,1
TASK-2557,Implement doc update for analytics/dashboard feature,"This task involves researching a bug related to analytics. Expected steps: design, implementation.",2025-08-25 05:04:17,2025-09-12 05:04:17,5.5,7.0,user_25,done,maintenance,high,40.36,"api,perf",31.5,18,1
TASK-2558,Update refactor documentation for analytics/schema,"This task involves researching documentation related to analytics. Expected steps: write tests, refactor, deploy.",2025-09-12 07:51:02,2025-09-14 07:51:02,13.3,10.1,,open,maintenance,high,38.28,"security,db",47.4,2,1
TASK-2559,Research bug for notifications/ETL improvement,"This task involves refactoring an API change related to notifications. Expected steps: analysis, design, implementation, testing.",2025-09-23 10:41:45,2025-10-22 10:41:45,38.7,56.0,user_16,open,documentation,high,25.77,backend,59.6,29,1
TASK-2560,Implement refactor for payment/dashboard feature,"This task involves researching documentation related to payment. Expected steps: investigation, fix, release.",2025-09-07 01:22:55,2025-09-13 01:22:55,30.0,27.6,user_4,in_progress,documentation,high,44.54,perf,54.8,6,1
TASK-2561,Refactor refactor in payment/checkout,"This task involves implementing an API change related to payment. Expected steps: analysis, design, implementation, testing.",2025-09-05 08:34:53,2025-09-11 08:34:53,28.2,28.0,user_7,in_progress,bug,high,44.64,"perf,api",11.3,6,1
TASK-2562,Update optimization documentation for UI/checkout,"This task involves implementing a new feature related to UI. Expected steps: write tests, refactor, deploy.",2025-09-21 05:25:55,2025-10-17 05:25:55,33.7,26.1,user_20,done,documentation,high,26.58,frontend,18.6,26,1
TASK-2563,Refactor optimization in auth/endpoint,"This task involves updating a new feature related to auth. Expected steps: investigation, fix, release.",2025-09-16 02:10:36,2025-09-28 02:10:36,21.1,5.8,user_8,open,maintenance,high,36.74,ci,55.0,12,1
TASK-2564,Refactor optimization in payment/dashboard,"This task involves writing a new feature related to payment. Expected steps: design, implementation.",2025-08-28 23:07:38,2025-09-08 23:07:38,31.3,39.6,,open,documentation,high,44.11,"bugfix,api,backend",37.8,11,1
TASK-2565,Write feature for profile/search ranking,"This task involves fixing a new feature related to profile. Expected steps: design, implementation.",2025-09-05 18:33:18,2025-09-07 18:33:18,5.7,7.0,user_8,in_progress,documentation,high,40.93,docs,43.4,2,1
TASK-2566,Refactor feature in database/email flow,"This task involves fixing documentation related to database. Expected steps: write tests, refactor, deploy.",2025-08-31 03:03:34,2025-09-02 03:03:34,24.5,22.4,user_25,blocked,research,high,47.9,"api,frontend,db",41.7,2,1
TASK-2567,Write refactor for notifications/reporting,"This task involves researching a new feature related to notifications. Expected steps: investigation, fix, release.",2025-09-21 00:55:38,2025-09-23 00:55:38,22.9,23.4,user_20,done,bug,high,37.38,"docs,api,backend",25.1,2,1
TASK-2568,Refactor feature in payment/checkout,"This task involves implementing an API change related to payment. Expected steps: write tests, refactor, deploy.",2025-08-30 08:41:10,2025-09-13 08:41:10,18.7,21.6,user_5,open,feature,high,42.77,bugfix,18.3,14,1
TASK-2569,Update doc update documentation for UI/dashboard,"This task involves fixing an API change related to UI. Expected steps: design, implementation.",2025-09-17 22:06:48,2025-09-19 22:06:48,17.1,9.1,,open,feature,high,37.59,"frontend,backend",53.5,2,1
TASK-2570,Fix doc update in database/schema module,"This task involves implementing documentation related to database. Expected steps: investigation, fix, release.",2025-08-29 06:11:03,2025-09-20 06:11:03,2.2,1.9,user_8,blocked,documentation,high,32.48,"research,perf,db",21.1,22,1
TASK-2571,Fix optimization in payment/ETL module,"This task involves updating a bug related to payment. Expected steps: investigation, fix, release.",2025-09-06 02:16:04,2025-09-15 02:16:04,1.3,1.6,user_10,open,maintenance,high,36.52,"security,backend,docs",28.0,9,1
TASK-2572,Write doc update for database/dashboard,"This task involves writing a bug related to database. Expected steps: analysis, design, implementation, testing.",2025-09-08 20:32:18,2025-10-05 20:32:18,8.0,5.0,,in_progress,bug,high,25.74,api,23.0,27,1
TASK-2573,Refactor refactor in database/dashboard,"This task involves refactoring a new feature related to database. Expected steps: analysis, design, implementation, testing.",2025-09-12 14:58:20,2025-09-18 14:58:20,10.4,11.3,user_13,in_progress,maintenance,high,37.58,ci,20.8,6,1
TASK-2574,Implement bug for analytics/search ranking feature,"This task involves refactoring documentation related to analytics. Expected steps: analysis, design, implementation, testing.",2025-09-18 15:23:51,2025-10-09 15:23:51,33.1,19.6,user_7,in_progress,bug,high,32.8,research,7.6,21,1
TASK-2575,Update bug documentation for UI/schema,"This task involves researching performance improvement related to UI. Expected steps: design, implementation.",2025-09-08 23:17:10,2025-09-15 23:17:10,11.5,13.1,user_26,open,research,high,38.99,docs,15.4,7,1
TASK-2576,Research refactor for notifications/checkout improvement,"This task involves researching performance improvement related to notifications. Expected steps: investigation, fix, release.",2025-09-15 13:09:31,2025-10-02 13:09:31,18.0,17.8,user_26,open,documentation,high,30.85,"bugfix,db,ci",33.3,17,1
TASK-2577,Write doc update for auth/user profile,"This task involves implementing documentation related to auth. Expected steps: analysis, design, implementation, testing.",2025-09-10 22:15:07,2025-09-22 22:15:07,7.4,3.8,user_18,in_progress,research,high,36.01,"ci,research",52.7,12,1
TASK-2578,Research refactor for auth/endpoint improvement,"This task involves researching an API change related to auth. Expected steps: write tests, refactor, deploy.",2025-09-02 02:24:01,2025-09-09 02:24:01,13.6,18.4,user_28,in_progress,documentation,high,40.44,"backend,security",31.4,7,1
TASK-2579,Fix refactor in auth/reporting module,"This task involves writing documentation related to auth. Expected steps: design, implementation.",2025-09-10 02:42:43,2025-09-25 02:42:43,9.3,7.3,user_10,in_progress,research,high,34.59,"db,security,ci",25.8,15,1
TASK-2580,Refactor refactor in analytics/reporting,"This task involves writing performance improvement related to analytics. Expected steps: analysis, design, implementation, testing.",2025-09-05 20:32:49,2025-09-09 20:32:49,18.8,14.2,,in_progress,maintenance,high,43.68,research,37.3,4,1
TASK-2581,Fix feature in payment/login flow module,"This task involves refactoring documentation related to payment. Expected steps: write tests, refactor, deploy.",2025-08-27 16:15:37,2025-09-09 16:15:37,19.7,20.9,user_14,in_progress,bug,high,44.2,security,43.7,13,1
TASK-2582,Research optimization for auth/checkout improvement,"This task involves researching documentation related to auth. Expected steps: investigation, fix, release.",2025-09-10 11:42:34,2025-10-04 11:42:34,27.6,37.1,user_23,open,documentation,high,33.57,"db,security,api",1.1,24,1
TASK-2583,Write doc update for notifications/login flow,"This task involves researching performance improvement related to notifications. Expected steps: design, implementation.",2025-09-08 03:11:15,2025-09-18 03:11:15,2.8,1.9,user_24,done,feature,high,37.54,"backend,perf",49.9,10,1
TASK-2584,Refactor doc update in reports/dashboard,"This task involves researching a bug related to reports. Expected steps: investigation, fix, release.",2025-09-22 08:49:22,2025-10-20 08:49:22,6.1,6.2,user_28,in_progress,feature,high,20.91,"perf,db,bugfix",45.3,28,1
TASK-2585,Write optimization for analytics/checkout,"This task involves implementing an API change related to analytics. Expected steps: investigation, fix, release.",2025-09-10 18:54:21,2025-10-05 18:54:21,30.2,34.1,,done,maintenance,high,31.02,"api,docs,frontend",43.2,25,1
TASK-2586,Fix feature in auth/checkout module,"This task involves researching an API change related to auth. Expected steps: write tests, refactor, deploy.",2025-09-11 15:08:47,2025-09-14 15:08:47,38.7,46.7,user_7,open,documentation,high,45.45,"api,bugfix,perf",27.6,3,1
TASK-2587,Refactor bug in search/user profile,"This task involves implementing performance improvement related to search. Expected steps: investigation, fix, release.",2025-09-06 01:08:03,2025-09-08 01:08:03,37.9,39.9,user_7,open,documentation,high,46.64,"research,db,security",44.8,2,1
TASK-2588,Update bug documentation for API/endpoint,"This task involves refactoring a bug related to API. Expected steps: design, implementation.",2025-08-30 11:36:51,2025-09-11 11:36:51,18.2,16.2,user_16,in_progress,bug,high,42.38,backend,53.2,12,1
TASK-2589,Write optimization for database/email flow,"This task involves researching performance improvement related to database. Expected steps: design, implementation.",2025-09-13 20:30:46,2025-10-12 20:30:46,6.3,4.7,user_13,in_progress,documentation,high,25.24,"ci,security,perf",48.8,29,1
TASK-2590,Write refactor for profile/email flow,"This task involves writing documentation related to profile. Expected steps: design, implementation.",2025-09-21 19:51:02,2025-10-18 19:51:02,20.6,21.1,user_19,open,feature,high,23.85,"research,frontend",57.7,27,1
TASK-2591,Implement optimization for profile/search ranking feature,"This task involves researching an API change related to profile. Expected steps: write tests, refactor, deploy.",2025-09-02 00:58:12,2025-09-11 00:58:12,35.0,23.7,user_28,in_progress,maintenance,high,45.27,"ci,perf",21.0,9,1
TASK-2592,Write doc update for payment/checkout,"This task involves researching a new feature related to payment. Expected steps: design, implementation.",2025-08-26 09:07:54,2025-09-14 09:07:54,3.3,0.4,user_23,open,documentation,high,39.35,"api,db",21.4,19,1
TASK-2593,Refactor doc update in UI/endpoint,"This task involves updating documentation related to UI. Expected steps: investigation, fix, release.",2025-08-31 22:10:01,2025-09-26 22:10:01,14.0,15.8,user_12,open,feature,high,35.87,"bugfix,db,security",59.0,26,1
TASK-2594,Update doc update documentation for auth/login flow,"This task involves researching a bug related to auth. Expected steps: analysis, design, implementation, testing.",2025-08-26 16:52:04,2025-09-19 16:52:04,10.6,13.5,user_25,in_progress,maintenance,high,34.51,"ci,security,db",50.0,24,1
TASK-2595,Fix bug in payment/ETL module,"This task involves updating documentation related to payment. Expected steps: design, implementation.",2025-09-16 01:33:28,2025-10-01 01:33:28,31.7,9.2,user_14,open,documentation,high,35.19,"backend,security",38.6,15,1
TASK-2596,Update optimization documentation for search/ETL,"This task involves updating a bug related to search. Expected steps: investigation, fix, release.",2025-09-15 05:09:41,2025-10-09 05:09:41,23.8,16.6,user_21,done,maintenance,high,30.0,ci,0.9,24,1
TASK-2597,Write optimization for UI/email flow,"This task involves writing an API change related to UI. Expected steps: investigation, fix, release.",2025-08-25 02:26:45,2025-09-15 02:26:45,25.1,29.8,user_6,in_progress,feature,high,39.54,ci,42.3,21,1
TASK-2598,Research bug for search/schema improvement,"This task involves writing documentation related to search. Expected steps: write tests, refactor, deploy.",2025-09-14 00:15:43,2025-10-04 00:15:43,21.9,35.4,user_5,open,bug,high,31.15,backend,31.9,20,1
TASK-2599,Research optimization for auth/schema improvement,"This task involves writing performance improvement related to auth. Expected steps: design, implementation.",2025-08-30 23:52:53,2025-09-18 23:52:53,33.7,33.9,user_24,in_progress,documentation,high,40.08,"research,ci",49.7,19,1
TASK-2600,Fix refactor in API/email flow module,"This task involves writing documentation related to API. Expected steps: analysis, design, implementation, testing.",2025-08-25 02:22:55,2025-09-23 02:22:55,30.1,23.5,user_30,in_progress,research,high,38.92,api,59.5,29,1
TASK-2601,Refactor doc update in search/search ranking,"This task involves researching performance improvement related to search. Expected steps: investigation, fix, release.",2025-08-27 11:08:10,2025-08-30 11:08:10,38.8,36.7,,open,feature,high,50.3,"security,api",11.7,3,1
TASK-2602,Research bug for notifications/ETL improvement,"This task involves writing a new feature related to notifications. Expected steps: investigation, fix, release.",2025-09-12 17:30:29,2025-10-05 17:30:29,5.6,7.9,user_11,open,research,high,29.15,ci,31.4,23,1
TASK-2603,Update refactor documentation for payment/dashboard,"This task involves researching documentation related to payment. Expected steps: investigation, fix, release.",2025-09-17 19:52:34,2025-10-14 19:52:34,35.6,28.7,,open,documentation,high,30.41,docs,32.3,27,1
TASK-2604,Fix doc update in reports/endpoint module,"This task involves refactoring an API change related to reports. Expected steps: analysis, design, implementation, testing.",2025-09-10 00:44:03,2025-10-03 00:44:03,30.9,23.5,user_7,done,bug,high,35.78,"docs,research",7.6,23,1
TASK-2605,Refactor feature in UI/schema,"This task involves fixing an API change related to UI. Expected steps: investigation, fix, release.",2025-09-10 19:48:55,2025-10-04 19:48:55,33.8,28.9,,blocked,research,high,34.94,bugfix,3.8,24,1
TASK-2606,Write feature for UI/user profile,"This task involves writing a bug related to UI. Expected steps: analysis, design, implementation, testing.",2025-09-02 11:17:16,2025-09-15 11:17:16,4.4,3.1,user_11,done,documentation,high,37.19,backend,19.2,13,1
TASK-2607,Fix doc update in API/login flow module,"This task involves writing a bug related to API. Expected steps: write tests, refactor, deploy.",2025-09-06 19:51:08,2025-09-09 19:51:08,27.2,28.2,user_2,in_progress,maintenance,high,44.24,"research,api,security",27.4,3,1
TASK-2608,Update doc update documentation for search/endpoint,"This task involves writing documentation related to search. Expected steps: analysis, design, implementation, testing.",2025-09-17 02:11:20,2025-10-11 02:11:20,39.0,58.0,user_4,open,research,high,33.59,"research,api,bugfix",3.3,24,1
TASK-2609,Write bug for payment/reporting,"This task involves fixing performance improvement related to payment. Expected steps: analysis, design, implementation, testing.",2025-09-21 03:07:28,2025-10-15 03:07:28,15.9,17.4,user_23,in_progress,bug,high,22.97,"security,bugfix,ci",39.8,24,1
TASK-2610,Implement refactor for payment/search ranking feature,"This task involves implementing performance improvement related to payment. Expected steps: design, implementation.",2025-08-29 03:46:04,2025-09-01 03:46:04,25.7,23.8,user_30,in_progress,feature,high,49.89,"ci,db",57.3,3,1
TASK-2611,Fix doc update in analytics/endpoint module,"This task involves researching an API change related to analytics. Expected steps: analysis, design, implementation, testing.",2025-09-15 23:18:40,2025-09-16 23:18:40,14.5,13.2,user_22,blocked,documentation,high,38.86,security,37.6,1,1
TASK-2612,Fix feature in API/dashboard module,"This task involves fixing a bug related to API. Expected steps: write tests, refactor, deploy.",2025-09-20 23:37:59,2025-09-29 23:37:59,22.8,12.1,user_24,open,feature,high,34.34,bugfix,36.6,9,1
TASK-2613,Fix feature in database/email flow module,"This task involves updating a bug related to database. Expected steps: investigation, fix, release.",2025-09-13 21:43:45,2025-09-30 21:43:45,35.5,44.9,user_1,in_progress,feature,high,38.17,"db,frontend,ci",2.6,17,1
TASK-2614,Refactor feature in auth/dashboard,"This task involves writing a bug related to auth. Expected steps: write tests, refactor, deploy.",2025-09-17 02:15:14,2025-10-15 02:15:14,12.7,12.4,user_15,done,maintenance,high,25.5,"api,frontend,security",15.4,28,1
TASK-2615,Fix refactor in analytics/reporting module,"This task involves writing performance improvement related to analytics. Expected steps: write tests, refactor, deploy.",2025-09-22 11:40:54,2025-10-01 11:40:54,9.0,8.5,user_13,open,documentation,high,30.46,docs,30.9,9,1
TASK-2616,Research refactor for analytics/ETL improvement,"This task involves researching performance improvement related to analytics. Expected steps: investigation, fix, release.",2025-09-06 08:46:34,2025-10-06 08:46:34,39.1,76.6,user_8,open,maintenance,high,35.12,db,38.8,30,1
TASK-2617,Implement bug for reports/login flow feature,"This task involves fixing a new feature related to reports. Expected steps: write tests, refactor, deploy.",2025-08-24 20:56:05,2025-09-02 20:56:05,19.8,21.6,user_22,blocked,bug,high,48.23,"frontend,docs,ci",12.4,9,1
TASK-2618,Fix refactor in database/ETL module,"This task involves writing a new feature related to database. Expected steps: design, implementation.",2025-09-22 02:53:56,2025-10-11 02:53:56,12.3,9.5,user_23,blocked,documentation,high,26.26,"frontend,api,docs",18.5,19,1
TASK-2619,Implement refactor for analytics/endpoint feature,"This task involves writing a bug related to analytics. Expected steps: write tests, refactor, deploy.",2025-09-07 19:48:52,2025-09-28 19:48:52,3.2,2.8,user_24,open,maintenance,high,30.61,"research,security,db",48.9,21,1
TASK-2620,Refactor optimization in search/email flow,"This task involves updating a new feature related to search. Expected steps: design, implementation.",2025-09-04 15:00:38,2025-09-26 15:00:38,37.6,50.6,user_6,done,feature,high,38.65,security,54.1,22,1
TASK-2621,Fix feature in analytics/endpoint module,"This task involves implementing documentation related to analytics. Expected steps: design, implementation.",2025-08-25 20:24:58,2025-09-23 20:24:58,20.9,21.6,user_18,in_progress,maintenance,high,36.6,"perf,security",1.1,29,1
TASK-2622,Research refactor for database/email flow improvement,"This task involves implementing performance improvement related to database. Expected steps: investigation, fix, release.",2025-09-15 14:53:41,2025-10-04 14:53:41,13.7,7.8,user_11,open,feature,high,29.03,backend,56.3,19,1
TASK-2623,Write refactor for notifications/email flow,"This task involves updating a new feature related to notifications. Expected steps: write tests, refactor, deploy.",2025-09-01 20:02:05,2025-09-24 20:02:05,18.8,24.0,user_22,open,documentation,high,38.11,"bugfix,db",26.6,23,1
TASK-2624,Fix refactor in payment/reporting module,"This task involves researching performance improvement related to payment. Expected steps: investigation, fix, release.",2025-09-03 15:18:43,2025-09-12 15:18:43,24.9,19.9,user_11,open,documentation,high,44.37,"research,backend",36.7,9,1
TASK-2625,Research optimization for analytics/reporting improvement,"This task involves implementing a bug related to analytics. Expected steps: analysis, design, implementation, testing.",2025-09-10 13:41:20,2025-09-17 13:41:20,14.7,23.0,user_6,open,bug,high,38.42,frontend,5.2,7,1
TASK-2626,Update optimization documentation for notifications/reporting,"This task involves updating a new feature related to notifications. Expected steps: design, implementation.",2025-09-21 06:10:55,2025-09-26 06:10:55,5.9,7.8,user_18,blocked,feature,high,31.71,"ci,bugfix,perf",22.9,5,1
TASK-2627,Refactor refactor in auth/reporting,"This task involves writing performance improvement related to auth. Expected steps: analysis, design, implementation, testing.",2025-09-22 05:54:29,2025-10-18 05:54:29,25.7,22.3,user_2,open,feature,high,24.12,"security,frontend",4.3,26,1
TASK-2628,Write feature for API/user profile,"This task involves writing an API change related to API. Expected steps: write tests, refactor, deploy.",2025-09-05 14:32:38,2025-09-29 14:32:38,20.0,27.7,,open,documentation,high,33.08,api,14.7,24,1
TASK-2629,Implement refactor for search/login flow feature,"This task involves researching performance improvement related to search. Expected steps: investigation, fix, release.",2025-09-21 12:58:18,2025-10-18 12:58:18,39.6,40.4,user_5,in_progress,bug,high,29.07,"docs,db,research",37.4,27,1
TASK-2630,Fix feature in payment/reporting module,"This task involves updating an API change related to payment. Expected steps: investigation, fix, release.",2025-09-05 20:40:49,2025-09-29 20:40:49,25.4,31.9,user_26,in_progress,bug,high,32.93,api,58.2,24,1
TASK-2631,Update feature documentation for API/ETL,"This task involves fixing performance improvement related to API. Expected steps: write tests, refactor, deploy.",2025-09-03 19:18:00,2025-09-14 19:18:00,22.4,25.7,user_6,open,maintenance,high,40.28,"api,db,perf",38.5,11,1
TASK-2632,Write bug for database/search ranking,"This task involves researching an API change related to database. Expected steps: analysis, design, implementation, testing.",2025-09-18 12:49:26,2025-10-15 12:49:26,14.4,10.7,user_29,in_progress,research,high,27.07,"security,backend,perf",29.0,27,1
TASK-2633,Write refactor for payment/dashboard,"This task involves updating documentation related to payment. Expected steps: investigation, fix, release.",2025-08-27 11:28:16,2025-09-06 11:28:16,24.6,19.9,user_7,in_progress,maintenance,high,48.51,"security,bugfix,docs",31.0,10,1
TASK-2634,Update optimization documentation for notifications/reporting,"This task involves writing performance improvement related to notifications. Expected steps: write tests, refactor, deploy.",2025-09-06 15:06:57,2025-09-19 15:06:57,31.4,41.1,user_2,in_progress,documentation,high,39.91,"ci,research,docs",38.3,13,1
TASK-2635,Write refactor for API/search ranking,"This task involves researching performance improvement related to API. Expected steps: analysis, design, implementation, testing.",2025-09-03 16:29:35,2025-09-17 16:29:35,32.2,29.0,user_5,in_progress,research,high,40.77,"frontend,perf,db",56.8,14,1
TASK-2636,Update bug documentation for API/schema,"This task involves writing a new feature related to API. Expected steps: investigation, fix, release.",2025-09-11 09:51:43,2025-09-26 09:51:43,5.9,5.2,user_2,open,documentation,high,33.4,"perf,docs",46.0,15,1
TASK-2637,Refactor bug in database/endpoint,"This task involves updating documentation related to database. Expected steps: write tests, refactor, deploy.",2025-08-28 14:28:53,2025-09-09 14:28:53,37.8,27.0,user_17,open,documentation,high,45.08,"research,perf",18.5,12,1
TASK-2638,Research doc update for analytics/email flow improvement,"This task involves researching a new feature related to analytics. Expected steps: investigation, fix, release.",2025-08-29 03:33:16,2025-09-26 03:33:16,6.6,7.4,user_12,open,bug,high,34.49,"ci,api,perf",44.8,28,1
TASK-2639,Write refactor for profile/email flow,"This task involves fixing performance improvement related to profile. Expected steps: write tests, refactor, deploy.",2025-08-25 22:16:17,2025-09-20 22:16:17,36.0,58.3,user_30,open,bug,high,42.58,"bugfix,docs",12.8,26,1
TASK-2640,Update bug documentation for database/user profile,"This task involves writing a bug related to database. Expected steps: write tests, refactor, deploy.",2025-08-27 15:38:09,2025-09-09 15:38:09,32.5,22.1,,in_progress,bug,high,44.77,"ci,perf",43.2,13,1
TASK-2641,Update bug documentation for API/schema,"This task involves refactoring documentation related to API. Expected steps: investigation, fix, release.",2025-09-10 18:08:22,2025-09-12 18:08:22,21.2,21.4,user_10,open,maintenance,high,39.93,"frontend,docs",36.5,2,1
TASK-2642,Research bug for payment/login flow improvement,"This task involves researching documentation related to payment. Expected steps: analysis, design, implementation, testing.",2025-09-13 08:53:09,2025-09-15 08:53:09,30.6,43.6,user_2,done,maintenance,high,43.48,"research,frontend,perf",32.6,2,1
TASK-2643,Update refactor documentation for reports/dashboard,"This task involves writing documentation related to reports. Expected steps: analysis, design, implementation, testing.",2025-09-05 12:49:57,2025-09-28 12:49:57,7.1,6.9,user_12,in_progress,feature,high,32.74,"db,perf,ci",40.6,23,1
TASK-2644,Write optimization for API/search ranking,"This task involves implementing documentation related to API. Expected steps: investigation, fix, release.",2025-09-14 16:41:37,2025-10-04 16:41:37,16.9,19.2,user_15,open,research,high,30.57,"backend,docs",13.8,20,1
TASK-2645,Write refactor for payment/endpoint,"This task involves fixing a bug related to payment. Expected steps: investigation, fix, release.",2025-08-30 06:51:06,2025-09-19 06:51:06,19.3,13.1,,open,documentation,high,41.24,db,24.3,20,1
TASK-2646,Update optimization documentation for API/email flow,"This task involves updating an API change related to API. Expected steps: write tests, refactor, deploy.",2025-09-06 20:20:26,2025-10-03 20:20:26,35.5,40.1,,open,bug,high,33.08,"frontend,ci,perf",40.4,27,1
TASK-2647,Implement doc update for notifications/search ranking feature,"This task involves refactoring a new feature related to notifications. Expected steps: write tests, refactor, deploy.",2025-09-18 07:54:29,2025-10-05 07:54:29,7.8,7.4,user_6,done,maintenance,high,27.25,"perf,research,backend",8.5,17,1
TASK-2648,Refactor optimization in analytics/search ranking,"This task involves refactoring a bug related to analytics. Expected steps: analysis, design, implementation, testing.",2025-09-17 21:44:45,2025-10-09 21:44:45,6.0,7.8,user_26,open,documentation,high,26.33,api,52.0,22,1
TASK-2649,Research refactor for payment/checkout improvement,"This task involves researching an API change related to payment. Expected steps: design, implementation.",2025-09-18 21:15:24,2025-10-14 21:15:24,25.1,34.0,user_25,blocked,maintenance,high,29.34,"research,db,api",42.0,26,1
TASK-2650,Implement doc update for notifications/email flow feature,"This task involves writing a bug related to notifications. Expected steps: analysis, design, implementation, testing.",2025-09-09 05:19:23,2025-10-05 05:19:23,31.1,55.3,user_28,blocked,documentation,high,31.15,"perf,docs",30.7,26,1
TASK-2651,Fix bug in notifications/dashboard module,"This task involves implementing an API change related to notifications. Expected steps: analysis, design, implementation, testing.",2025-09-14 07:10:46,2025-09-21 07:10:46,18.3,21.5,,in_progress,documentation,high,39.06,"research,perf,backend",15.6,7,1
TASK-2652,Update bug documentation for UI/dashboard,"This task involves fixing documentation related to UI. Expected steps: design, implementation.",2025-08-30 13:09:44,2025-09-10 13:09:44,11.4,12.5,user_4,open,maintenance,high,40.12,db,0.7,11,1
TASK-2653,Fix optimization in analytics/user profile module,"This task involves writing performance improvement related to analytics. Expected steps: write tests, refactor, deploy.",2025-08-25 23:38:18,2025-09-13 23:38:18,1.4,1.5,user_22,in_progress,bug,high,40.14,perf,22.6,19,1
TASK-2654,Update bug documentation for reports/email flow,"This task involves researching performance improvement related to reports. Expected steps: write tests, refactor, deploy.",2025-09-14 06:28:41,2025-09-17 06:28:41,25.8,23.1,user_4,in_progress,bug,high,40.07,"security,db,frontend",39.4,3,1
TASK-2655,Fix refactor in analytics/search ranking module,"This task involves implementing a bug related to analytics. Expected steps: design, implementation.",2025-09-20 04:19:19,2025-10-12 04:19:19,7.3,8.0,user_21,open,maintenance,high,23.74,"perf,research",6.6,22,1
TASK-2656,Refactor bug in payment/search ranking,"This task involves writing a new feature related to payment. Expected steps: analysis, design, implementation, testing.",2025-09-05 04:56:17,2025-10-05 04:56:17,10.8,9.8,user_2,done,maintenance,high,29.89,research,7.8,30,1
TASK-2657,Update optimization documentation for payment/reporting,"This task involves updating a bug related to payment. Expected steps: analysis, design, implementation, testing.",2025-09-10 04:01:53,2025-10-04 04:01:53,34.7,36.5,user_4,open,research,high,32.65,"perf,frontend",27.7,24,1
TASK-2658,Implement feature for payment/email flow feature,"This task involves fixing an API change related to payment. Expected steps: design, implementation.",2025-09-12 17:27:04,2025-09-25 17:27:04,29.4,41.0,user_11,done,maintenance,high,38.86,bugfix,6.8,13,1
TASK-2659,Refactor refactor in auth/ETL,"This task involves researching documentation related to auth. Expected steps: investigation, fix, release.",2025-09-09 00:44:05,2025-09-14 00:44:05,34.7,24.2,,open,documentation,high,44.67,"research,docs,backend",0.3,5,1
TASK-2660,Write doc update for profile/endpoint,"This task involves fixing performance improvement related to profile. Expected steps: investigation, fix, release.",2025-09-03 17:46:45,2025-09-12 17:46:45,15.7,21.1,user_23,in_progress,bug,high,38.77,backend,18.3,9,1
TASK-2661,Fix feature in UI/ETL module,"This task involves implementing a bug related to UI. Expected steps: investigation, fix, release.",2025-09-04 15:04:14,2025-09-25 15:04:14,23.7,33.1,user_19,open,feature,high,35.43,"perf,backend,ci",55.7,21,1
TASK-2662,Fix feature in profile/login flow module,"This task involves fixing documentation related to profile. Expected steps: write tests, refactor, deploy.",2025-09-08 14:35:44,2025-10-08 14:35:44,3.2,3.1,user_3,open,maintenance,high,23.16,db,15.2,30,1
TASK-2663,Implement doc update for analytics/reporting feature,"This task involves implementing a new feature related to analytics. Expected steps: write tests, refactor, deploy.",2025-09-05 03:42:01,2025-09-14 03:42:01,5.5,2.0,user_25,blocked,maintenance,high,38.42,"db,frontend,security",23.3,9,1
TASK-2664,Implement refactor for database/email flow feature,"This task involves updating performance improvement related to database. Expected steps: design, implementation.",2025-09-18 21:09:12,2025-10-09 21:09:12,30.7,25.1,user_2,open,feature,high,29.46,"perf,api",54.7,21,1
TASK-2665,Research bug for database/email flow improvement,"This task involves fixing documentation related to database. Expected steps: investigation, fix, release.",2025-09-20 12:08:20,2025-10-18 12:08:20,2.7,3.8,user_28,done,feature,high,22.76,"backend,api,db",1.2,28,1
TASK-2666,Write optimization for database/dashboard,"This task involves fixing performance improvement related to database. Expected steps: investigation, fix, release.",2025-09-18 03:03:35,2025-10-11 03:03:35,35.7,35.5,user_14,blocked,bug,high,29.18,"ci,perf",23.5,23,1
TASK-2667,Research doc update for notifications/schema improvement,"This task involves researching documentation related to notifications. Expected steps: write tests, refactor, deploy.",2025-08-29 02:15:54,2025-09-17 02:15:54,31.8,22.3,user_13,in_progress,feature,high,41.34,"research,frontend",45.5,19,1
TASK-2668,Refactor refactor in auth/reporting,"This task involves writing performance improvement related to auth. Expected steps: investigation, fix, release.",2025-09-15 20:21:01,2025-09-16 20:21:01,33.9,28.8,user_19,in_progress,feature,high,44.89,"db,backend,docs",31.2,1,1
TASK-2669,Research bug for analytics/user profile improvement,"This task involves refactoring performance improvement related to analytics. Expected steps: write tests, refactor, deploy.",2025-09-20 07:26:03,2025-10-05 07:26:03,24.2,30.3,user_25,in_progress,research,high,32.17,"bugfix,db",13.4,15,1
TASK-2670,Research optimization for reports/dashboard improvement,"This task involves fixing a bug related to reports. Expected steps: analysis, design, implementation, testing.",2025-09-21 23:44:28,2025-10-16 23:44:28,10.3,12.0,user_5,in_progress,maintenance,high,21.42,"frontend,db,bugfix",17.2,25,1
TASK-2671,Implement feature for API/endpoint feature,"This task involves fixing a new feature related to API. Expected steps: design, implementation.",2025-09-12 02:27:03,2025-10-12 02:27:03,10.0,9.3,user_1,blocked,bug,high,27.17,"ci,research",42.5,30,1
TASK-2672,Update refactor documentation for auth/search ranking,"This task involves writing a new feature related to auth. Expected steps: design, implementation.",2025-09-03 19:54:15,2025-09-21 19:54:15,35.3,31.4,user_5,in_progress,bug,high,38.74,"docs,perf",42.9,18,1
TASK-2673,Fix doc update in auth/search ranking module,"This task involves writing an API change related to auth. Expected steps: investigation, fix, release.",2025-09-02 05:12:02,2025-09-18 05:12:02,31.4,27.7,user_4,open,research,high,42.44,"frontend,research,bugfix",21.7,16,1
TASK-2674,Write bug for UI/ETL,"This task involves writing a new feature related to UI. Expected steps: write tests, refactor, deploy.",2025-09-05 21:42:33,2025-09-15 21:42:33,38.9,28.1,user_26,open,research,high,46.08,"security,ci",38.3,10,1
TASK-2675,Research bug for analytics/search ranking improvement,"This task involves updating a new feature related to analytics. Expected steps: analysis, design, implementation, testing.",2025-08-31 11:01:14,2025-09-19 11:01:14,38.1,56.6,user_8,done,maintenance,high,40.29,ci,58.1,19,1
TASK-2676,Write optimization for analytics/search ranking,"This task involves implementing an API change related to analytics. Expected steps: design, implementation.",2025-09-09 19:07:41,2025-09-25 19:07:41,23.1,20.9,user_6,done,research,high,36.11,"backend,research,bugfix",48.3,16,1
TASK-2677,Refactor feature in notifications/search ranking,"This task involves refactoring a bug related to notifications. Expected steps: write tests, refactor, deploy.",2025-09-21 01:40:52,2025-10-10 01:40:52,16.3,22.3,user_14,open,feature,high,29.06,"security,ci,frontend",28.3,19,1
TASK-2678,Fix bug in notifications/checkout module,"This task involves implementing an API change related to notifications. Expected steps: write tests, refactor, deploy.",2025-09-02 23:09:55,2025-09-24 23:09:55,4.1,6.0,,open,feature,high,33.97,"frontend,backend,perf",21.7,22,1
TASK-2679,Write optimization for database/checkout,"This task involves writing an API change related to database. Expected steps: write tests, refactor, deploy.",2025-09-12 04:25:03,2025-10-04 04:25:03,34.7,45.1,user_28,done,maintenance,high,34.02,"api,frontend",46.8,22,1
TASK-2680,Write refactor for UI/search ranking,"This task involves researching documentation related to UI. Expected steps: investigation, fix, release.",2025-08-29 17:21:02,2025-08-31 17:21:02,10.0,8.7,user_2,in_progress,documentation,high,44.96,"docs,ci,frontend",34.4,2,1
TASK-2681,Write feature for analytics/user profile,"This task involves implementing an API change related to analytics. Expected steps: design, implementation.",2025-09-05 12:51:10,2025-09-28 12:51:10,26.1,29.3,user_26,open,documentation,high,34.9,"bugfix,docs,ci",24.1,23,1
TASK-2682,Fix doc update in database/ETL module,"This task involves refactoring a bug related to database. Expected steps: write tests, refactor, deploy.",2025-08-24 19:23:02,2025-09-05 19:23:02,2.7,2.7,user_14,in_progress,maintenance,high,42.89,ci,7.7,12,1
TASK-2683,Fix bug in reports/dashboard module,"This task involves fixing an API change related to reports. Expected steps: design, implementation.",2025-09-10 02:09:27,2025-10-04 02:09:27,14.8,10.8,user_23,open,research,high,30.21,research,34.5,24,1
TASK-2684,Implement doc update for profile/reporting feature,"This task involves refactoring a new feature related to profile. Expected steps: analysis, design, implementation, testing.",2025-09-03 21:48:38,2025-09-24 21:48:38,36.4,39.9,,blocked,bug,high,38.93,ci,38.8,21,1
TASK-2685,Fix feature in database/reporting module,"This task involves fixing performance improvement related to database. Expected steps: investigation, fix, release.",2025-09-18 12:19:12,2025-10-03 12:19:12,12.8,8.3,,done,documentation,high,32.63,"security,perf",49.6,15,1
TASK-2686,Refactor optimization in search/dashboard,"This task involves implementing documentation related to search. Expected steps: analysis, design, implementation, testing.",2025-09-09 02:42:07,2025-09-27 02:42:07,10.3,14.0,user_10,in_progress,maintenance,high,34.2,db,42.5,18,1
TASK-2687,Research doc update for profile/dashboard improvement,"This task involves writing a new feature related to profile. Expected steps: investigation, fix, release.",2025-08-30 12:36:20,2025-09-28 12:36:20,14.4,12.4,user_29,in_progress,maintenance,high,31.7,"api,perf",6.6,29,1
TASK-2688,Research refactor for database/endpoint improvement,"This task involves updating a bug related to database. Expected steps: design, implementation.",2025-09-12 00:00:12,2025-10-01 00:00:12,2.8,3.0,user_9,done,bug,high,30.26,research,28.3,19,1
TASK-2689,Research bug for auth/login flow improvement,"This task involves refactoring documentation related to auth. Expected steps: analysis, design, implementation, testing.",2025-09-11 15:22:51,2025-09-25 15:22:51,28.3,30.7,user_16,in_progress,documentation,high,39.05,"db,bugfix",7.6,14,1
TASK-2690,Write bug for reports/dashboard,"This task involves implementing performance improvement related to reports. Expected steps: design, implementation.",2025-08-26 04:33:51,2025-09-20 04:33:51,4.3,4.0,,done,bug,high,37.42,"api,bugfix,perf",14.5,25,1
TASK-2691,Update feature documentation for payment/user profile,"This task involves implementing performance improvement related to payment. Expected steps: investigation, fix, release.",2025-09-20 22:36:22,2025-09-29 22:36:22,20.2,23.8,,in_progress,bug,high,35.43,"backend,security,research",7.6,9,1
TASK-2692,Refactor doc update in API/endpoint,"This task involves refactoring an API change related to API. Expected steps: investigation, fix, release.",2025-09-07 01:11:51,2025-09-17 01:11:51,7.4,6.3,user_21,open,documentation,high,38.06,"db,perf,security",47.8,10,1
TASK-2693,Fix refactor in notifications/endpoint module,"This task involves fixing a new feature related to notifications. Expected steps: design, implementation.",2025-09-06 12:53:10,2025-10-06 12:53:10,7.4,9.3,user_24,blocked,maintenance,high,27.1,docs,8.6,30,1
TASK-2694,Refactor bug in auth/reporting,"This task involves updating a bug related to auth. Expected steps: write tests, refactor, deploy.",2025-09-02 14:48:34,2025-09-17 14:48:34,16.9,10.1,,in_progress,documentation,high,37.11,"perf,docs,api",19.1,15,1
TASK-2695,Update feature documentation for auth/schema,"This task involves updating a new feature related to auth. Expected steps: analysis, design, implementation, testing.",2025-09-05 14:45:54,2025-09-21 14:45:54,24.3,25.2,user_24,open,maintenance,high,38.07,"research,docs",37.3,16,1
TASK-2696,Write optimization for API/reporting,"This task involves refactoring a bug related to API. Expected steps: investigation, fix, release.",2025-09-03 04:22:55,2025-09-10 04:22:55,29.8,47.1,user_28,open,documentation,high,43.83,"security,docs",20.1,7,1
TASK-2697,Implement bug for API/ETL feature,"This task involves implementing a new feature related to API. Expected steps: analysis, design, implementation, testing.",2025-09-21 15:01:48,2025-09-29 15:01:48,11.8,8.3,user_29,blocked,feature,high,29.61,db,18.6,8,1
TASK-2698,Implement optimization for UI/schema feature,"This task involves writing a bug related to UI. Expected steps: investigation, fix, release.",2025-08-30 07:47:57,2025-09-26 07:47:57,18.9,15.1,user_8,open,documentation,high,37.36,"frontend,bugfix",14.9,27,1
TASK-2699,Implement bug for notifications/checkout feature,"This task involves researching a bug related to notifications. Expected steps: investigation, fix, release.",2025-09-22 00:21:30,2025-10-03 00:21:30,21.8,25.2,user_26,in_progress,documentation,high,33.03,"frontend,research,bugfix",9.1,11,1
TASK-2700,Update optimization documentation for database/email flow,"This task involves writing a bug related to database. Expected steps: analysis, design, implementation, testing.",2025-09-11 09:51:14,2025-09-17 09:51:14,15.5,16.3,user_3,open,feature,high,39.15,perf,46.2,6,1
TASK-2701,Fix feature in reports/checkout module,"This task involves updating documentation related to reports. Expected steps: analysis, design, implementation, testing.",2025-09-04 01:51:39,2025-09-28 01:51:39,9.7,10.7,user_20,done,bug,high,33.02,"backend,api",41.5,24,1
TASK-2702,Write bug for notifications/user profile,"This task involves researching performance improvement related to notifications. Expected steps: design, implementation.",2025-08-29 19:24:55,2025-09-15 19:24:55,25.6,29.4,user_9,in_progress,bug,high,43.32,"backend,db",8.0,17,1
TASK-2703,Fix optimization in analytics/email flow module,"This task involves implementing documentation related to analytics. Expected steps: design, implementation.",2025-08-24 21:01:59,2025-09-18 21:01:59,1.0,1.2,user_3,open,documentation,high,33.47,"ci,security",39.6,25,1
TASK-2704,Refactor refactor in notifications/search ranking,"This task involves researching performance improvement related to notifications. Expected steps: analysis, design, implementation, testing.",2025-09-02 18:44:21,2025-09-24 18:44:21,9.4,12.5,,open,research,high,31.59,"frontend,backend,ci",4.7,22,1
TASK-2705,Write bug for search/checkout,"This task involves updating a new feature related to search. Expected steps: design, implementation.",2025-09-08 03:59:37,2025-09-25 03:59:37,21.5,24.1,user_18,in_progress,bug,high,35.21,"backend,db",56.3,17,1
TASK-2706,Refactor optimization in analytics/checkout,"This task involves refactoring performance improvement related to analytics. Expected steps: investigation, fix, release.",2025-08-27 06:09:21,2025-09-23 06:09:21,27.7,25.7,,done,bug,high,41.01,"frontend,db,api",59.6,27,1
TASK-2707,Refactor optimization in analytics/dashboard,"This task involves researching a new feature related to analytics. Expected steps: analysis, design, implementation, testing.",2025-08-24 23:01:48,2025-08-29 23:01:48,28.9,34.7,user_1,in_progress,research,high,48.84,"research,perf,bugfix",37.9,5,1
TASK-2708,Research optimization for API/email flow improvement,"This task involves writing a bug related to API. Expected steps: write tests, refactor, deploy.",2025-09-09 01:43:05,2025-10-03 01:43:05,29.3,46.0,user_18,open,maintenance,high,34.38,"ci,api,backend",38.5,24,1
TASK-2709,Write refactor for database/reporting,"This task involves implementing performance improvement related to database. Expected steps: write tests, refactor, deploy.",2025-09-20 08:23:26,2025-09-29 08:23:26,16.1,15.5,user_2,done,maintenance,high,33.35,"db,perf,api",4.1,9,1
TASK-2710,Refactor bug in notifications/user profile,"This task involves fixing performance improvement related to notifications. Expected steps: investigation, fix, release.",2025-09-04 05:28:49,2025-09-06 05:28:49,14.7,10.4,user_12,blocked,feature,high,46.92,backend,30.2,2,1
TASK-2711,Update refactor documentation for profile/endpoint,"This task involves implementing a bug related to profile. Expected steps: analysis, design, implementation, testing.",2025-08-28 15:21:12,2025-09-14 15:21:12,33.6,44.8,user_11,blocked,feature,high,42.42,"perf,ci",47.7,17,1
TASK-2712,Fix optimization in API/checkout module,"This task involves researching an API change related to API. Expected steps: write tests, refactor, deploy.",2025-08-27 20:19:06,2025-09-22 20:19:06,7.3,7.0,user_12,open,maintenance,high,35.33,backend,8.6,26,1
TASK-2713,Update doc update documentation for auth/dashboard,"This task involves writing documentation related to auth. Expected steps: investigation, fix, release.",2025-08-25 07:29:07,2025-08-27 07:29:07,39.9,13.9,user_2,in_progress,bug,high,55.31,"security,docs,perf",24.1,2,1
TASK-2714,Research refactor for API/ETL improvement,"This task involves researching a new feature related to API. Expected steps: investigation, fix, release.",2025-09-04 22:10:19,2025-09-17 22:10:19,9.4,11.8,user_26,blocked,feature,high,37.51,"frontend,ci,security",34.8,13,1
TASK-2715,Write feature for API/email flow,"This task involves refactoring documentation related to API. Expected steps: design, implementation.",2025-09-23 04:13:36,2025-10-09 04:13:36,28.0,23.5,user_4,in_progress,research,high,30.93,"db,api,research",24.8,16,1
TASK-2716,Research refactor for UI/ETL improvement,"This task involves researching a new feature related to UI. Expected steps: investigation, fix, release.",2025-08-27 14:12:22,2025-09-16 14:12:22,32.1,31.2,user_11,open,documentation,high,43.58,frontend,10.0,20,1
TASK-2717,Implement feature for auth/dashboard feature,"This task involves writing a bug related to auth. Expected steps: investigation, fix, release.",2025-09-05 01:34:53,2025-09-20 01:34:53,18.6,20.5,user_4,open,bug,high,39.02,"ci,frontend,research",6.1,15,1
TASK-2718,Refactor bug in UI/ETL,"This task involves writing a bug related to UI. Expected steps: write tests, refactor, deploy.",2025-09-05 16:12:04,2025-09-07 16:12:04,28.7,30.3,user_28,open,research,high,44.38,"security,research,ci",29.2,2,1
TASK-2719,Refactor refactor in auth/reporting,"This task involves researching a new feature related to auth. Expected steps: write tests, refactor, deploy.",2025-08-27 02:03:13,2025-09-01 02:03:13,19.5,23.7,user_27,in_progress,documentation,high,46.91,frontend,8.7,5,1
TASK-2720,Write doc update for analytics/dashboard,"This task involves refactoring an API change related to analytics. Expected steps: write tests, refactor, deploy.",2025-08-30 08:10:13,2025-09-02 08:10:13,10.5,9.1,user_15,open,documentation,high,43.31,backend,54.8,3,1
TASK-2721,Fix optimization in UI/search ranking module,"This task involves updating an API change related to UI. Expected steps: analysis, design, implementation, testing.",2025-09-21 04:49:47,2025-10-17 04:49:47,5.7,6.6,user_22,in_progress,bug,high,21.56,research,27.3,26,1
TASK-2722,Fix bug in analytics/reporting module,"This task involves fixing an API change related to analytics. Expected steps: design, implementation.",2025-09-15 14:35:11,2025-10-13 14:35:11,38.0,35.0,,in_progress,feature,high,32.04,"perf,db,docs",17.4,28,1
TASK-2723,Fix bug in API/schema module,"This task involves writing a bug related to API. Expected steps: design, implementation.",2025-09-16 06:24:45,2025-10-03 06:24:45,5.0,6.1,,done,research,high,29.67,"frontend,api",55.3,17,1
TASK-2724,Update doc update documentation for API/dashboard,"This task involves updating a bug related to API. Expected steps: write tests, refactor, deploy.",2025-09-19 19:33:24,2025-10-11 19:33:24,1.1,1.3,user_2,in_progress,maintenance,high,21.23,"research,frontend,db",27.2,22,1
TASK-2725,Write refactor for analytics/user profile,"This task involves implementing a bug related to analytics. Expected steps: analysis, design, implementation, testing.",2025-08-30 12:52:43,2025-09-08 12:52:43,32.6,23.5,user_30,open,documentation,high,46.89,perf,19.7,9,1
TASK-2726,Research bug for reports/schema improvement,"This task involves researching documentation related to reports. Expected steps: analysis, design, implementation, testing.",2025-08-31 06:33:21,2025-09-28 06:33:21,39.7,52.6,user_9,in_progress,research,high,39.01,"perf,frontend,docs",14.8,28,1
TASK-2727,Fix refactor in API/search ranking module,"This task involves writing a bug related to API. Expected steps: design, implementation.",2025-09-18 01:45:29,2025-10-01 01:45:29,38.6,32.4,user_27,open,feature,high,35.06,"api,docs",56.4,13,1
TASK-2728,Update doc update documentation for analytics/login flow,"This task involves researching performance improvement related to analytics. Expected steps: design, implementation.",2025-08-27 05:25:53,2025-09-23 05:25:53,2.4,3.0,user_18,in_progress,documentation,high,32.46,bugfix,19.3,27,1
TASK-2729,Research doc update for auth/search ranking improvement,"This task involves fixing a bug related to auth. Expected steps: investigation, fix, release.",2025-09-06 19:45:08,2025-09-23 19:45:08,16.6,18.4,user_29,in_progress,research,high,37.4,"research,security,ci",31.0,17,1
TASK-2730,Research optimization for auth/endpoint improvement,"This task involves fixing a bug related to auth. Expected steps: analysis, design, implementation, testing.",2025-09-21 05:44:30,2025-10-06 05:44:30,32.1,49.8,user_3,in_progress,feature,high,33.69,"ci,research",35.7,15,1
TASK-2731,Implement refactor for auth/user profile feature,"This task involves fixing a bug related to auth. Expected steps: analysis, design, implementation, testing.",2025-09-06 20:51:33,2025-09-25 20:51:33,28.4,26.5,user_2,done,documentation,high,37.76,backend,16.1,19,1
TASK-2732,Write doc update for payment/email flow,"This task involves refactoring performance improvement related to payment. Expected steps: write tests, refactor, deploy.",2025-09-01 23:28:30,2025-09-09 23:28:30,10.1,9.0,user_10,in_progress,maintenance,high,43.94,"api,bugfix",13.7,8,1
TASK-2733,Fix feature in profile/login flow module,"This task involves updating a new feature related to profile. Expected steps: investigation, fix, release.",2025-08-31 21:54:20,2025-09-01 21:54:20,35.2,35.0,user_10,in_progress,research,high,50.96,"db,api",12.9,1,1
TASK-2734,Research optimization for payment/reporting improvement,"This task involves updating performance improvement related to payment. Expected steps: design, implementation.",2025-08-27 17:04:43,2025-09-11 17:04:43,9.4,8.5,user_10,blocked,feature,high,39.25,"bugfix,docs",47.6,15,1
TASK-2735,Refactor optimization in notifications/ETL,"This task involves writing a new feature related to notifications. Expected steps: design, implementation.",2025-09-19 13:42:44,2025-10-11 13:42:44,32.7,40.5,user_22,open,bug,high,33.0,research,34.6,22,1
TASK-2736,Fix optimization in profile/reporting module,"This task involves researching a bug related to profile. Expected steps: write tests, refactor, deploy.",2025-08-24 18:35:21,2025-09-05 18:35:21,22.8,11.7,user_28,open,documentation,high,45.87,backend,52.9,12,1
TASK-2737,Fix doc update in search/dashboard module,"This task involves fixing performance improvement related to search. Expected steps: design, implementation.",2025-09-21 15:10:50,2025-10-03 15:10:50,30.3,20.7,user_13,open,research,high,33.74,"perf,frontend,backend",56.3,12,1
TASK-2738,Update optimization documentation for notifications/email flow,"This task involves fixing a new feature related to notifications. Expected steps: design, implementation.",2025-09-01 02:45:15,2025-09-06 02:45:15,19.5,13.3,user_4,in_progress,maintenance,high,44.89,"ci,bugfix,api",19.3,5,1
TASK-2739,Refactor bug in auth/email flow,"This task involves refactoring a new feature related to auth. Expected steps: write tests, refactor, deploy.",2025-09-23 03:30:14,2025-09-24 03:30:14,2.9,3.7,user_26,blocked,bug,high,31.0,"db,backend",24.9,1,1
TASK-2740,Refactor refactor in profile/endpoint,"This task involves writing documentation related to profile. Expected steps: analysis, design, implementation, testing.",2025-08-28 18:40:27,2025-08-31 18:40:27,34.4,52.1,user_22,in_progress,research,high,49.08,security,51.2,3,1
TASK-2741,Update refactor documentation for search/reporting,"This task involves fixing an API change related to search. Expected steps: write tests, refactor, deploy.",2025-09-07 22:34:43,2025-09-14 22:34:43,27.3,26.4,user_2,open,documentation,high,42.61,"perf,docs",37.7,7,1
TASK-2742,Research optimization for notifications/email flow improvement,"This task involves fixing an API change related to notifications. Expected steps: design, implementation.",2025-08-28 09:24:28,2025-08-31 09:24:28,31.1,29.5,user_5,done,bug,high,50.27,security,43.6,3,1
TASK-2743,Research optimization for database/checkout improvement,"This task involves researching a bug related to database. Expected steps: design, implementation.",2025-09-18 10:51:57,2025-09-23 10:51:57,8.4,8.6,user_4,in_progress,maintenance,high,35.22,"security,docs",19.0,5,1
TASK-2744,Update bug documentation for reports/reporting,"This task involves researching performance improvement related to reports. Expected steps: write tests, refactor, deploy.",2025-09-01 19:35:10,2025-09-28 19:35:10,10.5,14.2,user_19,in_progress,research,high,33.27,"bugfix,api,ci",47.3,27,1
TASK-2745,Refactor optimization in UI/search ranking,"This task involves fixing a new feature related to UI. Expected steps: write tests, refactor, deploy.",2025-09-20 05:46:23,2025-09-28 05:46:23,19.0,13.7,user_28,in_progress,documentation,high,36.03,bugfix,18.8,8,1
TASK-2746,Refactor doc update in search/schema,"This task involves writing an API change related to search. Expected steps: investigation, fix, release.",2025-09-16 09:39:15,2025-09-24 09:39:15,32.3,34.6,user_14,blocked,research,high,38.64,backend,4.5,8,1
TASK-2747,Implement optimization for API/login flow feature,"This task involves writing a bug related to API. Expected steps: analysis, design, implementation, testing.",2025-09-03 05:06:32,2025-09-19 05:06:32,19.7,25.5,user_11,in_progress,research,high,39.81,"frontend,db,bugfix",46.8,16,1
TASK-2748,Refactor bug in profile/reporting,"This task involves implementing documentation related to profile. Expected steps: analysis, design, implementation, testing.",2025-09-14 05:47:46,2025-09-15 05:47:46,28.8,33.1,user_13,done,maintenance,high,41.1,"bugfix,db",23.7,1,1
TASK-2749,Fix feature in API/dashboard module,"This task involves writing an API change related to API. Expected steps: investigation, fix, release.",2025-08-26 18:32:19,2025-09-21 18:32:19,1.3,1.4,user_12,in_progress,research,high,34.1,"perf,docs",43.3,26,1
TASK-2750,Refactor doc update in API/reporting,"This task involves researching an API change related to API. Expected steps: investigation, fix, release.",2025-09-16 12:11:19,2025-09-19 12:11:19,23.0,29.9,user_5,open,maintenance,high,38.45,backend,3.9,3,1
TASK-2751,Update optimization documentation for API/search ranking,"This task involves fixing a new feature related to API. Expected steps: write tests, refactor, deploy.",2025-08-29 01:13:41,2025-09-10 01:13:41,16.3,3.1,user_28,in_progress,bug,high,41.06,"research,bugfix,docs",12.5,12,1
TASK-2752,Fix doc update in analytics/login flow module,"This task involves researching a new feature related to analytics. Expected steps: analysis, design, implementation, testing.",2025-09-15 21:24:37,2025-10-02 21:24:37,28.3,34.1,user_6,in_progress,research,high,31.86,"docs,bugfix",48.0,17,1
TASK-2753,Fix refactor in profile/ETL module,"This task involves implementing a bug related to profile. Expected steps: design, implementation.",2025-09-12 16:46:28,2025-09-20 16:46:28,28.9,23.2,,blocked,documentation,high,40.0,bugfix,0.2,8,1
TASK-2754,Implement refactor for auth/checkout feature,"This task involves researching a bug related to auth. Expected steps: investigation, fix, release.",2025-08-28 17:31:50,2025-09-13 17:31:50,10.9,4.9,user_14,in_progress,feature,high,39.63,"db,docs,ci",19.6,16,1
TASK-2755,Implement doc update for reports/email flow feature,"This task involves writing a bug related to reports. Expected steps: analysis, design, implementation, testing.",2025-08-25 03:33:29,2025-09-06 03:33:29,35.5,40.9,user_4,in_progress,research,high,49.94,"bugfix,ci,db",52.6,12,1
TASK-2756,Implement feature for auth/login flow feature,"This task involves researching a bug related to auth. Expected steps: write tests, refactor, deploy.",2025-08-28 15:18:30,2025-09-05 15:18:30,13.6,19.2,user_21,in_progress,bug,high,45.25,research,41.0,8,1
TASK-2757,Update optimization documentation for database/endpoint,"This task involves writing a new feature related to database. Expected steps: analysis, design, implementation, testing.",2025-09-23 00:24:26,2025-10-18 00:24:26,23.4,22.4,user_18,open,research,high,23.24,"db,docs",7.4,25,1
TASK-2758,Research refactor for reports/search ranking improvement,"This task involves researching documentation related to reports. Expected steps: analysis, design, implementation, testing.",2025-09-01 01:27:09,2025-09-29 01:27:09,1.1,1.4,user_30,open,bug,high,29.67,"db,research",34.8,28,1
TASK-2759,Fix doc update in auth/ETL module,"This task involves writing documentation related to auth. Expected steps: analysis, design, implementation, testing.",2025-08-27 14:15:40,2025-09-20 14:15:40,26.6,39.5,user_10,open,maintenance,high,41.47,security,0.2,24,1
TASK-2760,Implement bug for database/checkout feature,"This task involves writing a bug related to database. Expected steps: investigation, fix, release.",2025-09-18 03:24:40,2025-10-09 03:24:40,24.8,34.6,user_20,in_progress,maintenance,high,27.95,"docs,backend,api",50.2,21,1
TASK-2761,Update feature documentation for notifications/email flow,"This task involves updating a new feature related to notifications. Expected steps: design, implementation.",2025-08-28 14:14:31,2025-09-23 14:14:31,39.2,58.5,,open,research,high,39.31,"perf,research",14.1,26,1
TASK-2762,Write optimization for auth/schema,"This task involves researching a new feature related to auth. Expected steps: investigation, fix, release.",2025-09-15 23:35:48,2025-10-07 23:35:48,8.7,10.6,user_25,open,bug,high,29.31,api,19.2,22,1
TASK-2763,Update optimization documentation for search/dashboard,"This task involves researching an API change related to search. Expected steps: design, implementation.",2025-09-05 15:42:39,2025-09-13 15:42:39,4.2,4.3,user_18,in_progress,feature,high,35.94,"security,ci",0.4,8,1
TASK-2764,Refactor refactor in profile/checkout,"This task involves researching a bug related to profile. Expected steps: investigation, fix, release.",2025-09-18 09:40:33,2025-09-23 09:40:33,7.9,4.1,,open,documentation,high,36.88,"api,bugfix",2.7,5,1
TASK-2765,Update optimization documentation for notifications/reporting,"This task involves researching documentation related to notifications. Expected steps: write tests, refactor, deploy.",2025-09-08 11:26:01,2025-09-28 11:26:01,39.3,36.4,user_22,open,maintenance,high,40.81,"docs,frontend,research",45.5,20,1
TASK-2766,Research optimization for search/dashboard improvement,"This task involves writing documentation related to search. Expected steps: analysis, design, implementation, testing.",2025-08-27 05:33:24,2025-09-09 05:33:24,1.0,0.7,user_29,blocked,research,high,40.55,backend,52.7,13,1
TASK-2767,Update bug documentation for UI/dashboard,"This task involves implementing a new feature related to UI. Expected steps: write tests, refactor, deploy.",2025-09-14 21:04:40,2025-10-04 21:04:40,31.3,51.7,user_30,in_progress,documentation,high,33.05,"backend,bugfix,docs",0.4,20,1
TASK-2768,Research bug for database/search ranking improvement,"This task involves updating a bug related to database. Expected steps: design, implementation.",2025-09-15 12:20:37,2025-10-04 12:20:37,24.6,23.3,user_19,done,research,high,30.55,api,41.8,19,1
TASK-2769,Fix refactor in API/endpoint module,"This task involves updating performance improvement related to API. Expected steps: investigation, fix, release.",2025-09-20 01:46:41,2025-09-25 01:46:41,21.0,21.8,user_18,done,research,high,35.68,"backend,security,research",46.6,5,1
TASK-2770,Refactor feature in profile/search ranking,"This task involves fixing an API change related to profile. Expected steps: analysis, design, implementation, testing.",2025-09-12 22:48:12,2025-09-28 22:48:12,10.3,12.0,user_20,in_progress,research,high,33.81,"research,ci,api",27.8,16,1
TASK-2771,Update doc update documentation for database/schema,"This task involves fixing a bug related to database. Expected steps: write tests, refactor, deploy.",2025-09-05 16:31:18,2025-10-04 16:31:18,33.3,33.7,user_5,open,documentation,high,32.58,research,46.1,29,1
TASK-2772,Write optimization for reports/checkout,"This task involves fixing documentation related to reports. Expected steps: design, implementation.",2025-09-03 19:48:10,2025-09-24 19:48:10,36.9,55.7,user_20,in_progress,research,high,40.58,"ci,db",21.8,21,1
TASK-2773,Write feature for profile/ETL,"This task involves updating performance improvement related to profile. Expected steps: investigation, fix, release.",2025-09-06 02:20:52,2025-10-02 02:20:52,22.5,18.3,user_17,open,feature,high,35.45,"frontend,perf,docs",3.4,26,1
TASK-2774,Research optimization for payment/user profile improvement,"This task involves researching a bug related to payment. Expected steps: design, implementation.",2025-09-03 02:06:20,2025-09-04 02:06:20,26.0,27.5,user_17,in_progress,maintenance,high,48.12,docs,11.8,1,1
TASK-2775,Update doc update documentation for analytics/email flow,"This task involves fixing a new feature related to analytics. Expected steps: design, implementation.",2025-09-05 20:42:13,2025-09-24 20:42:13,24.6,19.1,user_18,open,bug,high,38.06,backend,45.9,19,1
TASK-2776,Implement feature for search/email flow feature,"This task involves implementing performance improvement related to search. Expected steps: design, implementation.",2025-09-03 00:07:55,2025-09-25 00:07:55,28.7,17.3,user_10,in_progress,feature,high,36.55,"frontend,docs,bugfix",58.1,22,1
TASK-2777,Implement optimization for database/user profile feature,"This task involves fixing documentation related to database. Expected steps: write tests, refactor, deploy.",2025-09-17 08:45:32,2025-09-28 08:45:32,35.6,29.1,user_23,open,documentation,high,36.84,"frontend,bugfix",2.2,11,1
TASK-2778,Research doc update for payment/user profile improvement,"This task involves fixing a new feature related to payment. Expected steps: write tests, refactor, deploy.",2025-09-22 19:55:02,2025-10-01 19:55:02,37.5,37.1,user_19,open,maintenance,high,37.5,bugfix,6.5,9,1
TASK-2779,Refactor bug in API/reporting,"This task involves updating a new feature related to API. Expected steps: write tests, refactor, deploy.",2025-09-13 21:48:28,2025-10-08 21:48:28,31.6,27.5,user_11,open,maintenance,high,29.34,bugfix,52.2,25,1
TASK-2780,Refactor doc update in API/login flow,"This task involves researching documentation related to API. Expected steps: investigation, fix, release.",2025-09-06 04:13:29,2025-09-29 04:13:29,14.8,11.7,user_30,open,documentation,high,32.08,"ci,api",3.1,23,1
TASK-2781,Research optimization for API/email flow improvement,"This task involves fixing performance improvement related to API. Expected steps: write tests, refactor, deploy.",2025-09-08 05:12:54,2025-09-26 05:12:54,24.6,14.2,user_30,blocked,feature,high,37.15,"db,docs",34.6,18,1
TASK-2782,Refactor optimization in auth/schema,"This task involves fixing a bug related to auth. Expected steps: design, implementation.",2025-09-14 10:14:58,2025-10-11 10:14:58,10.5,10.2,user_24,in_progress,feature,high,28.34,"ci,frontend",11.0,27,1
TASK-2783,Update bug documentation for UI/dashboard,"This task involves refactoring performance improvement related to UI. Expected steps: investigation, fix, release.",2025-09-22 01:34:25,2025-10-14 01:34:25,1.9,1.0,user_25,in_progress,maintenance,high,23.6,"frontend,backend",57.4,22,1
TASK-2784,Update bug documentation for payment/dashboard,"This task involves fixing a new feature related to payment. Expected steps: design, implementation.",2025-09-01 04:25:13,2025-09-21 04:25:13,2.3,2.8,user_16,done,bug,high,33.87,"backend,security,docs",41.2,20,1
TASK-2785,Update bug documentation for API/reporting,"This task involves updating an API change related to API. Expected steps: design, implementation.",2025-09-10 22:31:16,2025-09-23 22:31:16,31.5,32.3,user_4,open,documentation,high,37.42,"backend,bugfix",10.4,13,1
TASK-2786,Research refactor for auth/login flow improvement,"This task involves implementing a new feature related to auth. Expected steps: design, implementation.",2025-09-13 04:04:20,2025-09-28 04:04:20,30.2,17.0,user_25,open,documentation,high,37.14,"perf,security",32.1,15,1
TASK-2787,Research feature for UI/ETL improvement,"This task involves fixing performance improvement related to UI. Expected steps: design, implementation.",2025-08-29 02:53:24,2025-09-21 02:53:24,26.7,24.2,user_24,in_progress,bug,high,41.74,db,58.6,23,1
TASK-2788,Refactor doc update in auth/schema,"This task involves researching performance improvement related to auth. Expected steps: investigation, fix, release.",2025-09-08 16:43:17,2025-09-19 16:43:17,6.4,5.0,,in_progress,bug,high,37.5,"frontend,db",53.2,11,1
TASK-2789,Write doc update for profile/dashboard,"This task involves writing a new feature related to profile. Expected steps: investigation, fix, release.",2025-09-07 10:18:37,2025-09-22 10:18:37,22.5,24.7,user_16,in_progress,research,high,36.8,"frontend,research",25.0,15,1
TASK-2790,Research bug for profile/user profile improvement,"This task involves researching a bug related to profile. Expected steps: design, implementation.",2025-09-20 17:52:56,2025-10-07 17:52:56,20.5,28.7,user_30,open,documentation,high,27.88,"frontend,bugfix,security",53.6,17,1
TASK-2791,Update doc update documentation for payment/search ranking,"This task involves fixing performance improvement related to payment. Expected steps: analysis, design, implementation, testing.",2025-08-24 15:18:37,2025-08-31 15:18:37,34.8,15.2,user_17,done,bug,high,50.13,"db,security,frontend",47.7,7,1
TASK-2792,Fix doc update in search/search ranking module,"This task involves researching an API change related to search. Expected steps: investigation, fix, release.",2025-09-12 16:16:16,2025-09-17 16:16:16,19.2,19.9,user_29,open,feature,high,40.64,"bugfix,security",41.1,5,1
TASK-2793,Implement bug for notifications/schema feature,"This task involves researching a bug related to notifications. Expected steps: analysis, design, implementation, testing.",2025-09-10 21:39:50,2025-09-13 21:39:50,39.1,37.2,user_9,in_progress,research,high,45.02,"backend,perf,frontend",41.5,3,1
TASK-2794,Update bug documentation for search/user profile,"This task involves writing a new feature related to search. Expected steps: analysis, design, implementation, testing.",2025-09-07 23:38:06,2025-09-28 23:38:06,5.0,6.0,,in_progress,documentation,high,28.79,docs,25.5,21,1
TASK-2795,Refactor optimization in reports/email flow,"This task involves refactoring performance improvement related to reports. Expected steps: write tests, refactor, deploy.",2025-09-14 13:55:36,2025-10-05 13:55:36,36.6,38.9,user_22,open,bug,high,32.28,"frontend,ci,perf",3.1,21,1
TASK-2796,Fix doc update in profile/ETL module,"This task involves fixing a new feature related to profile. Expected steps: analysis, design, implementation, testing.",2025-09-04 18:22:07,2025-09-09 18:22:07,14.6,11.3,user_16,open,feature,high,43.44,"bugfix,frontend,backend",0.7,5,1
TASK-2797,Update optimization documentation for UI/reporting,"This task involves writing an API change related to UI. Expected steps: write tests, refactor, deploy.",2025-09-01 16:04:09,2025-09-16 16:04:09,27.3,24.7,user_28,done,feature,high,43.3,"api,perf",44.9,15,1
TASK-2798,Write feature for UI/email flow,"This task involves researching an API change related to UI. Expected steps: investigation, fix, release.",2025-09-13 16:00:38,2025-09-19 16:00:38,3.2,2.4,user_10,open,feature,high,34.84,api,5.6,6,1
TASK-2799,Implement refactor for API/user profile feature,"This task involves implementing performance improvement related to API. Expected steps: write tests, refactor, deploy.",2025-09-17 11:38:48,2025-09-30 11:38:48,29.9,39.6,user_22,in_progress,maintenance,high,35.65,"db,frontend,api",20.6,13,1
TASK-2800,Fix refactor in profile/schema module,"This task involves updating a bug related to profile. Expected steps: investigation, fix, release.",2025-09-09 05:27:44,2025-09-29 05:27:44,29.2,29.4,user_3,open,research,high,36.4,"frontend,docs,api",30.2,20,1
TASK-2801,Implement doc update for database/login flow feature,"This task involves researching documentation related to database. Expected steps: investigation, fix, release.",2025-09-03 12:28:19,2025-09-22 12:28:19,25.1,39.4,user_7,open,documentation,high,39.84,"bugfix,perf",44.2,19,1
TASK-2802,Fix bug in payment/checkout module,"This task involves updating a bug related to payment. Expected steps: investigation, fix, release.",2025-09-17 14:51:27,2025-10-15 14:51:27,3.8,3.7,user_14,in_progress,research,high,22.81,"api,docs,bugfix",4.6,28,1
TASK-2803,Write bug for reports/search ranking,"This task involves refactoring a new feature related to reports. Expected steps: analysis, design, implementation, testing.",2025-09-18 03:51:22,2025-10-03 03:51:22,29.2,23.0,user_9,in_progress,research,high,31.38,bugfix,8.9,15,1
TASK-2804,Research doc update for database/dashboard improvement,"This task involves refactoring performance improvement related to database. Expected steps: design, implementation.",2025-08-24 20:35:48,2025-09-21 20:35:48,13.9,7.6,user_6,blocked,research,high,38.13,"security,backend",43.1,28,1
TASK-2805,Implement optimization for payment/schema feature,"This task involves updating documentation related to payment. Expected steps: investigation, fix, release.",2025-09-07 00:06:14,2025-09-20 00:06:14,1.2,0.6,user_8,done,bug,high,34.65,"research,perf,bugfix",4.8,13,1
TASK-2806,Research feature for payment/user profile improvement,"This task involves researching documentation related to payment. Expected steps: analysis, design, implementation, testing.",2025-09-17 20:36:41,2025-09-29 20:36:41,32.2,16.9,user_29,open,maintenance,high,37.76,"ci,security",31.1,12,1
TASK-2807,Refactor refactor in profile/reporting,"This task involves refactoring performance improvement related to profile. Expected steps: write tests, refactor, deploy.",2025-09-03 12:25:49,2025-09-12 12:25:49,13.8,14.9,user_15,blocked,bug,high,39.94,backend,55.1,9,1
TASK-2808,Implement optimization for reports/endpoint feature,"This task involves fixing documentation related to reports. Expected steps: write tests, refactor, deploy.",2025-08-30 01:24:14,2025-09-14 01:24:14,14.0,16.1,,done,research,high,38.84,"docs,security",36.2,15,1
TASK-2809,Fix refactor in UI/schema module,"This task involves writing documentation related to UI. Expected steps: write tests, refactor, deploy.",2025-09-11 17:16:41,2025-09-25 17:16:41,29.0,15.2,user_14,open,bug,high,39.71,"security,db",8.2,14,1
TASK-2810,Implement optimization for API/login flow feature,"This task involves fixing performance improvement related to API. Expected steps: investigation, fix, release.",2025-09-11 23:56:08,2025-09-28 23:56:08,2.2,2.8,user_8,open,bug,high,28.6,perf,38.1,17,1
TASK-2811,Write bug for API/endpoint,"This task involves implementing performance improvement related to API. Expected steps: design, implementation.",2025-09-17 20:26:03,2025-10-17 20:26:03,26.4,22.6,user_16,open,maintenance,high,26.46,research,17.9,30,1
TASK-2812,Write bug for search/endpoint,"This task involves fixing a new feature related to search. Expected steps: analysis, design, implementation, testing.",2025-08-30 21:21:23,2025-09-22 21:21:23,1.6,1.7,user_6,in_progress,maintenance,high,33.52,db,25.0,23,1
TASK-2813,Write refactor for database/email flow,"This task involves refactoring documentation related to database. Expected steps: write tests, refactor, deploy.",2025-09-04 21:35:52,2025-09-16 21:35:52,17.9,26.6,user_10,open,bug,high,37.91,"security,bugfix,api",8.4,12,1
TASK-2814,Implement optimization for analytics/ETL feature,"This task involves researching an API change related to analytics. Expected steps: analysis, design, implementation, testing.",2025-09-20 22:31:35,2025-10-01 22:31:35,33.5,42.5,user_13,in_progress,research,high,35.33,"bugfix,security",30.1,11,1
TASK-2815,Implement optimization for analytics/schema feature,"This task involves fixing documentation related to analytics. Expected steps: design, implementation.",2025-08-25 22:22:32,2025-08-28 22:22:32,27.1,24.9,user_6,blocked,research,high,51.2,"backend,bugfix",12.6,3,1
TASK-2816,Implement optimization for auth/endpoint feature,"This task involves researching an API change related to auth. Expected steps: write tests, refactor, deploy.",2025-09-23 00:05:04,2025-09-28 00:05:04,31.7,23.2,,in_progress,research,high,36.29,"security,api",11.2,5,1
TASK-2817,Implement optimization for analytics/user profile feature,"This task involves fixing a new feature related to analytics. Expected steps: design, implementation.",2025-08-24 18:53:52,2025-09-23 18:53:52,19.8,7.0,user_27,open,bug,high,38.74,db,10.9,30,1
TASK-2818,Refactor doc update in API/endpoint,"This task involves updating documentation related to API. Expected steps: investigation, fix, release.",2025-09-08 00:12:40,2025-09-19 00:12:40,35.7,28.0,user_21,open,maintenance,high,42.14,"frontend,ci,research",19.8,11,1
TASK-2819,Write refactor for analytics/email flow,"This task involves researching a new feature related to analytics. Expected steps: analysis, design, implementation, testing.",2025-09-21 20:15:38,2025-10-16 20:15:38,19.0,17.8,user_22,blocked,feature,high,25.05,"frontend,research",42.6,25,1
TASK-2820,Write doc update for auth/dashboard,"This task involves writing documentation related to auth. Expected steps: investigation, fix, release.",2025-09-20 20:18:05,2025-10-07 20:18:05,24.5,17.2,user_22,open,research,high,31.88,"frontend,research",6.3,17,1
TASK-2821,Research refactor for profile/ETL improvement,"This task involves fixing documentation related to profile. Expected steps: write tests, refactor, deploy.",2025-09-12 17:27:44,2025-10-10 17:27:44,12.1,11.6,,in_progress,research,high,25.87,"db,frontend",17.8,28,1
TASK-2822,Write optimization for analytics/schema,"This task involves researching a new feature related to analytics. Expected steps: design, implementation.",2025-08-30 05:18:15,2025-09-05 05:18:15,25.3,25.9,user_23,open,research,high,47.57,"security,perf",55.1,6,1
TASK-2823,Research optimization for auth/login flow improvement,"This task involves implementing a new feature related to auth. Expected steps: investigation, fix, release.",2025-09-21 19:10:46,2025-10-10 19:10:46,33.8,31.5,user_9,done,maintenance,high,29.63,"db,frontend",38.2,19,1
TASK-2824,Refactor bug in notifications/endpoint,"This task involves fixing a new feature related to notifications. Expected steps: analysis, design, implementation, testing.",2025-08-31 08:38:50,2025-09-08 08:38:50,23.5,18.9,user_4,open,research,high,45.19,"bugfix,security",13.4,8,1
TASK-2825,Write refactor for search/ETL,"This task involves fixing documentation related to search. Expected steps: analysis, design, implementation, testing.",2025-08-25 17:51:53,2025-09-16 17:51:53,1.7,1.8,user_27,open,maintenance,high,35.24,api,24.2,22,1
TASK-2826,Fix optimization in UI/user profile module,"This task involves implementing an API change related to UI. Expected steps: write tests, refactor, deploy.",2025-08-26 17:23:58,2025-09-06 17:23:58,37.1,42.0,user_14,in_progress,documentation,high,48.23,"research,api,perf",20.4,11,1
TASK-2827,Write doc update for reports/reporting,"This task involves writing a bug related to reports. Expected steps: investigation, fix, release.",2025-09-03 07:47:55,2025-09-24 07:47:55,10.4,7.0,user_5,in_progress,bug,high,34.3,"security,api",52.5,21,1
TASK-2828,Write feature for payment/ETL,"This task involves refactoring documentation related to payment. Expected steps: design, implementation.",2025-09-14 06:56:10,2025-09-19 06:56:10,29.8,42.4,user_12,open,bug,high,43.17,"security,ci,bugfix",46.5,5,1
TASK-2829,Fix bug in search/email flow module,"This task involves fixing an API change related to search. Expected steps: design, implementation.",2025-08-27 08:59:24,2025-09-23 08:59:24,36.4,35.3,user_23,open,feature,high,38.08,frontend,47.4,27,1
TASK-2830,Update optimization documentation for UI/user profile,"This task involves refactoring documentation related to UI. Expected steps: write tests, refactor, deploy.",2025-08-30 16:09:14,2025-09-16 16:09:14,29.5,29.7,user_10,done,feature,high,43.51,"docs,bugfix",43.4,17,1
TASK-2831,Fix doc update in UI/schema module,"This task involves fixing a new feature related to UI. Expected steps: design, implementation.",2025-09-23 13:24:31,2025-10-07 13:24:31,10.1,12.2,user_26,blocked,research,high,26.77,backend,49.4,14,1
TASK-2832,Fix doc update in notifications/dashboard module,"This task involves researching an API change related to notifications. Expected steps: investigation, fix, release.",2025-09-11 02:07:24,2025-09-13 02:07:24,28.6,30.6,user_27,in_progress,documentation,high,41.66,"docs,bugfix,api",18.1,2,1
TASK-2833,Fix refactor in payment/ETL module,"This task involves fixing a bug related to payment. Expected steps: design, implementation.",2025-09-17 14:18:25,2025-10-11 14:18:25,38.6,49.6,,open,research,high,32.77,"backend,docs",12.9,24,1
TASK-2834,Update feature documentation for reports/search ranking,"This task involves researching performance improvement related to reports. Expected steps: write tests, refactor, deploy.",2025-08-27 05:08:24,2025-09-12 05:08:24,10.3,11.2,user_4,blocked,feature,high,38.19,ci,5.2,16,1
TASK-2835,Update bug documentation for API/ETL,"This task involves implementing a bug related to API. Expected steps: analysis, design, implementation, testing.",2025-09-02 07:10:00,2025-09-30 07:10:00,12.9,10.5,user_20,in_progress,research,high,29.83,"security,backend,db",40.6,28,1
TASK-2836,Write feature for notifications/dashboard,"This task involves fixing an API change related to notifications. Expected steps: analysis, design, implementation, testing.",2025-09-13 21:09:35,2025-10-11 21:09:35,24.0,26.6,user_3,in_progress,feature,high,27.4,"docs,backend,perf",57.5,28,1
TASK-2837,Implement optimization for search/search ranking feature,"This task involves fixing documentation related to search. Expected steps: analysis, design, implementation, testing.",2025-09-20 22:29:30,2025-09-23 22:29:30,1.4,0.9,user_23,in_progress,research,high,30.74,security,47.6,3,1
TASK-2838,Research doc update for database/login flow improvement,"This task involves fixing a bug related to database. Expected steps: design, implementation.",2025-09-15 06:20:05,2025-10-11 06:20:05,7.2,7.4,user_8,open,documentation,high,25.9,"frontend,perf",4.6,26,1
TASK-2839,Refactor doc update in profile/search ranking,"This task involves fixing performance improvement related to profile. Expected steps: write tests, refactor, deploy.",2025-09-04 00:01:45,2025-09-27 00:01:45,7.0,6.9,user_21,in_progress,feature,high,30.28,"docs,backend",23.7,23,1
TASK-2840,Implement bug for profile/ETL feature,"This task involves fixing a bug related to profile. Expected steps: investigation, fix, release.",2025-09-16 17:09:30,2025-10-09 17:09:30,30.4,28.5,,done,feature,high,31.88,"ci,db,docs",3.6,23,1
TASK-2841,Research bug for profile/login flow improvement,"This task involves writing an API change related to profile. Expected steps: investigation, fix, release.",2025-09-05 16:14:05,2025-09-25 16:14:05,34.6,33.3,,open,research,high,37.15,"bugfix,docs,security",41.4,20,1
TASK-2842,Fix bug in auth/user profile module,"This task involves updating documentation related to auth. Expected steps: analysis, design, implementation, testing.",2025-09-17 00:56:24,2025-10-06 00:56:24,20.3,8.8,,open,bug,high,30.86,docs,11.0,19,1
TASK-2843,Write optimization for API/login flow,"This task involves writing an API change related to API. Expected steps: write tests, refactor, deploy.",2025-09-02 09:26:14,2025-10-01 09:26:14,28.1,23.5,user_18,open,feature,high,33.34,"ci,frontend",50.4,29,1
TASK-2844,Research refactor for UI/dashboard improvement,"This task involves writing an API change related to UI. Expected steps: design, implementation.",2025-09-14 04:12:47,2025-10-02 04:12:47,37.9,39.0,user_12,open,bug,high,34.64,ci,57.3,18,1
TASK-2845,Fix refactor in API/schema module,"This task involves implementing a new feature related to API. Expected steps: write tests, refactor, deploy.",2025-09-08 11:12:21,2025-09-26 11:12:21,36.4,38.1,user_16,open,research,high,40.49,bugfix,57.2,18,1
TASK-2846,Refactor doc update in auth/login flow,"This task involves updating a new feature related to auth. Expected steps: write tests, refactor, deploy.",2025-09-01 06:12:34,2025-09-13 06:12:34,21.2,14.7,user_29,blocked,research,high,41.89,"research,backend",23.6,12,1
TASK-2847,Research bug for payment/dashboard improvement,"This task involves researching a new feature related to payment. Expected steps: analysis, design, implementation, testing.",2025-09-07 07:40:21,2025-09-19 07:40:21,35.7,49.3,user_16,open,bug,high,40.94,"research,frontend,backend",6.7,12,1
TASK-2848,Write doc update for database/checkout,"This task involves researching a new feature related to database. Expected steps: analysis, design, implementation, testing.",2025-09-14 19:12:56,2025-10-07 19:12:56,9.4,7.0,user_3,open,research,high,26.79,research,23.2,23,1
TASK-2849,Fix bug in API/search ranking module,"This task involves fixing an API change related to API. Expected steps: design, implementation.",2025-09-05 14:07:43,2025-09-29 14:07:43,1.9,2.5,user_11,in_progress,documentation,high,29.78,"research,bugfix",44.5,24,1
TASK-2850,Refactor refactor in API/search ranking,"This task involves writing a new feature related to API. Expected steps: write tests, refactor, deploy.",2025-09-07 03:51:46,2025-09-16 03:51:46,32.5,36.7,user_29,blocked,documentation,high,43.66,"research,api",50.9,9,1
TASK-2851,Write bug for search/search ranking,"This task involves fixing a new feature related to search. Expected steps: analysis, design, implementation, testing.",2025-09-19 03:15:02,2025-09-22 03:15:02,24.4,19.7,user_5,open,feature,high,40.66,"db,perf,research",41.2,3,1
TASK-2852,Update feature documentation for payment/user profile,"This task involves researching an API change related to payment. Expected steps: design, implementation.",2025-09-09 15:37:28,2025-10-01 15:37:28,31.7,48.6,user_19,open,maintenance,high,32.45,"docs,research,frontend",46.9,22,1
TASK-2853,Refactor optimization in reports/checkout,"This task involves updating documentation related to reports. Expected steps: analysis, design, implementation, testing.",2025-09-09 21:45:23,2025-09-12 21:45:23,8.4,5.4,user_26,open,bug,high,38.38,"research,security,ci",11.3,3,1
TASK-2854,Update bug documentation for profile/user profile,"This task involves fixing performance improvement related to profile. Expected steps: design, implementation.",2025-09-17 21:54:23,2025-10-17 21:54:23,23.2,29.6,user_19,open,bug,high,24.16,ci,57.3,30,1
TASK-2855,Write optimization for database/reporting,"This task involves researching an API change related to database. Expected steps: investigation, fix, release.",2025-09-02 09:49:10,2025-09-29 09:49:10,4.3,5.6,user_23,in_progress,documentation,high,32.58,perf,20.6,27,1
TASK-2856,Refactor bug in auth/login flow,"This task involves researching a bug related to auth. Expected steps: write tests, refactor, deploy.",2025-08-30 17:44:48,2025-09-09 17:44:48,19.0,15.2,user_10,in_progress,documentation,high,43.73,api,40.4,10,1
TASK-2857,Research feature for API/ETL improvement,"This task involves implementing performance improvement related to API. Expected steps: investigation, fix, release.",2025-09-20 21:10:09,2025-10-07 21:10:09,24.6,34.9,user_22,done,bug,high,28.19,"frontend,perf",33.4,17,1
TASK-2858,Fix doc update in UI/reporting module,"This task involves updating documentation related to UI. Expected steps: write tests, refactor, deploy.",2025-09-05 17:59:35,2025-09-08 17:59:35,29.8,27.6,user_28,open,research,high,44.97,"backend,research",10.4,3,1
TASK-2859,Update doc update documentation for API/email flow,"This task involves implementing an API change related to API. Expected steps: design, implementation.",2025-09-12 19:06:01,2025-09-28 19:06:01,7.6,8.3,user_16,in_progress,maintenance,high,32.31,"security,backend,docs",2.9,16,1
TASK-2860,Implement optimization for search/email flow feature,"This task involves writing performance improvement related to search. Expected steps: write tests, refactor, deploy.",2025-08-27 11:23:02,2025-08-30 11:23:02,14.3,15.4,user_29,in_progress,bug,high,49.54,"frontend,security",47.4,3,1
TASK-2861,Write optimization for payment/login flow,"This task involves updating an API change related to payment. Expected steps: analysis, design, implementation, testing.",2025-08-28 01:52:58,2025-09-11 01:52:58,5.7,5.5,user_13,open,maintenance,high,41.2,backend,60.0,14,1
TASK-2862,Refactor refactor in API/login flow,"This task involves researching documentation related to API. Expected steps: investigation, fix, release.",2025-08-29 18:32:24,2025-09-23 18:32:24,12.8,15.9,,open,research,high,37.15,"api,bugfix,docs",29.8,25,1
TASK-2863,Update refactor documentation for profile/schema,"This task involves updating performance improvement related to profile. Expected steps: write tests, refactor, deploy.",2025-08-24 17:46:27,2025-09-09 17:46:27,22.9,28.4,,in_progress,documentation,high,42.79,"backend,bugfix",5.2,16,1
TASK-2864,Update refactor documentation for analytics/login flow,"This task involves implementing a new feature related to analytics. Expected steps: write tests, refactor, deploy.",2025-09-08 02:10:42,2025-09-27 02:10:42,3.4,1.6,user_13,in_progress,bug,high,29.92,"api,docs",33.0,19,1
TASK-2865,Implement optimization for reports/email flow feature,"This task involves fixing performance improvement related to reports. Expected steps: investigation, fix, release.",2025-09-05 16:10:31,2025-10-02 16:10:31,27.1,37.7,user_4,blocked,bug,high,35.07,perf,0.6,27,1
TASK-2866,Update optimization documentation for reports/login flow,"This task involves fixing a new feature related to reports. Expected steps: write tests, refactor, deploy.",2025-09-09 04:54:07,2025-09-11 04:54:07,21.6,10.8,user_24,in_progress,maintenance,high,44.58,"docs,bugfix,frontend",29.9,2,1
TASK-2867,Update refactor documentation for auth/reporting,"This task involves implementing documentation related to auth. Expected steps: investigation, fix, release.",2025-09-11 09:57:08,2025-10-03 09:57:08,28.1,36.8,user_24,open,maintenance,high,35.45,"bugfix,db,api",3.6,22,1
TASK-2868,Research doc update for database/schema improvement,"This task involves researching documentation related to database. Expected steps: write tests, refactor, deploy.",2025-08-28 14:17:39,2025-09-13 14:17:39,16.4,21.9,user_3,blocked,research,high,39.58,perf,59.9,16,1
TASK-2869,Write refactor for profile/user profile,"This task involves writing a bug related to profile. Expected steps: analysis, design, implementation, testing.",2025-08-30 09:55:32,2025-09-10 09:55:32,30.8,20.7,user_2,open,feature,high,45.15,frontend,13.0,11,1
TASK-2870,Update doc update documentation for search/schema,"This task involves implementing documentation related to search. Expected steps: write tests, refactor, deploy.",2025-08-31 06:41:50,2025-09-01 06:41:50,24.9,21.8,user_2,done,maintenance,high,50.25,"frontend,db",13.6,1,1
TASK-2871,Fix doc update in search/ETL module,"This task involves implementing a new feature related to search. Expected steps: investigation, fix, release.",2025-09-07 13:09:22,2025-10-01 13:09:22,19.7,13.2,user_11,in_progress,feature,high,32.85,"ci,frontend,security",43.2,24,1
TASK-2872,Write optimization for API/search ranking,"This task involves refactoring a new feature related to API. Expected steps: design, implementation.",2025-08-28 16:17:22,2025-09-11 16:17:22,10.0,9.4,,open,research,high,42.72,"db,bugfix,docs",27.9,14,1
TASK-2873,Implement feature for profile/dashboard feature,"This task involves writing an API change related to profile. Expected steps: design, implementation.",2025-08-27 15:48:45,2025-09-04 15:48:45,32.6,29.6,user_27,blocked,bug,high,46.05,"ci,research,bugfix",39.3,8,1
TASK-2874,Write optimization for auth/endpoint,"This task involves fixing documentation related to auth. Expected steps: design, implementation.",2025-08-30 07:57:01,2025-09-28 07:57:01,30.7,37.9,user_21,in_progress,research,high,35.19,"api,db",38.1,29,1
TASK-2875,Fix optimization in UI/email flow module,"This task involves refactoring a bug related to UI. Expected steps: investigation, fix, release.",2025-09-07 12:58:48,2025-09-22 12:58:48,4.9,6.8,user_23,in_progress,documentation,high,35.74,"backend,perf,db",34.3,15,1
TASK-2876,Research optimization for analytics/login flow improvement,"This task involves writing documentation related to analytics. Expected steps: investigation, fix, release.",2025-09-02 19:31:29,2025-09-26 19:31:29,33.4,47.4,user_12,in_progress,research,high,39.14,"ci,bugfix",26.1,24,1
TASK-2877,Fix feature in notifications/endpoint module,"This task involves updating performance improvement related to notifications. Expected steps: design, implementation.",2025-09-13 00:42:23,2025-10-03 00:42:23,17.7,14.7,user_20,open,feature,high,31.67,"docs,frontend,ci",36.2,20,1
TASK-2878,Refactor refactor in reports/user profile,"This task involves implementing a new feature related to reports. Expected steps: analysis, design, implementation, testing.",2025-09-14 09:36:18,2025-09-15 09:36:18,10.3,9.7,user_17,open,research,high,40.68,"api,ci",46.8,1,1
TASK-2879,Update doc update documentation for auth/dashboard,"This task involves fixing performance improvement related to auth. Expected steps: write tests, refactor, deploy.",2025-09-06 15:08:11,2025-10-06 15:08:11,29.7,14.7,user_21,in_progress,bug,high,31.46,"docs,research",29.7,30,1
TASK-2880,Research refactor for payment/schema improvement,"This task involves refactoring an API change related to payment. Expected steps: write tests, refactor, deploy.",2025-08-31 23:55:44,2025-09-18 23:55:44,23.8,18.0,user_3,done,bug,high,38.42,"bugfix,research",8.8,18,1
TASK-2881,Research feature for search/dashboard improvement,"This task involves fixing documentation related to search. Expected steps: investigation, fix, release.",2025-09-10 13:52:21,2025-09-23 13:52:21,10.4,13.4,user_10,open,maintenance,high,33.72,"research,api,ci",0.4,13,1
TASK-2882,Refactor doc update in reports/email flow,"This task involves updating documentation related to reports. Expected steps: write tests, refactor, deploy.",2025-09-04 11:13:08,2025-09-29 11:13:08,26.8,39.8,user_3,in_progress,research,high,35.31,frontend,9.0,25,1
TASK-2883,Fix optimization in auth/dashboard module,"This task involves implementing performance improvement related to auth. Expected steps: write tests, refactor, deploy.",2025-08-31 05:48:34,2025-09-24 05:48:34,38.9,24.5,user_13,in_progress,maintenance,high,38.8,"bugfix,ci,docs",17.1,24,1
TASK-2884,Refactor refactor in profile/schema,"This task involves implementing an API change related to profile. Expected steps: analysis, design, implementation, testing.",2025-09-06 09:08:53,2025-09-19 09:08:53,1.2,1.0,user_4,open,bug,high,34.25,"db,ci,frontend",44.9,13,1
TASK-2885,Implement doc update for UI/search ranking feature,"This task involves writing performance improvement related to UI. Expected steps: design, implementation.",2025-09-13 12:47:18,2025-09-30 12:47:18,14.9,14.8,user_9,open,maintenance,high,33.95,"frontend,docs,perf",5.8,17,1
TASK-2886,Research refactor for database/email flow improvement,"This task involves fixing a bug related to database. Expected steps: investigation, fix, release.",2025-09-04 02:25:02,2025-09-20 02:25:02,32.8,35.6,user_14,in_progress,research,high,42.74,"perf,docs",41.3,16,1
TASK-2887,Implement refactor for analytics/user profile feature,"This task involves fixing documentation related to analytics. Expected steps: design, implementation.",2025-09-08 15:12:44,2025-09-27 15:12:44,2.2,1.7,user_14,open,bug,high,31.21,"security,research",44.4,19,1
TASK-2888,Research refactor for payment/reporting improvement,"This task involves refactoring an API change related to payment. Expected steps: design, implementation.",2025-09-22 21:33:57,2025-10-01 21:33:57,10.6,11.9,user_2,in_progress,maintenance,high,30.66,"docs,security,frontend",23.7,9,1
TASK-2889,Update feature documentation for notifications/login flow,"This task involves implementing a bug related to notifications. Expected steps: write tests, refactor, deploy.",2025-09-02 00:16:08,2025-09-28 00:16:08,24.7,21.2,user_9,done,documentation,high,36.81,api,15.1,26,1
TASK-2890,Research feature for reports/email flow improvement,"This task involves fixing a new feature related to reports. Expected steps: analysis, design, implementation, testing.",2025-09-14 04:18:30,2025-09-27 04:18:30,2.3,2.3,user_15,open,research,high,31.69,api,52.1,13,1
TASK-2891,Research optimization for reports/schema improvement,"This task involves researching a bug related to reports. Expected steps: investigation, fix, release.",2025-09-11 05:17:57,2025-09-13 05:17:57,9.3,10.8,user_15,open,maintenance,high,41.03,"backend,ci,db",4.9,2,1
TASK-2892,Implement bug for payment/email flow feature,"This task involves implementing an API change related to payment. Expected steps: write tests, refactor, deploy.",2025-09-14 13:28:09,2025-09-26 13:28:09,22.5,22.5,user_17,in_progress,bug,high,36.69,"frontend,ci,research",7.4,12,1
TASK-2893,Refactor feature in reports/endpoint,"This task involves implementing documentation related to reports. Expected steps: design, implementation.",2025-09-18 22:50:02,2025-10-02 22:50:02,28.9,25.1,user_1,open,feature,high,33.86,"frontend,ci",10.0,14,1
TASK-2894,Write refactor for profile/endpoint,"This task involves fixing a bug related to profile. Expected steps: analysis, design, implementation, testing.",2025-08-26 15:44:41,2025-09-23 15:44:41,12.5,12.1,user_15,open,research,high,32.96,"security,frontend",23.1,28,1
TASK-2895,Update doc update documentation for payment/reporting,"This task involves refactoring an API change related to payment. Expected steps: analysis, design, implementation, testing.",2025-08-30 06:56:46,2025-09-12 06:56:46,25.4,24.7,user_2,done,documentation,high,41.68,ci,13.4,13,1
TASK-2896,Refactor optimization in search/ETL,"This task involves fixing an API change related to search. Expected steps: write tests, refactor, deploy.",2025-09-17 10:44:01,2025-10-03 10:44:01,4.0,3.6,user_1,in_progress,research,high,31.04,"docs,bugfix,api",1.0,16,1
TASK-2897,Update optimization documentation for payment/reporting,"This task involves fixing a new feature related to payment. Expected steps: design, implementation.",2025-08-30 19:47:35,2025-09-04 19:47:35,3.9,3.6,user_19,open,feature,high,40.49,"frontend,ci",56.6,5,1
TASK-2898,Implement optimization for profile/checkout feature,"This task involves researching documentation related to profile. Expected steps: investigation, fix, release.",2025-09-05 03:49:27,2025-09-28 03:49:27,18.5,27.4,user_13,open,bug,high,35.15,db,47.3,23,1
TASK-2899,Update feature documentation for UI/login flow,"This task involves fixing performance improvement related to UI. Expected steps: investigation, fix, release.",2025-09-21 21:27:57,2025-10-05 21:27:57,13.4,15.7,user_6,open,research,high,28.84,"backend,security,ci",54.0,14,1
TASK-2900,Update refactor documentation for UI/endpoint,"This task involves refactoring a new feature related to UI. Expected steps: design, implementation.",2025-08-26 09:03:15,2025-09-06 09:03:15,14.9,13.6,,in_progress,maintenance,high,44.88,frontend,25.8,11,1
TASK-2901,Implement doc update for API/checkout feature,"This task involves updating documentation related to API. Expected steps: write tests, refactor, deploy.",2025-09-10 05:56:48,2025-10-03 05:56:48,20.7,25.0,user_28,blocked,bug,high,34.05,"db,backend,ci",51.6,23,1
TASK-2902,Fix bug in database/email flow module,"This task involves writing a new feature related to database. Expected steps: analysis, design, implementation, testing.",2025-08-26 13:14:27,2025-09-20 13:14:27,2.9,2.6,user_14,open,bug,high,34.6,"backend,security",46.1,25,1
TASK-2903,Write bug for database/search ranking,"This task involves refactoring a bug related to database. Expected steps: write tests, refactor, deploy.",2025-09-20 19:26:02,2025-09-29 19:26:02,2.5,3.4,user_27,open,maintenance,high,30.32,"research,api",1.8,9,1
TASK-2904,Research doc update for auth/reporting improvement,"This task involves refactoring a bug related to auth. Expected steps: write tests, refactor, deploy.",2025-09-18 10:18:30,2025-10-11 10:18:30,37.8,42.0,user_13,in_progress,research,high,30.16,"security,api,frontend",29.2,23,1
TASK-2905,Implement bug for reports/schema feature,"This task involves writing a new feature related to reports. Expected steps: analysis, design, implementation, testing.",2025-09-02 07:25:25,2025-09-14 07:25:25,18.7,18.1,,in_progress,maintenance,high,39.64,security,17.3,12,1
TASK-2906,Research bug for search/reporting improvement,"This task involves refactoring documentation related to search. Expected steps: design, implementation.",2025-08-25 22:41:33,2025-09-07 22:41:33,37.6,42.7,,in_progress,research,high,50.42,"backend,perf",59.4,13,1
TASK-2907,Update doc update documentation for search/ETL,"This task involves refactoring a bug related to search. Expected steps: design, implementation.",2025-09-22 13:57:00,2025-10-14 13:57:00,16.1,8.5,user_15,done,bug,high,23.82,"db,bugfix",46.1,22,1
TASK-2908,Refactor bug in search/search ranking,"This task involves implementing documentation related to search. Expected steps: design, implementation.",2025-09-01 16:48:59,2025-09-14 16:48:59,35.2,23.3,user_21,done,maintenance,high,43.96,backend,23.8,13,1
TASK-2909,Research optimization for UI/user profile improvement,"This task involves updating documentation related to UI. Expected steps: analysis, design, implementation, testing.",2025-08-29 08:13:34,2025-09-27 08:13:34,15.2,9.8,,done,feature,high,31.97,api,8.9,29,1
TASK-2910,Implement feature for API/email flow feature,"This task involves writing performance improvement related to API. Expected steps: analysis, design, implementation, testing.",2025-08-24 14:51:45,2025-09-04 14:51:45,30.1,31.4,user_20,open,maintenance,high,49.91,"bugfix,backend",21.7,11,1
TASK-2911,Fix bug in notifications/dashboard module,"This task involves updating documentation related to notifications. Expected steps: design, implementation.",2025-09-03 12:17:49,2025-09-28 12:17:49,4.4,6.7,user_17,open,maintenance,high,28.96,"ci,docs,research",39.8,25,1
TASK-2912,Implement bug for UI/dashboard feature,"This task involves fixing an API change related to UI. Expected steps: analysis, design, implementation, testing.",2025-09-20 02:15:55,2025-10-20 02:15:55,35.2,58.8,user_9,done,feature,high,27.67,"backend,research",51.7,30,1
TASK-2913,Refactor feature in profile/ETL,"This task involves writing a new feature related to profile. Expected steps: write tests, refactor, deploy.",2025-09-19 21:03:07,2025-10-05 21:03:07,24.1,28.7,user_23,done,bug,high,32.6,backend,25.6,16,1
TASK-2914,Refactor bug in UI/endpoint,"This task involves implementing performance improvement related to UI. Expected steps: analysis, design, implementation, testing.",2025-09-08 15:59:10,2025-09-29 15:59:10,1.6,1.8,user_22,in_progress,feature,high,31.63,db,20.6,21,1
TASK-2915,Research optimization for analytics/reporting improvement,"This task involves implementing documentation related to analytics. Expected steps: investigation, fix, release.",2025-09-08 17:12:01,2025-09-23 17:12:01,38.9,17.9,user_28,open,feature,high,39.87,"research,security,bugfix",11.7,15,1
TASK-2916,Research doc update for UI/email flow improvement,"This task involves writing a new feature related to UI. Expected steps: design, implementation.",2025-09-12 18:43:53,2025-09-19 18:43:53,13.8,11.6,user_15,done,research,high,38.55,"frontend,api,ci",59.1,7,1
TASK-2917,Write feature for notifications/email flow,"This task involves refactoring an API change related to notifications. Expected steps: design, implementation.",2025-09-08 22:07:56,2025-09-24 22:07:56,7.2,5.5,,in_progress,maintenance,high,33.12,"frontend,security",7.7,16,1
TASK-2918,Refactor doc update in profile/schema,"This task involves updating an API change related to profile. Expected steps: write tests, refactor, deploy.",2025-08-26 23:16:09,2025-09-17 23:16:09,6.0,4.9,user_11,open,feature,high,37.78,"security,api",36.3,22,1
TASK-2919,Fix optimization in notifications/dashboard module,"This task involves implementing a bug related to notifications. Expected steps: analysis, design, implementation, testing.",2025-09-08 00:31:04,2025-09-18 00:31:04,28.8,27.3,,open,documentation,high,39.86,"backend,frontend,db",4.9,10,1
TASK-2920,Write refactor for notifications/dashboard,"This task involves refactoring performance improvement related to notifications. Expected steps: investigation, fix, release.",2025-09-04 04:11:13,2025-09-19 04:11:13,13.2,11.3,,open,research,high,39.12,"backend,ci",41.0,15,1
TASK-2921,Write feature for API/endpoint,"This task involves writing an API change related to API. Expected steps: write tests, refactor, deploy.",2025-08-29 12:53:57,2025-09-12 12:53:57,33.8,13.7,user_3,open,bug,high,46.49,"research,docs,ci",18.1,14,1
TASK-2922,Refactor refactor in profile/email flow,"This task involves updating documentation related to profile. Expected steps: write tests, refactor, deploy.",2025-09-12 09:44:04,2025-10-06 09:44:04,21.7,26.6,user_27,done,research,high,30.36,"bugfix,backend,api",34.4,24,1
TASK-2923,Implement doc update for profile/reporting feature,"This task involves implementing performance improvement related to profile. Expected steps: write tests, refactor, deploy.",2025-09-22 22:15:41,2025-09-30 22:15:41,21.1,14.3,user_10,in_progress,bug,high,35.48,docs,7.1,8,1
TASK-2924,Implement refactor for UI/endpoint feature,"This task involves writing documentation related to UI. Expected steps: analysis, design, implementation, testing.",2025-09-21 11:31:13,2025-10-06 11:31:13,1.5,1.6,user_22,open,documentation,high,27.96,"security,docs,db",33.3,15,1
TASK-2925,Write optimization for profile/user profile,"This task involves writing a bug related to profile. Expected steps: write tests, refactor, deploy.",2025-08-25 03:19:35,2025-09-07 03:19:35,16.0,26.0,,done,documentation,high,43.71,perf,22.7,13,1
TASK-2926,Update refactor documentation for UI/dashboard,"This task involves implementing a bug related to UI. Expected steps: design, implementation.",2025-09-17 05:19:36,2025-10-08 05:19:36,22.0,15.9,user_27,done,research,high,29.48,"bugfix,perf,research",45.8,21,1
TASK-2927,Implement feature for search/schema feature,"This task involves refactoring a new feature related to search. Expected steps: design, implementation.",2025-09-19 02:43:06,2025-10-19 02:43:06,12.7,3.1,user_21,in_progress,maintenance,high,22.89,"frontend,db,security",39.6,30,1
TASK-2928,Research refactor for auth/schema improvement,"This task involves writing a new feature related to auth. Expected steps: analysis, design, implementation, testing.",2025-08-30 01:11:39,2025-09-08 01:11:39,26.5,24.2,user_11,in_progress,documentation,high,46.19,"backend,ci,research",58.9,9,1
TASK-2929,Research feature for notifications/checkout improvement,"This task involves writing a new feature related to notifications. Expected steps: analysis, design, implementation, testing.",2025-08-25 11:18:42,2025-09-07 11:18:42,30.2,40.2,user_22,open,bug,high,46.07,"docs,db,research",37.6,13,1
TASK-2930,Refactor optimization in payment/checkout,"This task involves updating documentation related to payment. Expected steps: investigation, fix, release.",2025-09-21 08:52:59,2025-10-15 08:52:59,39.4,62.5,user_21,in_progress,research,high,32.04,backend,37.4,24,1
TASK-2931,Research bug for reports/endpoint improvement,"This task involves implementing performance improvement related to reports. Expected steps: design, implementation.",2025-09-20 21:16:20,2025-10-03 21:16:20,14.1,8.9,user_16,open,maintenance,high,30.42,"perf,api",34.1,13,1
TASK-2932,Write bug for analytics/search ranking,"This task involves implementing documentation related to analytics. Expected steps: analysis, design, implementation, testing.",2025-09-08 03:56:46,2025-09-28 03:56:46,3.8,4.4,user_25,blocked,research,high,28.88,"security,research,bugfix",25.9,20,1
TASK-2933,Research feature for UI/endpoint improvement,"This task involves refactoring an API change related to UI. Expected steps: analysis, design, implementation, testing.",2025-09-13 23:39:46,2025-09-29 23:39:46,34.1,29.3,user_28,open,bug,high,34.19,ci,6.4,16,1
TASK-2934,Write doc update for analytics/login flow,"This task involves writing a new feature related to analytics. Expected steps: design, implementation.",2025-09-05 23:30:36,2025-09-14 23:30:36,20.5,19.8,user_3,open,research,high,41.62,frontend,51.8,9,1
TASK-2935,Refactor optimization in search/checkout,"This task involves writing performance improvement related to search. Expected steps: analysis, design, implementation, testing.",2025-09-02 22:54:39,2025-09-23 22:54:39,39.3,70.5,user_19,done,documentation,high,42.77,"docs,security",39.7,21,1
TASK-2936,Fix refactor in search/user profile module,"This task involves refactoring performance improvement related to search. Expected steps: write tests, refactor, deploy.",2025-09-13 14:06:29,2025-09-26 14:06:29,18.6,10.2,,in_progress,maintenance,high,33.31,docs,27.5,13,1
TASK-2937,Research feature for database/endpoint improvement,"This task involves fixing documentation related to database. Expected steps: write tests, refactor, deploy.",2025-09-10 15:02:57,2025-09-25 15:02:57,39.3,42.3,,done,research,high,41.78,api,21.7,15,1
TASK-2938,Update feature documentation for profile/reporting,"This task involves implementing performance improvement related to profile. Expected steps: write tests, refactor, deploy.",2025-08-24 19:29:19,2025-08-28 19:29:19,27.6,31.5,user_20,open,maintenance,high,51.9,bugfix,43.8,4,1
TASK-2939,Research optimization for auth/reporting improvement,"This task involves refactoring documentation related to auth. Expected steps: write tests, refactor, deploy.",2025-09-08 20:24:19,2025-10-01 20:24:19,21.9,29.0,user_18,in_progress,bug,high,30.55,"api,perf,docs",56.5,23,1
TASK-2940,Refactor refactor in search/user profile,"This task involves writing a new feature related to search. Expected steps: design, implementation.",2025-09-23 09:13:34,2025-10-07 09:13:34,11.7,12.0,,open,maintenance,high,26.84,"db,perf",39.5,14,1
TASK-2941,Write doc update for reports/search ranking,"This task involves updating documentation related to reports. Expected steps: write tests, refactor, deploy.",2025-09-13 06:33:35,2025-09-26 06:33:35,16.0,17.5,user_19,in_progress,maintenance,high,35.92,"api,docs",16.5,13,1
TASK-2942,Research bug for database/email flow improvement,"This task involves updating a new feature related to database. Expected steps: investigation, fix, release.",2025-08-25 07:18:01,2025-09-06 07:18:01,10.4,9.2,user_20,in_progress,research,high,44.7,"security,db,api",52.7,12,1
TASK-2943,Update doc update documentation for reports/schema,"This task involves fixing a new feature related to reports. Expected steps: write tests, refactor, deploy.",2025-09-17 17:46:21,2025-09-29 17:46:21,11.9,12.9,,open,maintenance,high,32.0,"docs,security",13.0,12,1
TASK-2944,Update optimization documentation for analytics/email flow,"This task involves refactoring a new feature related to analytics. Expected steps: design, implementation.",2025-09-15 05:55:50,2025-09-19 05:55:50,10.7,9.6,user_10,done,research,high,34.85,"frontend,perf",13.3,4,1
TASK-2945,Implement bug for auth/schema feature,"This task involves writing a bug related to auth. Expected steps: write tests, refactor, deploy.",2025-08-31 03:37:56,2025-09-26 03:37:56,39.6,47.0,user_1,open,bug,high,40.93,db,21.7,26,1
TASK-2946,Implement refactor for analytics/user profile feature,"This task involves researching a new feature related to analytics. Expected steps: design, implementation.",2025-09-20 07:46:52,2025-10-20 07:46:52,16.4,14.6,user_14,open,maintenance,high,24.6,"frontend,docs,security",51.0,30,1
TASK-2947,Implement refactor for profile/endpoint feature,"This task involves refactoring performance improvement related to profile. Expected steps: investigation, fix, release.",2025-08-27 22:37:05,2025-09-16 22:37:05,6.7,7.5,user_25,in_progress,bug,high,35.11,frontend,10.7,20,1
TASK-2948,Research optimization for search/login flow improvement,"This task involves refactoring a bug related to search. Expected steps: investigation, fix, release.",2025-08-28 01:09:23,2025-09-07 01:09:23,39.1,38.8,user_29,in_progress,research,high,49.49,security,11.8,10,1
TASK-2949,Implement bug for auth/search ranking feature,"This task involves writing documentation related to auth. Expected steps: design, implementation.",2025-09-20 06:46:08,2025-10-05 06:46:08,34.6,46.3,user_23,done,research,high,34.37,"frontend,api",40.1,15,1
TASK-2950,Update bug documentation for UI/search ranking,"This task involves implementing performance improvement related to UI. Expected steps: analysis, design, implementation, testing.",2025-09-15 09:13:51,2025-10-13 09:13:51,21.6,21.3,user_25,in_progress,maintenance,high,25.25,"security,backend,bugfix",36.0,28,1
TASK-2951,Implement feature for search/checkout feature,"This task involves refactoring a bug related to search. Expected steps: design, implementation.",2025-08-30 05:26:30,2025-09-14 05:26:30,10.9,5.1,user_19,in_progress,documentation,high,41.98,docs,54.6,15,1
TASK-2952,Implement refactor for profile/search ranking feature,"This task involves researching a bug related to profile. Expected steps: investigation, fix, release.",2025-09-21 02:22:02,2025-10-08 02:22:02,31.4,43.3,user_19,open,bug,high,32.42,"api,backend",53.2,17,1
TASK-2953,Research optimization for database/login flow improvement,"This task involves fixing performance improvement related to database. Expected steps: design, implementation.",2025-09-16 10:32:26,2025-10-08 10:32:26,26.2,19.1,user_24,open,feature,high,32.27,research,31.1,22,1
TASK-2954,Write optimization for profile/endpoint,"This task involves writing documentation related to profile. Expected steps: analysis, design, implementation, testing.",2025-09-19 15:18:38,2025-10-18 15:18:38,11.2,9.0,user_6,in_progress,research,high,19.79,perf,33.2,29,1
TASK-2955,Refactor doc update in API/search ranking,"This task involves implementing a bug related to API. Expected steps: write tests, refactor, deploy.",2025-09-08 08:55:47,2025-09-25 08:55:47,13.7,11.3,user_27,open,documentation,high,37.21,security,33.7,17,1
TASK-2956,Refactor feature in notifications/reporting,"This task involves fixing a new feature related to notifications. Expected steps: design, implementation.",2025-09-22 18:00:15,2025-09-24 18:00:15,19.0,26.8,,in_progress,documentation,high,34.07,"ci,frontend,backend",44.6,2,1
TASK-2957,Implement feature for API/login flow feature,"This task involves refactoring an API change related to API. Expected steps: write tests, refactor, deploy.",2025-09-05 00:45:27,2025-09-13 00:45:27,1.8,0.6,user_29,open,feature,high,37.65,"api,research",58.1,8,1
TASK-2958,Implement refactor for auth/user profile feature,"This task involves updating an API change related to auth. Expected steps: analysis, design, implementation, testing.",2025-09-17 16:42:16,2025-09-26 16:42:16,32.4,62.9,user_26,open,maintenance,high,36.02,frontend,7.0,9,1
TASK-2959,Update feature documentation for reports/email flow,"This task involves fixing an API change related to reports. Expected steps: investigation, fix, release.",2025-08-24 17:31:13,2025-09-03 17:31:13,6.0,7.9,user_18,open,bug,high,44.99,"db,security,bugfix",48.5,10,1
TASK-2960,Fix bug in database/ETL module,"This task involves updating a bug related to database. Expected steps: design, implementation.",2025-09-20 21:36:06,2025-09-22 21:36:06,36.5,38.9,user_17,open,maintenance,high,38.89,"api,perf,security",36.0,2,1
TASK-2961,Implement feature for reports/ETL feature,"This task involves writing documentation related to reports. Expected steps: investigation, fix, release.",2025-08-31 16:47:34,2025-09-27 16:47:34,5.1,5.0,,in_progress,maintenance,high,29.75,"docs,security,bugfix",26.2,27,1
TASK-2962,Write doc update for UI/reporting,"This task involves fixing an API change related to UI. Expected steps: investigation, fix, release.",2025-08-30 03:19:36,2025-09-11 03:19:36,15.2,16.5,user_14,blocked,research,high,42.85,api,54.3,12,1
TASK-2963,Refactor bug in auth/endpoint,"This task involves refactoring a bug related to auth. Expected steps: write tests, refactor, deploy.",2025-09-15 10:28:39,2025-10-13 10:28:39,33.4,38.6,user_10,open,research,high,29.45,api,0.9,28,1
TASK-2964,Update refactor documentation for database/ETL,"This task involves writing an API change related to database. Expected steps: analysis, design, implementation, testing.",2025-09-20 03:24:20,2025-10-18 03:24:20,13.7,16.4,user_19,open,documentation,high,22.18,"research,frontend,docs",55.0,28,1
TASK-2965,Fix refactor in profile/search ranking module,"This task involves writing documentation related to profile. Expected steps: investigation, fix, release.",2025-09-11 15:19:41,2025-10-07 15:19:41,31.2,36.4,user_28,open,research,high,29.63,security,45.4,26,1
TASK-2966,Implement optimization for UI/user profile feature,"This task involves writing documentation related to UI. Expected steps: write tests, refactor, deploy.",2025-09-16 15:04:03,2025-10-01 15:04:03,25.5,26.2,,open,research,high,35.47,"research,backend",7.6,15,1
TASK-2967,Refactor doc update in profile/dashboard,"This task involves updating an API change related to profile. Expected steps: design, implementation.",2025-09-08 01:47:14,2025-09-24 01:47:14,25.0,23.5,user_2,in_progress,documentation,high,39.46,"research,security,ci",34.2,16,1
TASK-2968,Update doc update documentation for search/user profile,"This task involves updating a bug related to search. Expected steps: write tests, refactor, deploy.",2025-09-06 09:21:17,2025-09-13 09:21:17,27.4,26.2,user_14,in_progress,maintenance,high,41.57,"api,docs",20.6,7,1
TASK-2969,Fix optimization in UI/user profile module,"This task involves researching documentation related to UI. Expected steps: analysis, design, implementation, testing.",2025-09-04 20:48:08,2025-09-08 20:48:08,31.5,29.7,,done,maintenance,high,44.54,"db,api",11.8,4,1
TASK-2970,Fix bug in database/email flow module,"This task involves updating a new feature related to database. Expected steps: investigation, fix, release.",2025-08-27 16:41:06,2025-09-26 16:41:06,37.2,49.9,user_2,open,documentation,high,37.62,research,21.2,30,1
TASK-2971,Refactor optimization in notifications/email flow,"This task involves implementing a bug related to notifications. Expected steps: write tests, refactor, deploy.",2025-09-23 08:40:53,2025-10-15 08:40:53,9.4,11.1,user_30,in_progress,maintenance,high,23.45,security,49.2,22,1
TASK-2972,Refactor doc update in notifications/login flow,"This task involves updating an API change related to notifications. Expected steps: analysis, design, implementation, testing.",2025-08-25 11:56:43,2025-09-08 11:56:43,30.6,3.6,user_7,open,bug,high,45.97,"perf,security",19.3,14,1
TASK-2973,Implement optimization for payment/reporting feature,"This task involves refactoring a new feature related to payment. Expected steps: design, implementation.",2025-09-05 07:51:54,2025-09-18 07:51:54,35.6,42.6,user_20,in_progress,feature,high,44.47,"db,frontend,api",38.8,13,1
TASK-2974,Fix doc update in payment/login flow module,"This task involves writing an API change related to payment. Expected steps: design, implementation.",2025-09-11 12:21:50,2025-09-14 12:21:50,5.2,5.5,user_6,open,maintenance,high,37.47,ci,42.5,3,1
TASK-2975,Update refactor documentation for API/endpoint,"This task involves researching a new feature related to API. Expected steps: write tests, refactor, deploy.",2025-09-11 05:19:15,2025-09-17 05:19:15,36.5,36.3,user_29,open,research,high,43.98,"bugfix,backend,docs",31.7,6,1
TASK-2976,Write bug for profile/ETL,"This task involves researching performance improvement related to profile. Expected steps: write tests, refactor, deploy.",2025-09-05 17:22:39,2025-09-29 17:22:39,35.4,31.3,,blocked,bug,high,36.8,"security,backend",11.1,24,1
TASK-2977,Implement doc update for search/search ranking feature,"This task involves researching documentation related to search. Expected steps: design, implementation.",2025-09-15 10:28:39,2025-09-29 10:28:39,13.0,17.4,user_9,in_progress,research,high,31.07,"bugfix,perf,db",24.4,14,1
TASK-2978,Research refactor for reports/email flow improvement,"This task involves fixing an API change related to reports. Expected steps: write tests, refactor, deploy.",2025-09-06 21:46:43,2025-10-04 21:46:43,12.8,16.4,user_6,open,research,high,29.29,research,55.9,28,1
TASK-2979,Write feature for search/reporting,"This task involves refactoring an API change related to search. Expected steps: investigation, fix, release.",2025-09-01 01:52:43,2025-09-27 01:52:43,13.8,10.6,user_13,open,feature,high,32.24,"frontend,bugfix",37.6,26,1
TASK-2980,Refactor refactor in auth/ETL,"This task involves researching documentation related to auth. Expected steps: write tests, refactor, deploy.",2025-09-05 07:30:28,2025-09-27 07:30:28,39.8,44.7,user_29,open,research,high,37.37,ci,46.9,22,1
TASK-2981,Implement doc update for API/dashboard feature,"This task involves researching an API change related to API. Expected steps: write tests, refactor, deploy.",2025-08-28 17:16:28,2025-09-26 17:16:28,3.0,2.1,user_8,in_progress,research,high,32.97,db,40.5,29,1
TASK-2982,Fix optimization in API/ETL module,"This task involves researching documentation related to API. Expected steps: investigation, fix, release.",2025-09-08 11:19:24,2025-09-16 11:19:24,3.0,1.8,user_11,open,maintenance,high,38.03,"perf,db",39.1,8,1
TASK-2983,Update refactor documentation for notifications/user profile,"This task involves researching an API change related to notifications. Expected steps: analysis, design, implementation, testing.",2025-08-26 05:19:40,2025-09-07 05:19:40,14.2,11.5,user_5,done,maintenance,high,44.6,"research,ci",12.9,12,1
TASK-2984,Research optimization for API/dashboard improvement,"This task involves fixing documentation related to API. Expected steps: write tests, refactor, deploy.",2025-08-27 19:40:28,2025-09-10 19:40:28,14.9,18.8,,blocked,feature,high,39.69,"bugfix,backend",58.8,14,1
TASK-2985,Refactor doc update in search/user profile,"This task involves researching a bug related to search. Expected steps: investigation, fix, release.",2025-08-28 17:12:53,2025-09-05 17:12:53,13.7,17.6,user_3,in_progress,research,high,43.48,"frontend,api,db",22.4,8,1
TASK-2986,Fix doc update in API/endpoint module,"This task involves refactoring documentation related to API. Expected steps: analysis, design, implementation, testing.",2025-09-09 21:37:55,2025-09-30 21:37:55,11.3,13.0,user_6,blocked,research,high,31.26,"db,ci",42.6,21,1
TASK-2987,Implement refactor for UI/user profile feature,"This task involves updating a bug related to UI. Expected steps: investigation, fix, release.",2025-08-28 11:08:39,2025-09-04 11:08:39,22.4,27.3,user_2,done,research,high,47.56,perf,2.6,7,1
TASK-2988,Write refactor for UI/dashboard,"This task involves fixing an API change related to UI. Expected steps: investigation, fix, release.",2025-09-04 02:03:32,2025-10-03 02:03:32,33.7,38.9,user_30,open,maintenance,high,34.05,"frontend,api,bugfix",28.4,29,1
TASK-2989,Update refactor documentation for UI/email flow,"This task involves refactoring performance improvement related to UI. Expected steps: analysis, design, implementation, testing.",2025-09-22 07:45:06,2025-10-18 07:45:06,12.3,9.9,user_17,blocked,bug,high,22.02,perf,28.7,26,1
TASK-2990,Update feature documentation for notifications/checkout,"This task involves fixing performance improvement related to notifications. Expected steps: analysis, design, implementation, testing.",2025-08-24 22:10:18,2025-09-18 22:10:18,7.0,7.9,,open,maintenance,high,36.65,"research,api",48.2,25,1
TASK-2991,Implement doc update for profile/checkout feature,"This task involves researching a new feature related to profile. Expected steps: design, implementation.",2025-08-25 21:51:03,2025-09-02 21:51:03,4.2,5.2,user_10,open,bug,high,42.24,"db,api",23.9,8,1
TASK-2992,Fix feature in UI/endpoint module,"This task involves researching a bug related to UI. Expected steps: write tests, refactor, deploy.",2025-09-22 15:20:35,2025-10-03 15:20:35,20.9,25.6,user_5,open,documentation,high,30.84,db,27.4,11,1
TASK-2993,Implement optimization for auth/endpoint feature,"This task involves updating performance improvement related to auth. Expected steps: analysis, design, implementation, testing.",2025-08-28 22:01:41,2025-09-21 22:01:41,13.2,17.9,user_29,done,maintenance,high,36.39,db,34.7,24,1
TASK-2994,Write bug for profile/checkout,"This task involves implementing a bug related to profile. Expected steps: analysis, design, implementation, testing.",2025-09-19 01:55:47,2025-10-04 01:55:47,34.9,42.3,user_26,open,feature,high,33.8,ci,48.2,15,1
TASK-2995,Update doc update documentation for API/login flow,"This task involves writing an API change related to API. Expected steps: investigation, fix, release.",2025-09-15 14:54:07,2025-10-08 14:54:07,13.5,14.9,user_28,in_progress,maintenance,high,29.29,"ci,research",11.3,23,1
TASK-2996,Fix bug in analytics/endpoint module,"This task involves implementing documentation related to analytics. Expected steps: design, implementation.",2025-09-05 11:26:51,2025-09-14 11:26:51,17.1,22.6,user_11,in_progress,documentation,high,42.12,"frontend,bugfix,ci",18.3,9,1
TASK-2997,Update doc update documentation for payment/email flow,"This task involves refactoring an API change related to payment. Expected steps: analysis, design, implementation, testing.",2025-09-16 23:17:20,2025-09-20 23:17:20,2.9,2.9,user_10,open,documentation,high,35.7,db,12.2,4,1
TASK-2998,Implement optimization for auth/email flow feature,"This task involves updating documentation related to auth. Expected steps: investigation, fix, release.",2025-08-30 09:41:35,2025-09-22 09:41:35,34.9,25.7,user_27,in_progress,documentation,high,38.58,"docs,perf",55.7,23,1
TASK-2999,Fix optimization in UI/checkout module,"This task involves fixing documentation related to UI. Expected steps: write tests, refactor, deploy.",2025-08-26 10:38:18,2025-09-22 10:38:18,8.2,7.8,user_28,in_progress,research,high,37.13,docs,55.2,27,1
TASK-3000,Update bug documentation for reports/user profile,"This task involves researching an API change related to reports. Expected steps: investigation, fix, release.",2025-09-05 00:27:31,2025-09-09 00:27:31,18.7,14.5,user_12,open,research,high,41.71,"docs,ci,frontend",45.8,4,1
